0.0 0.008863740806108735 0.0 0.0004551257354670659 0.0 0.0 0.0 0.0 0.006052158151384893 0.012587883619400476 0.008812574969701753 0.005465884453476118 0.0024528053440146446 0.0033978080031533764 0.017099180129478298 0.023852985923611236 0.02792739653926573 0.02893045483560331 0.02372100393265262 0.03139157629004744 0.09660032554471398 0.4140271309287246 0.28650020603582566 0.0018617571350308029
0.0 0.013568025817507958 0.0 0.00197911910756144 0.0 0.0 0.0 0.0 0.00872966507164056 0.011440886413274268 0.008834703647062025 0.006150351578681064 0.0026108319025511403 0.005828433072038436 0.01778896302566256 0.02645875907199781 0.029665067853956065 0.031246116057441417 0.02899645823674737 0.042088540116502704 0.13128048874706552 0.5304965844948677 0.10283700425603878 0.0
0.0 0.01190457923467648 0.0 9.14818332849263e-05 0.0 0.0 0.0 0.0 0.006443952754127911 0.011546455439828289 0.008297379293557568 0.006586554084203209 0.002360219806058475 0.003808816247817085 0.018662661756288924 0.025696787262030847 0.029893045163579268 0.029561894718318986 0.027471822145074012 0.034915144971684 0.139447045657787 0.4885926570867742 0.15471950100238577 0.0 0.0
0.0 0.010200101331769039 0.0 0.0 0.0 0.0 0.0 0.0 0.006064847513001678 0.011646417048555851 0.00837890272389785 0.005612473087032216 0.00198405794085317 0.004998124556510919 0.017302016648851587 0.024543729963402573 0.028665262741502672 0.028473440550139503 0.025333331024927897 0.03543287948629831 0.1116271688524166 0.48958679618567297 0.19015044882191917 0.0 0.0 0.0 0.0 0.0 0.0 0.0
0.0 0.011562687510755709 0.0 0.003267940595243668 0.0001094834532571691 0.0 0.0 0.0 0.009682320416211618 0.012012745488815129 0.009036481374014083 0.007073370099625319 0.004015223600546537 0.004678168694476835 0.019116361071214318 0.026042387739730867 0.029983768446151506 0.031619952259784305 0.029025994824978966 0.0421527704572129 0.10552386859507426 0.4656900524318329 0.18940642135657745 0.0 0.0
0.0 0.012612019651698728 0.0 0.001758880009536007 0.0 0.0 0.0 0.0 0.007161867498037882 0.012762269625467827 0.009538096251670476 0.005589398345755283 0.00314932936233561 0.0042353843175506395 0.018227790481325112 0.026311218160303722 0.032264656105025 0.032096698145306767 0.027314104390367272 0.03549570357521293 0.11604376442383899 0.30778758747665946 0.33732105792298595 0.010330172502881341 0.0 0.0 0.0
0.0 0.012500962171787327 0.0 0.0022076350150569695 0.00021736670983433086 0.0 0.0 0.0 0.008600732426165086 0.011643936256678462 0.010527980693863409 0.007106260578818589 0.004381942797700432 0.005259575449663365 0.019119790135048158 0.026422507817905116 0.030735384848048865 0.02958242103029578 0.030275233734872245 0.036316548869973556 0.1147800834198274 0.48682193858046013 0.16349969790052463 0.0
0.0 0.011501026493375094 0.0 0.0023611262271581827 0.0 0.0 0.0 0.0 0.00847201088789229 0.011767976598455842 0.008875538467374825 0.007083579600223668 0.0031348406925192857 0.005821928043249747 0.017387413998842506 0.025093179871340975 0.0312902704941975 0.03038399692941701 0.026201424053986826 0.041964870897442365 0.10927041810889167 0.46394852756788885 0.19544186948145764 0.0 0.0 0.0
0.0 0.010531987993749868 0.0 0.001580162903047657 0.0 0.0 0.0 0.0 0.010122155800184345 0.012777826376568178 0.01007791589309738 0.007335266856852524 0.004070509347008654 0.0063176238809929345 0.019973792575754906 0.027061123279116937 0.031618159002508736 0.03198814275035254 0.028982694152919427 0.03848230087597135 0.09130678927741519 0.42960933374886 0.23816421360636306
0.0 0.010113126931326762 0.0 0.0014658477414662898 0.0 0.0 0.0 0.0 0.010299004435273163 0.012566059486925152 0.009994766477285269 0.006732364558328985 0.0030749667126772676 0.005389176529342208 0.019739054419485886 0.029068108766285725 0.030919917760918274 0.032206293270429884 0.027404133749729342 0.036803434240920835 0.08799178844365987 0.4231222984778929 0.2514332196902648 0.0016764366352173107 0.0
0.0 0.011997604891184715 0.0 0.0019481543789755427 0.0 0.0 0.0 0.0 0.008072971902901006 0.011414415670481624 0.00879353533949163 0.007340290542897385 0.0034441403372152553 0.00547616886646805 0.019216636923817646 0.026969639022805178 0.029285091057977296 0.030136120361593834 0.030029765764611163 0.04680405221228227 0.14546026835262227 0.5133928357850658 0.10021830706957192 0.0 0.0 0.0 0.0 0.0
0.0 0.010165656516839792 0.0 0.0014659053868906942 0.0 0.0 0.0 0.0 0.0076270598445387396 0.011603357770560638 0.009188764679148064 0.00677024547779319 0.0033385179217802975 0.004733102919929964 0.017905674801646197 0.02526391437146084 0.029383538961641458 0.030258742186701104 0.02802331925111929 0.03444248535551775 0.09451866078064643 0.4170167815896871 0.26829427059688904
0.0 0.024393698759046997 0.0 0.006881321216086498 0.002922612283575431 0.0 0.0 0.0 0.014409420232433424 0.017753365382486862 0.014458942769352933 0.011341898562987673 0.005091266237703005 0.007582098783726634 0.029361386155999 0.040198759086518564 0.04634903592904903 0.04477086679220061 0.038775527603766353 0.05555818938220983 0.1321905933398299 0.5079610150402479
0.0 0.013626631117539019 0.0 0.0021688320905949654 0.0 0.0 0.0 0.0 0.008236816651221807 0.012634596972924893 0.009467889041371321 0.007063293031854434 0.003975131730767091 0.004501405317367911 0.020721464348552716 0.028116431783048533 0.032237655533436924 0.031819868821411836 0.02834402228818911 0.04119699452127805 0.12444926642738909 0.3516066674568231 0.27983303120156 0.0
0.0 0.04837222475060937 0.0 0.014074778568526979 0.0 0.0 0.0 0.0 0.04490794142990097 0.06192132487249501 0.045571593063216925 0.03705309582572792 0.01788335917428079 0.026313284769775524 0.09596994709791543 0.14423628544944894 0.16312117618457134 0.15826493169316413 0.14231004899467664
0.0 0.012644106948082283 0.0 0.0019441025467983924 0.0 0.0 0.0 0.0 0.008533546985793906 0.011844528058249476 0.00882111097201075 0.00605965365269419 0.003366358447700777 0.004006857662974112 0.018572311711941607 0.02539501973721152 0.028464549895015786 0.03075106110581465 0.02535030789157753 0.032476178674384924 0.09827749365160021 0.4254411900889582 0.2580516204148995
0.0 0.012735178941537627 0.0 0.002346951738653092 0.0 0.0 0.0 0.0 0.00956223307443967 0.011528811101660959 0.009101559098904834 0.007508907956887524 0.003559876044659419 0.005812997955323194 0.017332226529563885 0.023929083999057237 0.026513636368974233 0.027209641429805014 0.027417014340133355 0.03589388913435026 0.10628349551890615 0.5212116473323368 0.1520528479632449 0.0 0.0 0.0 0.0
0.0 0.016747068585198095 0.0 0.00444879063173447 0.0035190140425158042 0.0 0.0 0.0 0.008191119283982052 0.011932235916638147 0.009741861990703997 0.008632633780769526 0.0036544572318646575 0.007396494999410283 0.019152188142352197 0.025036652340792682 0.03226951257515608 0.030913214171496662 0.02760923664490277 0.04121998637359759 0.10371855230124684 0.4251771514251792 0.22063982793571385
0.0 0.01150597179790128 0.0 0.0042822542400629314 0.0021773074806437096 0.0 0.0 0.0 0.008244487745305793 0.01155508754496653 0.009219602915853506 0.007491125514082488 0.003323740893849666 0.005829648331946918 0.02073986535117387 0.028070514630326733 0.03263711746370977 0.03210774675599591 0.028032979018748412 0.038624725135935026 0.10478621382975328 0.4204503492139074 0.23092126051174125 0.0 0.0 0.0 0.0 0.0 0.0 0.0 0.0 0.0
0.0 0.011448555025160432 0.0 0.0010068340662449816 0.0 0.0 0.0 0.0 0.009569916692671413 0.01373100823096417 0.010425236146696685 0.007333402470790823 0.004253697807103696 0.007197070132526204 0.02326966400530739 0.03347086357065203 0.03829388264528382 0.03769119959126031 0.031586664940413775 0.043215474454321445 0.15128012732067186 0.576226401020106
0.0 0.011035284070094025 0.0 0.001340042679686198 0.0 0.0 0.0 0.0 0.007707097977485668 0.011803927653121013 0.008416681768612516 0.00560099887314908 0.0032020943148964877 0.005522634899515875 0.01737858667854456 0.02408268666783994 0.028637981879686403 0.028878084224953367 0.026416525948910974 0.03286475480410104 0.11833240976989783 0.4473652922232343 0.22141491399503768 0.0 0.0 0.0 0.0 0.0 0.0
0.0 0.007285993888854031 0.0 0.0028185105387971573 0.0018450696112664322 0.0 0.0 0.0 0.008116376444629625 0.011325271353806452 0.009467289442951462 0.008862855976139616 0.005447698119490188 0.006698371180722536 0.021326445077077146 0.02755162732400348 0.0325828257048886 0.03451880910525145 0.025981571386292514 0.05055390365702247 0.29818176363057425 0.4169222368014479 0.03051337931136395 0.0
0.0 0.010196803303969867 0.0 0.0038523245010044925 0.0008510939808398541 0.0 0.0 0.0 0.00776505190280594 0.011815705597949606 0.010206308087730206 0.007248692644045824 0.004126026630363154 0.005434467043791119 0.01947772564479347 0.026662213474538204 0.03355427475091641 0.03122935711921869 0.02667159944850154 0.037314462254344115 0.10796704859591483 0.4566963529028228 0.19893049052181183 0.0 0.0 0.0 0.0
0.0 0.01053311744789696 0.0 0.003002044813421832 0.0024136365562421732 0.0 0.0 0.0 0.008318987282278423 0.011191682854428429 0.010631119650590654 0.008667669702538865 0.005381248740435641 0.007082765140313951 0.021360134736032432 0.029328966201822963 0.036456253532488006 0.031052583545112967 0.02739675652450674 0.045146547340867156 0.3281479959884836 0.39712751739032964 0.01676097111919584 0.0
0.0 0.01757016102604503 0.0 0.00304224961329009 0.0 0.0 0.0 0.0 0.010530763816319615 0.015648336275296194 0.011404463531852909 0.00906992594261385 0.0036115432206742623 0.005871794723595154 0.024162697632681782 0.033439861893533394 0.03661145669241277 0.04053082238670319 0.03463238001246514 0.04455452229334978 0.1360248633504349 0.5732941554560026
0.0 0.010498413791392533 0.0 0.001479188202134899 0.0 0.0 0.0 0.0 0.01009929817917212 0.011825691204399929 0.009052433940316615 0.007915187252285197 0.0032397765399042123 0.0055860394327137495 0.01881414484721991 0.025571486944767872 0.02817600862927457 0.031199234208601854 0.029609854659771243 0.03558264365789498 0.11533313734817556 0.4862362581983956 0.16978120140513536 0.0
0.0 0.012551329569445725 0.0 0.001859053955202052 0.0 0.0 0.0 0.0 0.007330031958043924 0.01159046708939063 0.008704032407820844 0.0061201024148886075 0.0027442651723929468 0.0047227508825000075 0.015953573384827946 0.02318369973202276 0.028925590438287813 0.028340530959194324 0.02739824675212445 0.032433884299341985 0.12445825943567454 0.5326517545044333 0.1310324255476894 0.0 0.0
0.0 0.01183212117044088 0.0 0.00155753789875733 0.0 0.0 0.0 0.0 0.007600163541823964 0.01148400828551064 0.008679933738471158 0.005832970800233536 0.003365075877680918 0.004385939266025646 0.015704953252368332 0.02498648672345223 0.02769804110273398 0.03019859426360705 0.025636003617575318 0.03332380815413098 0.11876864567987597 0.4638704364339768 0.205075278648827 0.0 0.0
0.0 0.01034953226047548 0.0 0.0024684351710660708 0.0 0.0 0.0 0.0 0.009219771498499101 0.011400122017154977 0.009142428659005006 0.006671011292473142 0.0028484080071387724 0.005899148264500831 0.016751334712452187 0.025554889987838364 0.029287113326297527 0.028866132446061094 0.02685046538812739 0.033837212340777856 0.08705174817916528 0.47099364647007697 0.22280859844531337 0.0 0.0 0.0 0.0
0.0 0.012414386314154535 0.0 0.0020109970423283154 0.0 0.0 0.0 0.0 0.007984729690893833 0.012178117709655694 0.009040868131724583 0.006851683564580128 0.003382607700677479 0.006325657130972972 0.020739984713317967 0.027748486015642653 0.0322264630830586 0.031082443600518605 0.028034805840439724 0.04230695075133766 0.11575115301438854 0.4858335729315338 0.1560870911844971 0.0 0.0 0.0 0.0 0.0 0.0 0.0 0.0
0.0 0.013615514537413945 0.0 0.0031827703973698906 0.0015690644092495125 0.0 0.0 0.0 0.009263258844290202 0.012138668034276616 0.009923768105584783 0.007055242451410366 0.0036938222294570426 0.005660747850717072 0.01962958939011349 0.027273773804142244 0.031157328708736175 0.03050699562776678 0.028121916083202983 0.038367575979566415 0.12471878887062923 0.43768722670161264 0.19643394637326042
0.0 0.009746755045729949 0.0 9.098769126127526e-05 0.0 0.0 0.0 0.0 0.005728561165441203 0.012002018517447872 0.00827708262432693 0.005140535361909208 0.0023539524622909957 0.003038384956448039 0.0182771261478785 0.02726874421747181 0.028867665040546844 0.02890879325602049 0.02587656465738097 0.03717096485402032 0.1240761950092909 0.4895496403551006 0.1736260270665361 0.0
0.0 0.013193558805379507 0.0 0.002305717213366153 0.0 0.0 0.0 0.0 0.00804749615728198 0.012057271778002662 0.008587752901022089 0.0059042385670092104 0.002491156093097513 0.004529216135016471 0.01632952958575561 0.022096113567327717 0.028147577533647036 0.02740992711471816 0.0242401619417358 0.032585120854859276 0.07031429250994241 0.42470904048958424 0.2970518271914123
0.0 0.012459695661107707 0.0 0.001966789283406544 0.0003165095676425844 0.0 0.0 0.0 0.009218644887982875 0.011422658857288154 0.009578464159756252 0.008038393579412906 0.0038885252252432645 0.006295813572118259 0.0185001957150565 0.026078370254029194 0.03074663889273371 0.028976779396473563 0.025863801605564073 0.03671262375702994 0.12982251427384378 0.5026658802734313 0.13744769952802752 0.0 0.0 0.0
0.0 0.010251096926359905 0.0 0.0014714440535064015 0.0 0.0 0.0 0.0 0.0074345379766686155 0.011541066777920371 0.008518155300537828 0.0055243870047426615 0.002307000393895662 0.003741734586094913 0.01608712795356111 0.023376443002941262 0.02890653941147248 0.027426141453631012 0.023679649031045632 0.03462982691084904 0.08603287326185041 0.47749142572987063 0.23158054868629066
0.0 0.011467777467386506 0.0 0.0008992484694421907 0.0 0.0 0.0 0.0 0.00699065757285758 0.011215116737078422 0.007916908380231192 0.005646615922097549 0.0025264055421498548 0.004115485843602625 0.01788871821581886 0.024998560454191094 0.028702072894584308 0.028998246732343524 0.02503357718465924 0.03374729552609051 0.10718000220989359 0.5178882522925643 0.1647850570505702 0.0 0.0
0.0 0.008977174950613152 0.0 4.566292945758668e-05 0.0 0.0 0.0 0.0 0.007671568374810047 0.011753841193939548 0.008003755798182112 0.005846747973713421 0.001880386968945165 0.003407809650761022 0.01857882162685444 0.025776204257213747 0.029750702866953593 0.029871197134043518 0.02696069326001421 0.034270709577341955 0.10935574425885933 0.5691958030181539 0.10865317461090813 0.0 0.0 0.0
0.0 0.010277968094144165 0.0 0.002387793836593967 0.0 0.0 0.0 0.0 0.00756765751901916 0.011579041103940304 0.008458246271788273 0.006834136279232903 0.0025464914481584918 0.0038348936207524232 0.015598193669335797 0.022829426587456896 0.02658628357398039 0.02738808397847125 0.02423075644051723 0.03303068756039974 0.08807427261161623 0.3926316023362929 0.31144760613662303 0.004696857379988079 0.0
0.0 0.009678235454121753 0.0 0.002126775277766034 0.0 0.0 0.0 0.0 0.009842686630942697 0.011416015939381902 0.009570875611141557 0.007067086514829647 0.003421892772096698 0.0051713494315879325 0.018721408949964054 0.026035289460690086 0.030975190390426302 0.03092628175700051 0.02723263658043516 0.03700187819977369 0.090339661994155 0.5303142020838669 0.15015853137837676 0.0 0.0 0.0 0.0 0.0 0.0 0.0 0.0 0.0 0.0 0.0 0.0 0.0
0.0 0.012820232997467533 0.0 0.001412329721014359 0.0 0.0 0.0 0.0 0.007654498887653263 0.011681316403490525 0.008870015328868957 0.005770363503922752 0.003123483152400558 0.004973967324369414 0.0163866677389848 0.02378694205224956 0.02615045877727912 0.02801469316209907 0.023809775954937513 0.032306920658633755 0.08794220545906009 0.3567904993119359 0.3408891262182224 0.00761650175369515 0.0 0.0 0.0
0.0 0.009719863471542283 0.0 0.0011615324205729314 0.0 0.0 0.0 0.0 0.0071722783599367295 0.011341415504403245 0.008815429136155455 0.006140094935414545 0.002265885559213239 0.0038203110627980687 0.01822098045999389 0.025256327656324334 0.02926640159152167 0.028602961930411695 0.02497389771164456 0.039674851087213636 0.10617223435916279 0.5385445740411041 0.13885095915652979 0.0 0.0
0.0 0.06029377608114187 0.0 0.01544259741239589 0.002814075760339164 0.0 0.0 0.0 0.04808377702005531 0.06553225346696286 0.054110213216958 0.044613477446482995 0.02509803111682489 0.034046897623823846 0.12572088038236015 0.15306136044395524 0.19304048111497996 0.17814217047804612
0.0 0.015648271300241743 0.0 0.004981633385841989 0.00449874067408854 0.0012633525004657447 0.0 0.0 0.008822277757313873 0.012361724191777702 0.011953445070295911 0.010608660901523985 0.0056784082715551866 0.009418030675162786 0.023977102334598044 0.031953891716466225 0.035801470913884186 0.03376348434549249 0.030906581226323906 0.04381775611422976 0.12430460692181929 0.5291334773735706 0.06110708275838407 0.0 0.0 0.0 0.0
0.0 0.008081001392107604 0.0 0.0 0.0 0.0 0.0 0.0 0.005783547636383999 0.012551743499681123 0.008344401786881967 0.004919573653167483 0.0014746449002516352 0.0027794572003738524 0.016184806995472895 0.025231026015932304 0.028841402847947097 0.02948110799271752 0.024319656888493624 0.036975617984571996 0.09856972206309789 0.5450389864657254 0.15142330109949811 0.0 0.0 0.0 0.0
0.0 0.010677090324666611 0.0 0.0 0.0 0.0 0.0 0.0 0.006756657256363448 0.011823284740218511 0.008672080469716249 0.005824301242243642 0.003081920815564409 0.003484125072031796 0.01619287903183165 0.023526270760401445 0.027403021569387783 0.029781079088442252 0.02568078270928675 0.032236127320504133 0.08280331886563251 0.3904401269795448 0.3115781291380762 0.010038803046360007 0.0 0.0
0.0 0.013069090262495843 0.0 0.0019102973302991245 0.0 0.0 0.0 0.0 0.007475711153596142 0.011868562613738257 0.009086678561239679 0.00672752945289629 0.0036147963946513376 0.004155200197246476 0.017951709873775104 0.02360177086006054 0.02825483661949927 0.028432037548612392 0.025386767015166747 0.036136873236231715 0.09491656443449285 0.42475812822046416 0.2626534446249213
0.0 0.013643240492138959 0.0 0.0032284714224735346 0.0005366375347473455 0.0 0.0 0.0 0.009845163956397111 0.012473886702298067 0.010129108111930156 0.008961831901565869 0.004096986727863845 0.005641648407825702 0.02295057261660457 0.02956656847717072 0.032422593346527 0.03265186108409791 0.02891787849723909 0.039845896781795474 0.1480920546371981 0.38621665036342623 0.21077894726895186 0.0
0.0 0.008876988770635892 0.0 0.0040245464491187695 0.0024734802885692767 0.0 0.0 0.0 0.008030010130885399 0.0118755666520544 0.00923531308081976 0.007466322176381207 0.004309283842359277 0.005657891256386334 0.021308481673987478 0.028233126524633476 0.037375655103062955 0.03347165617165184 0.028488286776659114 0.044677351095151155 0.1681784954001169 0.5050616516014813 0.0712558914649831 0.0 0.0 0.0
0.0 0.009633404626446532 0.0 0.0021548205912251786 0.0 0.0 0.0 0.0 0.007605860479635512 0.011182795108647404 0.009139097121815772 0.006767600442873544 0.0030881510598846844 0.004777966986348662 0.017403955199550937 0.024946363847441144 0.028651614188896495 0.030570645197778835 0.02723625539330022 0.03685691768999622 0.09896572143526401 0.5057015874483204 0.1753172416663985
0.0 0.04873909789632284 0.0 0.011318875019345033 0.0 0.0 0.0 0.0 0.035385923101092565 0.05172695559551046 0.04031310074566426 0.030907030469021716 0.014767137553154737 0.023257740776018804 0.0859507114268301 0.1161736892415965 0.13724887266255714 0.12800595003226506 0.11496927573471524 0.16123563310633415
0.0 0.009184870718252042 0.0 0.0 0.0 0.0 0.0 0.0 0.007530311196647986 0.012166980164596781 0.009195044507157373 0.007121817086792839 0.0026965132934397575 0.006064755709441467 0.01854120039512738 0.02668111466079041 0.028760712474439416 0.030540536771940362 0.029749454033239017 0.03884420900323585 0.09979728592049511 0.49718868342220385 0.1759365090617573 0.0 0.0 0.0 0.0
0.0 0.013207974121105175 0.0 0.004144025648938245 0.0019045367290013901 0.0 0.0 0.0 0.00749728928074673 0.011088900632864426 0.009171959527000933 0.007309466152117165 0.00332264953900439 0.004856483619806867 0.019273317557322613 0.02546400869574348 0.030562525065548938 0.03145957467747336 0.026478911226410773 0.03871940064503633 0.08972346571075923 0.47645102677231704 0.19936448287696815 0.0 0.0 0.0 0.0
0.0 0.014837016025304215 0.0 0.0017291715737557045 0.0 0.0 0.0 0.0 0.013047119986631828 0.015485763116622628 0.01171208398546807 0.009405976473062991 0.004283529139914863 0.006904544460436103 0.025787605128008213 0.033051113599890866 0.03863080651991227 0.038679863201718546 0.03520531055211404 0.05970111011520112 0.17356679140190906 0.5179721926675942
0.0 0.014367449780919724 0.0 0.0030177364529599994 0.0007113102933138535 0.0 0.0 0.0 0.007873599952609441 0.012071063652583067 0.010732039289088597 0.007669594058208172 0.003476655442768401 0.00669362524003537 0.018327464383609063 0.024314033381155373 0.029173797409400404 0.02841918064300865 0.02606097526085793 0.038648640946981734 0.11448056141680632 0.45555095996259387 0.19841131085146838 0.0 0.0
0.0 0.010213106835980295 0.0 0.0 0.0 0.0 0.0 0.0 0.007413808844982653 0.011377920441639088 0.008664031635401852 0.0053659704323584445 0.0024937477146555324 0.004016350396511225 0.016766217094607083 0.024133004185163093 0.029955340792266926 0.02925605166817499 0.02814287314314022 0.035035991237978445 0.08048367876607335 0.48604765482546336 0.22063425045673893 0.0 0.0 0.0 0.0 0.0
0.0 0.010570059646602566 0.0 0.0018529498091909356 0.0 0.0 0.0 0.0 0.00788214650719488 0.011882296853112755 0.00882766366783841 0.006631905969196233 0.0033257400659189094 0.004400144104245923 0.018906820809206873 0.025184607008729643 0.027817130941531976 0.02934674064259455 0.024385316880718388 0.032655837942209505 0.08709568583930151 0.398199223682971 0.3010357280429628
0.0 0.015197144755751756 0.0 0.0022859743546340943 0.0 0.0 0.0 0.0 0.01032164913801744 0.012735084909446671 0.011322003981470735 0.006774354452931093 0.004450079961053432 0.004942929058433376 0.0194584239395572 0.026458452212238647 0.030882343056284643 0.03169726558034756 0.02892258198875394 0.03724985979758922 0.0948001551454626 0.26713115340299437 0.3760390528915883 0.019331489647846648 0.0 0.0
0.0 0.011663273431033369 0.0 0.0022806788132169985 0.0 0.0 0.0 0.0 0.009721844831766994 0.012240576622155105 0.009059070840473816 0.006420698992193091 0.0028063349568417744 0.005764858929768019 0.018767524373189695 0.025289134666951242 0.03151220477243624 0.03042376856361794 0.02519684907758297 0.04093780881158226 0.10213153008163686 0.44213656533358 0.2236472753029081 0.0 0.0 0.0 0.0
0.0 0.10556110936960376 0.0 0.023817518245313102 0.013652764385346268 0.0 0.0 0.0 0.06211754438535794 0.0793103366134182 0.07260540733519137 0.04911590696768209 0.02922708172611097 0.03551159706971596 0.1335803125671666 0.18717089643560614 0.20832951427293336
0.0 0.0078257880648508 0.0 0.0 0.0 0.0 0.0 0.0 0.006879298344769387 0.011543350202741947 0.008161790568866234 0.00544845420352993 0.003039531034587543 0.0040653587315372065 0.016157543697033372 0.021895194364760142 0.02663662038829233 0.02624256762199409 0.024032258717916078 0.03227622637371388 0.11316427878408286 0.5536792047081113 0.13895253268705135 0.0 0.0 0.0 0.0 0.0 0.0 0.0 0.0
0.0 0.010559358483066442 0.0 0.0024879443363906065 0.0 0.0 0.0 0.0 0.009561880265971524 0.012200253658273059 0.010579873712365562 0.006385335196320928 0.0041093895421625256 0.006179823826970942 0.020064528622772373 0.026665788402848323 0.030256109129949648 0.029913239084148852 0.026122302395389107 0.033832928585960306 0.09136140184245767 0.38710435124116643 0.2926154900673053
0.0 0.013483045461463705 0.0 0.00220120761390042 0.0 0.0 0.0 0.0 0.006870230437133369 0.011256102022814466 0.008716933067476887 0.006347545097265891 0.0023257937011007153 0.003855434629118952 0.016155306702852368 0.023322853942559257 0.026433653180345254 0.028818304289623183 0.02409036689289816 0.03279180816004868 0.09492545199624793 0.48853981131935315 0.20986614995127792 0.0 0.0
0.0 0.010838160396092 0.0 0.0 0.0 0.0 0.0 0.0 0.006967065431665182 0.010587310076654734 0.00746594704770933 0.005283361333749743 0.0019516821166706596 0.003327973910555811 0.015707958266883912 0.022852878411666205 0.025219159768622528 0.02567884201796081 0.022899253472849417 0.03213396649675774 0.12879162824018783 0.5580284310102965 0.12226638056848504 0.0 0.0 0.0 0.0 0.0 0.0 0.0 0.0 0.0 0.0
0.0 0.009832269938494533 0.0 0.002429908787164207 0.0 0.0 0.0 0.0 0.007440965306530758 0.011834009943150875 0.00865794604407805 0.005496250765849285 0.003249403734631058 0.0036965810051305453 0.01730585247487403 0.024534995757134716 0.027312733393914268 0.02827059539691312 0.023112801639840183 0.032258797233261007 0.068649850937486 0.4172755257771876 0.30554793934335117 0.003093570975717295 0.0 0.0 0.0 0.0 0.0
0.0 0.01695711410778024 0.0 0.004459282903299199 0.0026130457426244125 0.0 0.0 0.0 0.008924526186221741 0.012329102684950848 0.01047407173078466 0.00803688909486271 0.00514624537192198 0.006250230204170294 0.021202027554647583 0.027212310998820325 0.03240617559210139 0.031559163529310034 0.029654279806816695 0.04222238478047574 0.1113930625450213 0.3196546486748887 0.30950543677826453
0.0 0.013660740000935614 0.0 0.0 0.0 0.0 0.0 0.0 0.006520691180458363 0.011931219760067778 0.008674217024471235 0.004849021377274533 0.0018769291605233236 0.003921774701246406 0.015553950422364016 0.02261068768438017 0.026612633161842154 0.027634807671842374 0.02424137720745611 0.030597593011792525 0.09370297508431759 0.42309967221910233 0.2845117087821143 0.0
0.0 0.009983409313643785 0.0 0.002193175689153607 0.0 0.0 0.0 0.0 0.009695765671642747 0.0117362793997393 0.008965900864606356 0.006470982521383078 0.003122080473317536 0.0047124966262610726 0.018367990658704775 0.02742600506882619 0.031106763357075923 0.030591738939004322 0.027678918739326524 0.03743936139797778 0.10754481309202114 0.46351188684483274 0.19945242974557398 0.0
0.0 0.013422437529611763 0.0 0.002185825022271624 0.0 0.0 0.0 0.0 0.007041824710369959 0.011769585910802021 0.008750566936720917 0.005825304545844712 0.002189399076418619 0.003602800941313725 0.017320626328117514 0.02531178393917323 0.031700518529300566 0.032322712673162855 0.02727395153980764 0.03575280724381862 0.084127440140454 0.4192655238416026 0.27213688949751724 0.0 0.0 0.0 0.0 0.0 0.0
0.0 0.01502941111872533 0.0 0.004309177675683548 0.002222146999241686 0.0 0.0 0.0 0.00895030286485129 0.012036143142701721 0.009541450401360006 0.008005445331030175 0.0034698748491783123 0.005337343014877073 0.018754731750534874 0.026077244422666814 0.03018039907392887 0.03189389494169118 0.026444566569018113 0.03395073425909926 0.08911387135561612 0.3694519148159584 0.3052313457883998
0.0 0.008838246417009329 0.0 0.0005600434814795723 0.0 0.0 0.0 0.0 0.006489860373110731 0.012583019265179442 0.008875886985652302 0.005536596410377241 0.0023294151973025407 0.003460607633634108 0.01656952285642022 0.02406812637919869 0.02804683686710762 0.0287019754812068 0.02590125218456638 0.03163341092213956 0.08150039509421377 0.48101283766754405 0.23389196516720756 0.0
0.0 0.06540446163210435 0.0 0.009390353358463846 0.0 0.0 0.0 0.0 0.04272325746203101 0.06676656666135271 0.057202620512671006 0.036084523549993 0.017211165380910488 0.025269911479793614 0.09622020593622636 0.13495488272427844 0.15779153544185598 0.15672141116946775 0.1342590960551102
0.0 0.014481816536920007 0.0 0.0031384566336642022 0.0005020287213935965 0.0 0.0 0.0 0.008838497145397608 0.01244624123597474 0.009438737658303404 0.0072909563157050085 0.0042180062148617255 0.005523480122519673 0.018703207295983914 0.025243442903013853 0.02873732468562615 0.029865482082493285 0.02624732031685412 0.034545346559724854 0.10354904969202067 0.41280119046415426 0.2544294138045172
0.0 0.010807675517861982 0.0 0.002564419229350225 0.0 0.0 0.0 0.0 0.00827883928447899 0.012024159315080022 0.008909632073938445 0.007234884998284858 0.0038236342294465805 0.004784946490842197 0.016576083986072566 0.023643764158073403 0.02822664007871835 0.02911797771599801 0.02818332534874525 0.038649564575272854 0.09199450531013556 0.4344279958222385 0.2507519502338022 0.0 0.0 0.0 0.0 0.0 0.0 0.0 0.0 0.0 0.0 0.0 0.0 0.0 0.0 0.0 0.0 0.0 0.0 0.0 0.0 0.0
0.0 0.012129147001240903 0.0 0.0022214036438868764 0.0003028254656780434 0.0 0.0 0.0 0.008543338330838451 0.011243084056075473 0.009353082474759572 0.008553414407865478 0.0038610995097492144 0.005857681377770134 0.020796091861153474 0.027850210393942445 0.030679880980382743 0.02982162978137882 0.0272237865601126 0.039404799308778646 0.1816068005874314 0.5099553351731092 0.07059638759807078 0.0 0.0 0.0 0.0 0.0 0.0 0.0 0.0 0.0 0.0 0.0 0.0 0.0
0.0 0.10785432675738543 0.0 0.019233535405592438 0.0 0.0 0.0 0.0 0.05943076949457769 0.0946632287518425 0.0684832496931722 0.047534070129650496 0.02063033204950979 0.040404227067674235 0.13035361340820048 0.1925258219837074 0.2188868124381394
0.0 0.8369558592810875 0.0 0.16304404014626772 0.0 0.0 0.0
0.0 0.01318102476978515 0.0 0.0018706021782048299 0.0 0.0 0.0 0.0 0.009307837247180527 0.011684188083108376 0.009082599520794555 0.006415007699590063 0.0029371158311518124 0.003992864402779637 0.017077096847037874 0.024887350156777607 0.029027002631514344 0.02882274630548686 0.025268938429741494 0.039076030906050004 0.10211027569857836 0.4412690431401863 0.23399027458493382 0.0 0.0
0.0 0.0843723388022229 0.0 0.009566683522099289 0.0 0.0 0.0 0.0 0.0665089609445279 0.09324865899591649 0.07088395261543741 0.05095302184160144 0.023717952731391004 0.03494025666337551 0.1373666122770912 0.2012215923914646 0.22721995704211903
0.0 0.010541114018542741 0.0 0.0024761918622903337 0.0 0.0 0.0 0.0 0.008151912243869288 0.012674754624399652 0.009350026572422227 0.007600394594397074 0.002785275893078989 0.006175431753715447 0.017901853638451856 0.02605801412055797 0.030052210180728338 0.02937979063492318 0.02535894428953458 0.037521267526146776 0.09550128473000569 0.2934710142965318 0.3669274498438585 0.018073067519019777 0.0
0.0 0.016393577419822336 0.0 0.004193241009478645 0.003211258223502509 0.0 0.0 0.0 0.008702139991998798 0.011648654721888406 0.009566753988432325 0.008390493820349114 0.004528780998241407 0.006806953215084617 0.01849904158674746 0.027419671362194586 0.031203873821529057 0.03100626900414994 0.02994937172688939 0.043886346163259156 0.09086439886854442 0.3931882296298857 0.25349211342354727 0.007048829440764114
0.0 0.01074493129560975 0.0 0.002251131409103545 0.0 0.0 0.0 0.0 0.008240511530687044 0.0115423579078492 0.00906554431375977 0.0069442615772070315 0.0035644758638342213 0.00482359308375008 0.018216804513112698 0.02584533289902597 0.028855147247364918 0.029311054698347033 0.024927931861737793 0.033578514401070424 0.12588260918674402 0.4712963498191816 0.18490944683609958
0.0 0.009679588076368739 0.0 0.002347203362587098 0.0 0.0 0.0 0.0 0.007640816347715326 0.01156182745397018 0.010129497507350291 0.0067067571280405615 0.0038270660211904856 0.005170177312491481 0.01727993218122652 0.025047101750804195 0.0291953666013396 0.029052745124995297 0.0289727225848355 0.035987549570705775 0.1062110221782476 0.46700244161899374 0.2041881836127903
0.0 0.012570216802210623 0.0 0.0016904899580927764 0.0 0.0 0.0 0.0 0.00981528277423821 0.011604566851184545 0.00925320455000087 0.00674420064677119 0.003099139334327147 0.006744408221667813 0.019514173691164764 0.02714929732617797 0.03114054743843336 0.030893429524004402 0.02734747369275885 0.036865336235953276 0.09539005199609285 0.4382124713256512 0.2298517653362771 0.0021139427472024602
0.0 0.009551518528508647 0.0 0.004057382055851611 0.0022094270563829633 0.0 0.0 0.0 0.008998021530509178 0.0119934697238976 0.009977667517951611 0.008473442297062858 0.004870685229192301 0.005673314380439469 0.021615205169556142 0.028095255931220597 0.03318183340593312 0.03239476158218915 0.031880235510490865 0.0459265799667331 0.11176699284319817 0.4862444024483315 0.1430898032200422 0.0 0.0
0.0 0.0077091404652048145 0.0 0.003599482082383271 0.0015422840643606205 0.0 0.0 0.0 0.008021202787877742 0.011506269432782072 0.00974117109063271 0.007645905028044506 0.004275020274333438 0.006557290184239721 0.021294950510672758 0.026511629408860867 0.03119655677831472 0.02992672113807532 0.02721686134284727 0.03968276134222954 0.22749236558840155 0.5003085472608015 0.03577183972726849
0.0 0.12110319432678258 0.0 0.028639459701859302 0.00458196773515251 0.0 0.0 0.0 0.07708504920330403 0.11337965292679397 0.0894482310078766 0.06612308345072439 0.03403453547093149 0.058694799853631505 0.17782322507246245 0.229086786562256
0.0 0.012594999573447806 0.0 0.0015623865799539456 0.0 0.0 0.0 0.0 0.006748127295471761 0.0123408032187748 0.008971633157866803 0.0056776168018186505 0.0033040000099780623 0.005587948116706463 0.017390935705082277 0.025274448824725865 0.029271975082361547 0.030423754729407216 0.02765793875034216 0.035884850269119854 0.11570742992331476 0.4468520911601244 0.21474905915330766 0.0 0.0 0.0 0.0 0.0
0.0 0.8211089768756448 0.0 0.17889089160270708 0.0 0.0
0.0 0.010943082694717105 0.0 0.004435535897898816 0.0030448875469204014 0.0 0.0 0.0 0.008335636061911206 0.011609997738763471 0.010525767598426728 0.007024800218266746 0.0038276284872635 0.005172112731388785 0.01960797900948922 0.026226844175052007 0.02859498207235753 0.029453730464308676 0.025852941837628332 0.03499862157819902 0.08579173677806037 0.44012566777179535 0.2444280457661499
0.0 0.010354707810861863 0.0 0.0029201740377792604 0.0002805214707359063 0.0 0.0 0.0 0.010134414282639198 0.012556903646280504 0.009705337948172046 0.008349759411482595 0.0036233263316390765 0.0070415794151872345 0.0211245903562001 0.028603922281735257 0.03281020382859048 0.03193957915682757 0.027172008186231195 0.046957583614241495 0.1296563779905902 0.36176357954868227 0.2477562375973569 0.007249191430652355 0.0 0.0 0.0 0.0 0.0 0.0 0.0 0.0 0.0 0.0 0.0 0.0 0.0 0.0
0.0 0.01775697436619292 0.0 0.004620824257631598 0.0037975365369759466 0.0 0.0 0.0 0.009145938670026095 0.012843816676893135 0.010356903564353887 0.008992149161873254 0.004672562489544605 0.0067444583619648835 0.023747469269721704 0.034875660820508844 0.04418191348130709 0.042190494944601885 0.03480478061954841 0.05279820537389267 0.14013359605413395 0.5483367135959168
0.0 0.010110912107980185 0.0 0.0024135568233489084 0.0 0.0 0.0 0.0 0.007969574912486089 0.012200580221891464 0.00890368154538802 0.0073067464425144195 0.0030566888560833007 0.005235659873166609 0.019328151024028545 0.027301528959301956 0.029727684069864896 0.02984664311816022 0.027291494925237685 0.039889534385341735 0.10685292425829744 0.3348580641290493 0.3277065726852108
0.0 0.00857979832323946 0.0 0.00011749763056669165 0.0 0.0 0.0 0.0 0.008235468893312212 0.012074017632251188 0.008812579962744345 0.004995136759120476 0.0023233188780893495 0.004619254436774301 0.016809001144746132 0.024069445840548778 0.02820260536490189 0.028381463650027878 0.02418332437543713 0.032706669491007985 0.10088544263805822 0.4449156471400967 0.2500893262670812 0.0 0.0 0.0 0.0 0.0 0.0 0.0 0.0 0.0 0.0 0.0
0.0 0.012478729286682215 0.0 0.0023045391266308243 0.0 0.0 0.0 0.0 0.008093061297494954 0.012185721899015461 0.009760093103581639 0.006693051621371944 0.0031810432027473403 0.005358920227563918 0.020241629757165546 0.026312912101016748 0.031118237921875364 0.030843556610973634 0.029933011730687988 0.039261311222755786 0.11256794984478484 0.47981026420013556 0.16985596528083155 0.0 0.0 0.0 0.0 0.0 0.0 0.0 0.0
0.0 0.017597749594272235 0.0 0.003666456557105502 0.0014839089704682864 0.0 0.0 0.0 0.00982526849006371 0.012049832594631792 0.009751305425493169 0.007019869440920554 0.00430667434727243 0.005570693125774244 0.020794703110246598 0.028187436351681208 0.03043703795310729 0.031058802458414306 0.027055926401361008 0.04194541593754346 0.09217756867199613 0.3424087090764385 0.3060532141627054 0.008609425653620004 0.0 0.0 0.0 0.0 0.0 0.0 0.0 0.0
0.0 0.012841114150454247 0.0 0.0013884734696344523 0.0 0.0 0.0 0.0 0.008312261097522046 0.01228147867390369 0.009617884055999911 0.0061091402506282845 0.0027833333328372246 0.0060348460273798345 0.0182526333708319 0.025261638667337695 0.02890417618507112 0.0303977785696806 0.025556201823967627 0.03445106722278498 0.11963246408446614 0.32352971727727303 0.3346457900854643 0.0
0.0 0.010041858715026596 0.0 0.0007068813863905444 0.0 0.0 0.0 0.0 0.007215143067614038 0.011040565796652328 0.008351966301290257 0.0067333107036718 0.0021345493119094548 0.005169317527644515 0.016563671931485967 0.024564188063906423 0.028788251787800048 0.027825602284356644 0.025203722426700496 0.0350638559667753 0.11004063344838522 0.4914258014437489 0.18913067830561767 0.0
0.0 0.011877703882011814 0.0 0.0023467005700441974 0.0 0.0 0.0 0.0 0.008399713220619952 0.013020620875481554 0.009650977472598502 0.006230148254901213 0.002756973027220853 0.004208364708214755 0.017240250704529177 0.02707689682979165 0.0324875730389903 0.03179206722331676 0.02849299612226265 0.03645766110500376 0.11191544498816662 0.3151390980782808 0.34090680822417024
0.0 0.013381105013184055 0.0 0.002341461452492514 0.0003280183434676826 0.0 0.0 0.0 0.008220612825112687 0.0112301072685866 0.009454743794430592 0.008434453659082528 0.00501757726365728 0.006167241719039115 0.019364574992443345 0.027136646904521382 0.029477380969175283 0.029101209550791478 0.02569860114758516 0.03806764110328854 0.12055721560924937 0.5501765552263348 0.0958448516555831
0.0 0.011958571133206336 0.0 0.003228241914892966 0.0014870229808596 0.0 0.0 0.0 0.008096629134576934 0.01132822831256176 0.009481222240839181 0.00760062130466759 0.0038353284627290264 0.0055258771809587525 0.01994837927093001 0.029434759690824232 0.030936612436467083 0.031423871372160225 0.025905842627436084 0.03848174996599734 0.18269420892102844 0.5306818654573822 0.0479509661004153 0.0
0.0 0.056182336400841526 0.0 0.01462295610094136 0.0004366877045491784 0.0 0.0 0.0 0.03684395388762743 0.05056494917262669 0.038636015616672216 0.030992409603352096 0.011930149956245695 0.019294744152766462 0.0861299595207237 0.11525174820955618 0.12498411625628865 0.13037697626408185 0.11771191779855539 0.16604107255256811
0.0 0.10679382955861244 0.0 0.019191406036650673 0.0 0.0 0.0 0.0 0.05749721998513854 0.08648404569526941 0.0658528013062379 0.04830936779364453 0.019002499244818307 0.0431843407081024 0.13010875542560768 0.1978072965914422 0.2257684257620555
0.0 0.011417199679640902 0.0 0.0030141383156932523 0.0005626746482977737 0.0 0.0 0.0 0.008912704435961467 0.012838590907856011 0.009856711488789884 0.007432507276467541 0.003483385899950824 0.0051085043714910565 0.019806137621198528 0.028052803954733464 0.03176852640230212 0.03254291490180752 0.02734322071637167 0.043102860338185625 0.11730452188810077 0.3756427650729174 0.2618098304027 0.0 0.0 0.0 0.0
0.0 0.05729604056128014 0.0 0.0134613150140383 0.0022452241160203497 0.0 0.0 0.0 0.036887176165160546 0.058119956149732185 0.046442613849519546 0.03503954916220078 0.017141980391472304 0.02558389541720957 0.10243530862137605 0.14591574704637372 0.16827093963505046 0.16115339853901478 0.13000684768290843
0.0 0.011786832513282762 0.0 0.002478244133994233 0.0 0.0 0.0 0.0 0.0074722832801497685 0.011696489585119069 0.008324366089700733 0.005675054314611356 0.0022079324472068554 0.0036533396203033337 0.01683704431289525 0.02525083134799777 0.030476242637379136 0.02945426458456607 0.02548267017385617 0.03808291913320595 0.09092113656294605 0.48629145301069965 0.20390889472435217 0.0 0.0 0.0 0.0
0.0 0.008301154908536749 0.0 0.001137981972016895 0.0 0.0 0.0 0.0 0.007820219971897914 0.010825544771173921 0.008156570936574051 0.0059025500447635335 0.0038218028469270394 0.005189346262800144 0.0173685481003805 0.023756312522813478 0.028006496150457548 0.02846364307177573 0.02448445068061838 0.034901876514322236 0.15960961343435276 0.544259222937249 0.08799466340809309 0.0 0.0 0.0
0.0 0.09370785247292794 0.0 0.0 0.0 0.0 0.0 0.0 0.055176830852446 0.09706862987997987 0.0721376145368048 0.04858461242285672 0.016881252635129122 0.0338908573596091 0.14149262664573475 0.20260721807340357 0.23845249191012208
0.0 0.010602858756129244 0.0 0.0015640566913755166 0.0 0.0 0.0 0.0 0.006825091935259107 0.011640530657673391 0.009922661285603939 0.006102344349574327 0.002912701245530133 0.004043260478501357 0.017576719190170457 0.026725493718633267 0.030287488103574515 0.030565487613134604 0.027772963420526892 0.03411886969670105 0.11959195106572454 0.4732207396361284 0.18652678059580854 0.0 0.0 0.0 0.0 0.0 0.0 0.0 0.0 0.0 0.0 0.0 0.0
0.0 0.012148433291542674 0.0 0.0018884017140632352 0.0 0.0 0.0 0.0 0.009324186869445725 0.011592628438920225 0.009582644756937483 0.00808303486486753 0.004989456566648656 0.0059744926044410845 0.020219934471806516 0.02958138316882316 0.03241034641713077 0.03118844654004643 0.02561783080552642 0.04182910070438041 0.21172880698460414 0.4799064790312616 0.06393439129383909 0.0 0.0 0.0
0.0 0.01089466259046228 0.0 0.0 0.0 0.0 0.0 0.0 0.00835753355547123 0.011038513064597234 0.008194696359439112 0.006087442115086354 0.003171677515674719 0.005489926804976566 0.018490348265513306 0.0253399214758453 0.029391071653239894 0.02967591779606942 0.02706452983384931 0.03518628138284938 0.08358118110870928 0.42469911900361684 0.2657394737894937 0.007597702164608124 0.0 0.0 0.0 0.0 0.0 0.0
0.0 0.014146840831997912 0.0 0.002545139855353056 0.0 0.0 0.0 0.0 0.008527173420330944 0.011494334942271965 0.008539164710931453 0.006303923325209679 0.0037445235567100726 0.004520971197697811 0.017706321181342806 0.025360757823132317 0.031874991718043956 0.028860941471949793 0.025982696064287828 0.041664398943941146 0.1453624989202604 0.47866093044400043 0.1447043900390213 0.0 0.0 0.0 0.0 0.0 0.0 0.0
0.0 0.013898642253861802 0.0 0.0027980247094809957 0.0 0.0 0.0 0.0 0.007677167125648274 0.011685416032916385 0.008482893638559946 0.006060670720701569 0.003416305631641106 0.004678504653171741 0.017798365114067974 0.025434484737406674 0.027618816598791174 0.030460328778722442 0.02455297911826877 0.03956444531059779 0.10187289603913144 0.45108533915202714 0.22291471881808145 0.0 0.0
0.0 0.010211321860895885 0.0 0.0 0.0 0.0 0.0 0.0 0.007329411956720826 0.012507787865119076 0.008019965524405854 0.00469637061627918 0.0023191446742996187 0.0043502224940600446 0.016244074887925977 0.02282936387101283 0.02688049051519125 0.02710053329564331 0.0237278330987301 0.030045597327910144 0.07876918022477475 0.36872036965219135 0.33727467478675766 0.018973655746040326 0.0 0.0
0.0 0.010862657884168783 0.0 0.004222478769420288 0.002161849488282107 0.0 0.0 0.0 0.008667711230316346 0.013076458918856016 0.009742720026110218 0.008277209185288749 0.0036629796544708233 0.00576422312645642 0.019249173024185693 0.02640100439891272 0.03110873929514283 0.03110530223424311 0.027990088706254718 0.037872281696428776 0.11873542003478876 0.3232239517130233 0.3034764048583782 0.014399344095867501 0.0 0.0
0.0 0.013337541932184711 0.0 0.0014201610635007204 0.0 0.0 0.0 0.0 0.007885631479396768 0.011933583929625692 0.010648968384681039 0.00749089607789946 0.0034060583226384064 0.005178030267329901 0.017932876563723495 0.02416795859887737 0.02934880165140357 0.03169956915157199 0.026459373967718858 0.039032051058163965 0.09582258599788095 0.47936478063030014 0.19487112933686085 0.0 0.0 0.0
0.0 0.012468998862371936 0.0 0.00281045010086509 0.00030902793529124383 0.0 0.0 0.0 0.008244820234901517 0.011403537203276842 0.008463303793381085 0.007528536123495803 0.0029924381511653485 0.005340718061113413 0.020175254222828246 0.027167820910389412 0.031084758812420163 0.029247404633480197 0.026585668605869788 0.03493678798468222 0.14339319663797018 0.4687727588178673 0.15907451738076245 0.0 0.0
0.0 0.011515975899385557 0.0 0.0016909880311410793 0.0 0.0 0.0 0.0 0.007988129069955366 0.011311259729510527 0.008630121665688146 0.005874195304640432 0.002247992907676629 0.0051656881469591956 0.017736134253810414 0.024164557863472644 0.028129020563440778 0.02783395386083994 0.02356732628754628 0.036572966391619936 0.11892396147339412 0.5163916515199773 0.15225607552825965 0.0 0.0 0.0
0.0 0.05765252145980203 0.0 0.013931417844557283 0.0 0.0 0.0 0.0 0.043166832948264316 0.06325395963637188 0.04515228768669611 0.03367243456244947 0.018493067336554845 0.02804194775726341 0.09664891002808793 0.13726701122756993 0.15886936005026525 0.16032426505425473 0.14352597589510968
0.0 0.012912777003270754 0.0 0.0002871592753934344 0.0 0.0 0.0 0.0 0.006467435332435132 0.012075457557857392 0.008869870232161061 0.005984780980618147 0.0021424552608303097 0.00407157953785288 0.016618073027805446 0.02215385341252772 0.026991618737697964 0.027694054862585905 0.0239511039596757 0.03157037262561607 0.08949514732655688 0.39675186250207833 0.30687927984568314 0.00508311695369322 0.0 0.0 0.0 0.0
0.0 0.06492935387866272 0.0 0.01734868706916736 0.01083005598704863 0.0 0.0 0.0 0.03816810700447992 0.04654753616259623 0.03739114252023156 0.02801188850284241 0.015387366916269787 0.02627170761583221 0.07681077496617124 0.1100418106361493 0.13673049182779437 0.13264253201191012 0.10764653839838356 0.15124200025912657
0.0 0.015910325367108662 0.0 0.0048126354604003194 0.0029868058556043985 0.0 0.0 0.0 0.009027723649910826 0.011729271962262734 0.009975663383179869 0.00831110831532065 0.0037617682395441874 0.005970259529473519 0.019922743750567122 0.026359481438028354 0.033598440353789186 0.030732444264850813 0.027081536612018123 0.044541369215473504 0.12926458933495627 0.4422662917421189 0.17374753992424594 0.0 0.0 0.0
0.0 0.05679192002528072 0.0 0.014880905802816145 0.0005113647827995737 0.0 0.0 0.0 0.05780511842345229 0.07478506969878178 0.05786604729374858 0.048679060912167116 0.023476465595206383 0.04360812683449497 0.11455573672321351 0.15020413853459794 0.17822817121384218 0.17860786468366077
0.0 0.011530301543840413 0.0 0.0018420025288219631 0.00019575433746049596 0.0 0.0 0.0 0.009763966388339007 0.01140521276451539 0.00971763721081122 0.008254014948289964 0.004719999246651686 0.008165978661062692 0.021138582365821997 0.028833554955301845 0.03360013292774435 0.03042675786588267 0.027768949515441448 0.04175382947429616 0.1847960005355208 0.5412798606452043 0.024807462628741395 0.0 0.0 0.0 0.0 0.0 0.0 0.0
0.0 0.01076567997070068 0.0 0.0018134481533970716 0.0 0.0 0.0 0.0 0.007269280074610231 0.011591833869739365 0.008910950942936346 0.006330616676121045 0.0022821920823818042 0.003949268321551581 0.016753677943889687 0.024065962258095118 0.028249163143071014 0.028711527196807946 0.024872462945726443 0.033046840742432686 0.09016822633005592 0.49679511056085623 0.20442375725579798 0.0
0.0 0.009132898096546481 0.0 0.0 0.0 0.0 0.0 0.0 0.007411971334644792 0.012170468334501259 0.008634272124884953 0.0055124886012720324 0.0016852417540708605 0.0038025125422403772 0.016507613235557352 0.026187237075828197 0.029319709437677303 0.03001578134326071 0.025491129461431086 0.034118926388097236 0.10193728392380408 0.46127798057050495 0.2267944841780931 0.0 0.0 0.0
0.0 0.013001477274103466 0.0 0.0 0.0 0.0 0.0 0.0 0.008196016935686555 0.011972624247130685 0.010063833423544487 0.006525488157867192 0.0032749504357506053 0.005067740220432629 0.017376602561006923 0.02289150657798426 0.029645291934663965 0.029245745705150403 0.02544550382080179 0.03449172660880914 0.09887135084928558 0.4858746021890471 0.19805553749992508 0.0 0.0 0.0 0.0 0.0 0.0 0.0
0.0 0.010576988495579519 0.0 0.0021003767236278665 0.0 0.0 0.0 0.0 0.00783694039136142 0.011862356551589993 0.008819486064522632 0.005586160717026969 0.003296101916275651 0.0038379799845848456 0.017163299855431333 0.024619668618632018 0.028503834480420837 0.02931648857390626 0.028483319498624877 0.03452943117890772 0.10644353465232058 0.3064335992328288 0.3568860130628823 0.013704418380832348 0.0
0.0 0.012133879994161033 0.0 0.001959098953022229 0.0 0.0 0.0 0.0 0.007009506011801781 0.011813127671108696 0.008665156993308894 0.005711987595271352 0.0020854290101721216 0.004808596216216998 0.017584632286554266 0.026466206193818047 0.02964249631345597 0.029958522807443728 0.025309372984378038 0.033923434171710495 0.08998952130812146 0.40950197158317025 0.28343705831658533
0.0 0.011623370025810001 0.0 0.0023537793556522757 0.0004700421411980503 0.0 0.0 0.0 0.008176819162936444 0.012208628570381977 0.00912156122833298 0.007464085671670992 0.0036149957615310515 0.005196764964648667 0.019600947306966675 0.025152445317240455 0.028332633559723507 0.029869852574690204 0.025938892279771485 0.039964867277064185 0.14392317740844265 0.48438449784362625 0.14260263799519515 0.0 0.0 0.0
0.0 0.009502844776925682 0.0 0.0 0.0 0.0 0.0 0.0 0.006925943002712176 0.012680680079364156 0.008804854610254148 0.005817832511237135 0.002306258808415862 0.004130633007726443 0.01700126433102319 0.02486905815351471 0.031230023652394707 0.03024538270084655 0.026985710501793526 0.03484582057112713 0.1188489445182703 0.3635644644197247 0.30224028270195186
0.0 0.0681431932027153 0.0 0.012319575680598568 0.0 0.0 0.0 0.0 0.042488858237601526 0.0672672295002847 0.05170330226709386 0.0362145273883071 0.013844660421332285 0.02501286772234258 0.09147097226910916 0.1348561163558985 0.15868653864955332 0.16105868741648496 0.13693346203285878
0.0 0.013094477497957946 0.0 0.002861660970598745 9.851639280083922e-05 0.0 0.0 0.0 0.009248356032386662 0.012062433931017823 0.009431367847646602 0.006786674239529966 0.0035616126090535034 0.006420221395632278 0.01981673396303518 0.02773334818742705 0.03284219156532278 0.03211691633757733 0.02765550557232398 0.037269622938166304 0.15881741483069914 0.3829983996373198 0.2171845444512807 0.0
0.0 0.0106867247580705 0.0 0.0013156870207565174 0.0 0.0 0.0 0.0 0.007354736267922408 0.01145980227141304 0.008583258073728124 0.005768815206045141 0.002272742890315381 0.004930159425055032 0.01830837931200788 0.025646697986941275 0.03222749326362901 0.03205516610243715 0.026113804987467477 0.036823855161664025 0.10793298653428653 0.47211655386517964 0.19640313532782702
0.0 0.013305743606160818 0.0 0.0020535883164604306 0.0 0.0 0.0 0.0 0.009130643515106443 0.012127602827704191 0.009457571808100721 0.006176427930884265 0.002828585177111219 0.0042299146949739365 0.01635709766613747 0.025368070404473992 0.028662509738811365 0.027947272459114582 0.024621367209591044 0.03316592598198054 0.09412504873533495 0.40759654307026977 0.28284608529244565 0.0 0.0
0.0 0.009447842750362832 0.0 0.0017303025761936123 0.0 0.0 0.0 0.0 0.008046990958987811 0.011326311800093462 0.008329570913776518 0.005867762711792466 0.0026135992326011934 0.005229987454606719 0.01667025261935005 0.024319174621008643 0.028460733554800905 0.027527472209671992 0.02513305141159504 0.036210070466470526 0.0790351269759929 0.48873979326590555 0.2213119549612764 0.0 0.0 0.0
0.0 0.011490395575364942 0.0 0.002477800045310274 0.0 0.0 0.0 0.0 0.009331757839716164 0.01122390885748637 0.010082279411473358 0.006895043239528784 0.0033627348225855236 0.005422455530851685 0.017315700773911206 0.025968795951162364 0.029326959706560473 0.029322042018164535 0.02435256624729025 0.03607186180323441 0.1479753668886828 0.5167005232252526 0.11267980660958955 0.0 0.0
0.0 0.012960643859638911 0.0 0.0024114473170265332 0.0 0.0 0.0 0.0 0.008266833522884081 0.01186894580628022 0.009105344460989725 0.006953482489565593 0.003223954018926585 0.005425128065686103 0.02016364590741801 0.026902399216294715 0.030215162957552614 0.029943695184158556 0.025961013874500515 0.03590035623611732 0.14854759976686083 0.49681765084971485 0.12533269493289212
0.0 0.008844634096172662 0.0 0.0006416770660009826 0.0 0.0 0.0 0.0 0.008571580270285005 0.011920432393394109 0.008519412805971885 0.006368077192217668 0.0020897469469554424 0.003622113008392051 0.01839396033431263 0.025467189800487133 0.029451668253934884 0.031375859711056935 0.02551984040338926 0.03378241903610447 0.14090085861651572 0.47562776251642785 0.1689027660044346 0.0 0.0 0.0 0.0 0.0 0.0 0.0
0.0 0.01412479218787432 0.0 0.0028592553568266904 0.0005889302394586956 0.0 0.0 0.0 0.008578757656204573 0.012164797561827713 0.009859623582310639 0.007073685835017339 0.0031192658593335683 0.004750938089226251 0.018337215600984048 0.025554812781029775 0.028690374097329864 0.02898228259844423 0.024622256274175136 0.0385363902562645 0.0908379496464398 0.3651193300067247 0.31200070397955937 0.0041986367874943566 0.0
0.0 0.009883004431336207 0.0 0.0 0.0 0.0 0.0 0.0 0.0063695612485967085 0.011303207909265164 0.00870246469461709 0.006722414295522062 0.002158255974719389 0.0036396172587779573 0.016620667745386997 0.024502134524246787 0.02849407342475894 0.03088947474217358 0.027337851251678442 0.03805628240494042 0.1261352834595052 0.4895361920240467 0.16964951305990675 0.0 0.0 0.0 0.0 0.0
0.0 0.008640546512314993 0.0 0.0 0.0 0.0 0.0 0.0 0.008364337870143006 0.011435794032979955 0.009323879309043274 0.005644726209534106 0.002947824268888949 0.0035590682050447007 0.016025075968521325 0.02341491476986653 0.025562790268441278 0.02703427081204484 0.02363813034742764 0.032374568540748674 0.129109799640943 0.5399691008106062 0.1329551709363754 0.0 0.0 0.0 0.0 0.0 0.0 0.0 0.0 0.0 0.0
0.0 0.009756766965766179 0.0 0.001896368343080616 0.0 0.0 0.0 0.0 0.009367810482622361 0.011928060559209894 0.010386161486841242 0.006705962629498423 0.0030025060313782982 0.0060469315646752755 0.018671636130363604 0.025801679178057285 0.0295449598818389 0.030003319130517785 0.024819343520557268 0.03431600350783439 0.0915546927737729 0.4919439820465105 0.19425381421366666
0.0 0.013856057654390118 0.0 0.0022165602788243623 0.0 0.0 0.0 0.0 0.008759290606480489 0.011719980394191422 0.008551457281752689 0.006916433715408697 0.0026325000338315065 0.00424337157009515 0.017835074924741512 0.023310354392941837 0.027910176204424392 0.027443426942674962 0.0258955359214291 0.03207671012129932 0.09197781755552822 0.35268601569627 0.33120360425645456 0.010765630855539613
0.0 0.015081120701526068 0.0 0.0038353112538245387 0.0030927572954597233 0.0 0.0 0.0 0.00752031912712903 0.010876549407265072 0.009228163391726383 0.007607959260035204 0.003779046951601924 0.0055978946834009955 0.019972036910525046 0.02600885062020205 0.03444112445691731 0.03349718607209395 0.02567083378981928 0.04875002838586417 0.17974001025020103 0.5047756018296582 0.06052520412941347
0.0 0.008623383462191008 0.0 0.0005763510563839548 0.0 0.0 0.0 0.0 0.006956795765197804 0.011376970497496369 0.008594036371264107 0.00749053902846196 0.003203115939844483 0.006123674350328711 0.018156982857872574 0.02517034797764327 0.029324196191067686 0.0314293882879411 0.02681439693080861 0.03767122973448874 0.11912113254330882 0.5017957842364282 0.1575716732761339 0.0 0.0
0.0 0.012133405991234887 0.0 0.002590694643965119 0.00012634427519303662 0.0 0.0 0.0 0.008155385218723771 0.011112209304134263 0.008598292517997817 0.006644186602493898 0.0029790375061976844 0.0047655627619394006 0.017869412129348883 0.024233012738291617 0.029174812860741167 0.02885340426202766 0.02559101497361217 0.03664840939527451 0.1399779582019477 0.5512431106791794 0.08930374447620938 0.0 0.0
0.0 0.008945667134507226 0.0 0.0 0.0 0.0 0.0 0.0 0.007746196710639604 0.011808076240396448 0.00973871101020336 0.0059353057296387375 0.0023510355879335885 0.00472851450683641 0.01615965689302089 0.023747275089375373 0.027750157592423132 0.028209389331002813 0.024720371046979092 0.03207420086781465 0.12420493077957054 0.4925826448820641 0.1792978650354621 0.0
0.0 0.009248214134166153 0.0 0.0006777399359572606 0.0 0.0 0.0 0.0 0.008915316447339844 0.011438924363722609 0.008729013188340157 0.00609463313356158 0.0031150917001248274 0.004270112639010688 0.017556181501267695 0.026724351111516387 0.030040460221342515 0.02982858101023251 0.024979669986186885 0.03331158346531328 0.12489405307980002 0.4812648335867248 0.17891123896564856 0.0 0.0 0.0 0.0 0.0 0.0 0.0 0.0 0.0 0.0 0.0
0.0 0.016527225096075474 0.0 0.004105964459742324 0.0018137326806351834 0.0 0.0 0.0 0.007751930791736455 0.011681763123171011 0.009684392068628821 0.007809406499225494 0.0044944367279823915 0.005398073217429157 0.01984337373281333 0.025176910079024676 0.029956548052058895 0.03169129674454568 0.028254085839040627 0.04038410655197128 0.115711181760207 0.42630485275028457 0.21341071821089044 0.0 0.0 0.0 0.0 0.0 0.0 0.0
0.0 0.011143613118532432 0.0 0.0 0.0 0.0 0.0 0.0 0.00800093943663145 0.012289420170596149 0.009160889397343329 0.006692543752589267 0.003474818856061829 0.005746113949314905 0.01852911066823678 0.029016668241415782 0.03431122019186879 0.033419035325898704 0.027554539993084378 0.038665457532967656 0.1703913270607986 0.43277446643305484 0.15882983423661026 0.0 0.0 0.0
0.0 0.01252810413599462 0.0 0.001962255007932508 0.0 0.0 0.0 0.0 0.008170037810837204 0.01133572362485896 0.008868734091961346 0.006569713516161895 0.0028928061619188775 0.0044903790673648525 0.016032322670315166 0.023836380975614607 0.029896986823768023 0.02894411138969323 0.024446865033764104 0.03478410279659206 0.11344700311832391 0.5142341101062202 0.157560362167519 0.0 0.0 0.0 0.0
0.0 0.010464255465663513 0.0 0.0033874069249854545 0.0 0.0 0.0 0.0 0.009218669969105153 0.012992338771816207 0.00942670875964696 0.007112368874232541 0.004025492804978697 0.005519086788618827 0.019871103660922766 0.028030365389119016 0.03195730107545284 0.032131062371262925 0.02744400646092905 0.04491389580272647 0.1613826211353938 0.3830646499972724 0.20905866407976337
0.0 0.012569286381737425 0.0 0.0022194702448824614 0.0 0.0 0.0 0.0 0.007837764802425885 0.011657227904302252 0.008810545475478652 0.007089952233395804 0.0025548875367830746 0.004147700560669874 0.017080348930958278 0.024134228572898087 0.030061614367616063 0.029349805019673793 0.025570172070863425 0.03640973144537369 0.08862994098517428 0.420225341821025 0.2716519800949531 0.0 0.0 0.0 0.0 0.0
0.0 0.009121765912332915 0.0 0.0 0.0 0.0 0.0 0.0 0.0055800577667522 0.012259191689025454 0.00870306740201391 0.004849961085922371 0.0014068108181435164 0.0029850095751292965 0.017685168023356065 0.024746543794656663 0.03087887537557953 0.029783617356526543 0.026459388361045902 0.035282518907946606 0.09724629439980154 0.4618976437780861 0.23111408415722784 0.0 0.0 0.0
0.0 0.012753949129714552 0.0 0.002251426720691972 0.0 0.0 0.0 0.0 0.008332159140174496 0.0115849079713051 0.00881962658373007 0.006376674581408894 0.0036710955601269323 0.0049352144914782655 0.017437856732359654 0.022884469422483282 0.029187823521055582 0.028003952992178945 0.02384757477361107 0.03373921768042676 0.11117551870934254 0.5228608265710307 0.15213770389951908 0.0 0.0 0.0
0.0 0.011245150305947598 0.0 0.0 0.0 0.0 0.0 0.0 0.006694611754950059 0.01487059564963637 0.010208614504242349 0.0065543598780314904 0.002715252986154599 0.004415628212783675 0.022120683646771402 0.030795415475049298 0.0364147287867649 0.03717128623188266 0.03158470808769342 0.041511432373134295 0.16281576233414907 0.5808817678139859
0.0 0.008146044832592389 0.0 0.001341257937573124 0.0 0.0 0.0 0.0 0.008087126411874911 0.010891088169680476 0.008727923199477117 0.007255544077238938 0.003205596488345316 0.00679287376805982 0.018351985595612616 0.02533976952924833 0.0307499636586311 0.029085778804453788 0.025662564809090536 0.04193033458249899 0.18248084699379574 0.5074631838785055 0.0844881157909891
0.0 0.015521486219958261 0.0 0.005682991781443886 0.004698790025047983 0.00014172248199163153 0.0 0.0 0.008219844443260495 0.012115052403205345 0.010949207344745589 0.008730233437153428 0.0037494862544755 0.006735418385977526 0.020673533474931775 0.02678451358319645 0.031334784826830844 0.03083565555141982 0.026792642957110976 0.04265550336922528 0.11245011813667133 0.419528826530132 0.212400187195702 0.0 0.0 0.0
0.0 0.012347201557994389 0.0 0.0014196245422945892 0.0 0.0 0.0 0.0 0.008270940499049112 0.01197043589415697 0.009480985796175076 0.007141236820970305 0.003044302860628157 0.005271915596910897 0.01802373364932465 0.024850991328032614 0.027553743422138115 0.028814906743314644 0.025654477320084586 0.04168121102119075 0.11895145582811852 0.4986845011845584 0.15683833437362332 0.0 0.0 0.0
0.0 0.8676835898570809 0.0 0.13231630476899794 0.0 0.0 0.0
0.0 0.01394421486216852 0.0 0.0029095705515340036 0.00016243782099758868 0.0 0.0 0.0 0.007791918287101627 0.011791315480337485 0.008923179974038797 0.00792887050418607 0.0035109949086674593 0.005152854089214757 0.019603359018979916 0.026798591117562925 0.02946133419345173 0.03234947530056862 0.02707876524959589 0.03953633184856985 0.1124375069947381 0.4552061966499504 0.1954130815424115 0.0 0.0
0.0 0.008504233615034511 0.0 0.0006057233240540415 0.0 0.0 0.0 0.0 0.006053443272015128 0.011640972280416932 0.008232723148340084 0.0054958141688041225 0.0026044279911488833 0.0034684568599152627 0.018257309833436104 0.02643036496464549 0.03040004516202991 0.03102619353797814 0.026330374560862846 0.040570665571062293 0.09686384765927832 0.4656102025941694 0.2179051998470587 0.0 0.0 0.0
0.0 0.012234945453412815 0.0 0.0025271311554536215 0.0 0.0 0.0 0.0 0.008263766650188832 0.012270977375416612 0.009394920587459527 0.007726297447027777 0.0031266201700053697 0.0047045006709326926 0.018808209453355196 0.028060853512199793 0.03144479678180537 0.03171825482559753 0.028677815082897233 0.04386636298869228 0.11393303291971904 0.4587744345239406 0.18446707879893826 0.0 0.0 0.0
0.0 0.012505922661377955 0.0 0.001758115683885036 0.0 0.0 0.0 0.0 0.007362053650325224 0.011465424610999584 0.008635866093612323 0.005884260614161783 0.0024819686332421265 0.004604966192441132 0.01931460941468762 0.026177814617366055 0.028575931001207026 0.0299494041898432 0.025683092140802447 0.03608650802072034 0.1183725109831648 0.5345603963038406 0.12658115363276531
0.0 0.012197026133839415 0.0 0.0016189902207816261 0.0 0.0 0.0 0.0 0.007985292798049584 0.011538731786260054 0.01005916574512327 0.0065975967377347065 0.0030467990114728676 0.00676289380072852 0.018771506087649808 0.026214237746460426 0.030549972588864622 0.02908470381349325 0.02983652180154931 0.040333861420202656 0.13618073293942162 0.5045283911634003 0.12469357466364547 0.0 0.0 0.0
0.0 0.016112087630430722 0.0 0.002696693987286837 0.0 0.0 0.0 0.0 0.011223590896793532 0.01589706810267231 0.012064737768224535 0.008810484657150279 0.003988858203215964 0.008535973748612069 0.024523715030739107 0.03563935184285807 0.041549104056048614 0.040571868072436346 0.037836105592356804 0.05271764678001603 0.18524533736320856 0.5025873741381027
0.0 0.8216002339335352 0.0 0.17839965769527918 0.0
0.0 0.012101159508668764 0.0 0.0018091457336996705 0.0 0.0 0.0 0.0 0.007980467061369442 0.012004811620084434 0.0096530425581385 0.00795885385537379 0.003466070288196015 0.005299833291536356 0.02011275646620701 0.027013285578975692 0.030420684898959636 0.03275142551539044 0.028432625390004716 0.041228457417746445 0.14157759825475572 0.5070213215131542 0.11116845950881338 0.0 0.0
0.0 0.011640506503913548 0.0 0.005045183915406063 0.0044303985837665615 0.0003298880343858365 0.0 0.0 0.009032557053205086 0.012273451471042597 0.01035316610075047 0.009647594602004166 0.005518895782455474 0.007653145376455456 0.022554987898473187 0.034489531569089835 0.039550340938048746 0.036377196853409996 0.0376554934698511 0.05797611357231315 0.1724198779268729 0.43937334149686186 0.0836783272396933 0.0 0.0 0.0 0.0 0.0
0.0 0.03948906789910077 0.0 0.02618166611335024 0.019411713612086514 0.0010194063452822915 0.0 0.0 0.03428169736162406 0.05027496227721513 0.04285510315491762 0.03774223715770842 0.020253335170057483 0.035964689935306535 0.10298965496857937 0.14948157945333593 0.16604507855145317 0.15384021303267306 0.12016958824186683
0.0 0.01470849776664317 0.0 0.0032881787168647677 0.0011407125555018048 0.0 0.0 0.0 0.009386022088736741 0.012857835262029249 0.009747581316833242 0.007201536680238427 0.003568240628368661 0.005377198695946538 0.022041781986889115 0.02927033034863501 0.03375750538336622 0.03266039632854021 0.029222566399327403 0.04058401447627362 0.13464151309305958 0.369473900654984 0.24107218594086752
0.0 0.008724523869120177 0.0 0.0 0.0 0.0 0.0 0.0 0.006492014949068709 0.01158616950807104 0.008139706573153067 0.00538818078674069 0.0027023988712018315 0.004880781084073364 0.016406104707521445 0.023725947203413384 0.02791841982245188 0.029666695496743965 0.02415993367105505 0.03928635180458301 0.15656642678357807 0.5071319310032995 0.12722441234768794 0.0 0.0 0.0 0.0 0.0
0.0 0.012492077488660384 0.0 0.0027066503229305648 0.0 0.0 0.0 0.0 0.007854339947278624 0.011816576611827407 0.00859051290612915 0.005962630898127409 0.0022997425734974284 0.00385946778657946 0.017150342457712513 0.02438156599060284 0.02829879561128626 0.03054798610065497 0.028422906307288602 0.03328868512654169 0.08205311055126453 0.44404701591024176 0.25622759180194077 0.0 0.0 0.0 0.0 0.0
0.0 0.2217170809942714 0.0 0.017276672150160353 0.0 0.0 0.0 0.0 0.14421856968146055 0.21142467199397807 0.1610963768624477 0.1025186654507127 0.0490766843661938 0.09267125010037758
0.0 0.009124555763429095 0.0 0.0004275305986807603 0.0 0.0 0.0 0.0 0.0056149917863907665 0.01150628363835877 0.007479121770176735 0.005839253223765464 0.002557419170320515 0.0033428272702512793 0.017134707307655223 0.023578236573264633 0.027902906146615922 0.028457625908237368 0.02383559598370651 0.04034214456826691 0.11350301505834094 0.5559250265776725 0.12342875713351913 0.0 0.0 0.0
0.0 0.017203652712700777 0.0 0.004855312094593499 0.0033493145296242663 0.0 0.0 0.0 0.009308970548029403 0.012430327624181559 0.010339320697715936 0.008927964001311052 0.004068705405049859 0.006063142062135813 0.02180350712791553 0.03125997660970295 0.03473443909221169 0.034049389045583404 0.02872382935227475 0.0404281760696745 0.0973337107308499 0.4325803826836232 0.20253987793126485
0.0 0.01003509740959897 0.0 0.0024965780575996587 0.0 0.0 0.0 0.0 0.008591156093958519 0.011643868917213486 0.008364239901762865 0.005689019261128611 0.002334805659269469 0.004304117778657678 0.018839124772856573 0.0260314158475902 0.029006370024874755 0.02983700862297047 0.025436518024867703 0.035130956294674054 0.10619842892360139 0.44299300586722573 0.23306828698165521
0.0 0.010525736735306816 0.0 0.0025663965427296285 0.0 0.0 0.0 0.0 0.008557922745418584 0.011819789795729263 0.009525344800835542 0.007479073077368856 0.0048562809982033595 0.006419276590761926 0.021160397488152436 0.02772763302277737 0.030496186053868918 0.03132690946636192 0.02836541505748905 0.04317762395078705 0.11399253992955237 0.5093228290276671 0.132680643139399 0.0 0.0 0.0
0.0 0.0081781664238271 0.0 5.3695404587874325e-05 0.0 0.0 0.0 0.0 0.007075084434099322 0.01128897088087334 0.007982936196452971 0.006488622135850144 0.0030228061767041082 0.004915047212811496 0.018852215988127852 0.02627098732293671 0.03157859424025318 0.031162261950665453 0.030949012217271556 0.041503744964319245 0.16208032767003347 0.5210006101222338 0.08759691513594414 0.0
0.0 0.008862009492348622 0.0 0.00030437818454160385 0.0 0.0 0.0 0.0 0.007144294842522927 0.01181122909059073 0.008671070155678504 0.005631791807876957 0.003456759298303108 0.004016257261886521 0.017825134829145994 0.026815337165282234 0.030464077654181198 0.02873927167602224 0.02857674246360672 0.04341276477161209 0.16182617386751916 0.5134759820807221 0.09896672385455427 0.0 0.0 0.0 0.0 0.0 0.0 0.0
0.0 0.014743029235046558 0.0 0.002954980464722139 0.0 0.0 0.0 0.0 0.00855896732977106 0.012486159175420012 0.009809717391442227 0.00820435551380639 0.003070411364599401 0.006325537455070302 0.019621305951907655 0.02764423392866709 0.032002970451808985 0.03231326843381201 0.02794139579840588 0.03651338545313571 0.09953367543074806 0.2976615982983252 0.34961458094146236 0.011000425684929701 0.0 0.0
0.0 0.012605772046707271 0.0 0.002003340985461116 0.0 0.0 0.0 0.0 0.008084023386380822 0.012062854189383614 0.010557235884363964 0.0074017657281441 0.0033251079976861168 0.006807643462617131 0.018881412623063056 0.027016304572383736 0.03061531837136543 0.031063168030183712 0.027468844070416703 0.03742159446398135 0.1355206405438871 0.5055952292621326 0.12356974277197122 0.0 0.0 0.0 0.0
0.0 0.008166233051156279 0.0 0.0 0.0 0.0 0.0 0.0 0.00807502839651771 0.011834838018688395 0.00813938126734262 0.00630134809957011 0.0031452465615674 0.0041114080220558515 0.016516680765565252 0.026026405684392327 0.029895370664338287 0.029270878156869438 0.02508104007349573 0.03350663850371 0.10467698299196006 0.5355942268129249 0.14965829139623488
0.0 0.013007226167398776 0.0 0.0027326713313015638 0.0 0.0 0.0 0.0 0.007770842174380616 0.012619202135757112 0.009205633091187342 0.007225699494548718 0.0022728575160423634 0.004469027065190277 0.018601855749623825 0.026133641461202454 0.030229263687916008 0.031141493805741837 0.025577722778161345 0.0369683475130698 0.08960867105006673 0.3974313066110852 0.2818274745326654 0.0031770621489606355 0.0 0.0 0.0 0.0 0.0 0.0 0.0 0.0 0.0
0.0 0.06411226430796516 0.0 0.023670020780178783 0.00780173431402708 0.0 0.0 0.0 0.04038571153819974 0.06257349424752005 0.04683112575364898 0.03428607613236011 0.02040689713691259 0.02684406177469591 0.095024518975821 0.1321172421205996 0.15465547200518545 0.15709331813078714 0.1341980541988459
0.0 0.010123513123607106 0.0 0.0020185252912418997 0.0 0.0 0.0 0.0 0.009170921042775974 0.011248822998446716 0.009136467499762687 0.006037190148943297 0.0025173815386273024 0.005443108449395434 0.017985492083190478 0.022901355555931233 0.027070335528300987 0.029160952214084407 0.02470906387072083 0.030941768312087014 0.07840636216151758 0.4445511174833791 0.26784089821951923 0.00073672296825441 0.0 0.0 0.0 0.0 0.0 0.0
0.0 0.01213915793157633 0.0 0.0022502281874538003 0.0 0.0 0.0 0.0 0.008064270080956022 0.011897378968221864 0.009448635056330751 0.006204279359373584 0.0026722999812834568 0.004632839304515223 0.01700643071868601 0.0237630996184078 0.02789012160803242 0.028881350820814188 0.026056567576789102 0.035445089377635026 0.07452842119048893 0.3401830366417153 0.345363172932825 0.02357361906998519
0.0 0.009285393125433276 0.0 0.005493245396236919 0.004491562913030908 0.0 0.0 0.0 0.0076271392632636355 0.011834605189929268 0.009567242940046381 0.00883086291582386 0.0047701327648340276 0.005995454234790109 0.020806415711764246 0.027795539787048084 0.03319432452422787 0.03145379920735378 0.02744257493102539 0.042592836643872665 0.1864806626043664 0.4731699318260547 0.08916827449761425 0.0 0.0 0.0 0.0
0.0 0.010217329942175718 0.0 0.0019268983725262828 0.0 0.0 0.0 0.0 0.0074183129804849665 0.01184093511579865 0.01000846289230375 0.006338816041996319 0.0024238644236471533 0.005110720795653858 0.017717875905300627 0.02507391157953629 0.028206232052760488 0.029187581090848274 0.025283050376333653 0.033670046625166455 0.11198466308756676 0.426930582823174 0.24666071430893316 0.0 0.0
0.0 0.008841609216150303 0.0 0.0037688542167403187 0.001631330620658967 0.0 0.0 0.0 0.008096922557720935 0.011681882921861828 0.009429070464548163 0.0073271799672044976 0.004487503905237624 0.005168592248198463 0.02003255599252395 0.028728125885335083 0.03305049969629591 0.0338111986965631 0.02826276438159914 0.040886477463545706 0.18769071713808594 0.4900127520738024 0.07709196104044874 0.0 0.0 0.0 0.0 0.0 0.0 0.0 0.0 0.0 0.0 0.0 0.0 0.0
0.0 0.06922643365679834 0.0 0.01754885103336524 0.0022246164090070557 0.0 0.0 0.0 0.052871729048164354 0.07568522051862317 0.05920030353050827 0.039816134664139725 0.015952689689459922 0.025012377734805455 0.11307595440790864 0.15973586136424023 0.1832581960107196 0.18639162195121506
0.0 0.057685390856943346 0.0 0.0117094961886711 0.0 0.0 0.0 0.0 0.034823235096045735 0.057145266629631646 0.04147796263597237 0.025956471433405442 0.01566567762022017 0.01721185402422635 0.07899979992223839 0.1136929812249983 0.13171790980509268 0.14117689772693884 0.11472449455829122 0.15801255475014692
0.0 0.00811521738288632 0.0 0.0 0.0 0.0 0.0 0.0 0.004947757971044945 0.011803173458660082 0.008596995223928493 0.004514520312845626 0.0011121863830022393 0.0037795237310052853 0.016036864260359916 0.024815106071683638 0.029977234110925625 0.029989203893367906 0.025933784940231495 0.03401782658797969 0.09012783441885032 0.4429436643905914 0.26216961189789045 0.0011194933803708499 0.0 0.0 0.0 0.0 0.0 0.0 0.0 0.0 0.0
0.0 0.01199405884153686 0.0 0.0024510523181735127 0.00024435095905130447 0.0 0.0 0.0 0.008535240821385612 0.012100062808436033 0.009194966928371935 0.007778748201945054 0.003477054235127823 0.0054612331935705565 0.019001085752372436 0.02883193326579143 0.034554846596519306 0.03558896410652602 0.029203042627503863 0.044776770217498776 0.18686248480721884 0.4308345888793241 0.12910951383779887 0.0 0.0 0.0
0.0 0.08994598818243978 0.0 0.009606637482418747 0.0 0.0 0.0 0.0 0.05573071189989759 0.0856821717060387 0.06446501900094173 0.049108780069679905 0.0267231464909689 0.045621846854602764 0.14789526987011029 0.19345169407852997 0.23176872291602885
0.0 0.25361337822148977 0.0 0.045097484705956564 0.0 0.0 0.0 0.0 0.20109690268417205 0.28921050047163677 0.21098169366937838
0.0 0.013251880055146627 0.0 0.002931024242367054 0.00015389770178942178 0.0 0.0 0.0 0.009390828707425128 0.01281370678488348 0.00969673749321479 0.008609517393665821 0.0038114081449621955 0.0054483006261148844 0.020824776438369302 0.02672209209830916 0.03185893728233419 0.03215745052639026 0.028032033716596856 0.03932383108585224 0.11442729307880213 0.35727708670049013 0.2770222274116347 0.006246968823534652 0.0 0.0 0.0 0.0 0.0 0.0
0.0 0.22627326035909168 0.0 0.05405599020205631 0.0 0.0 0.0 0.0 0.1826149960376943 0.22087886159346848 0.18657304416335266 0.12960381619511646
0.0 0.008462889084775748 0.0 0.002036027928943081 0.0 0.0 0.0 0.0 0.007945187176883972 0.011011604939244933 0.010333367823531506 0.0077470525870773025 0.0045341541276396015 0.006043307962131387 0.020593676328522527 0.027678455354245377 0.034724680476176176 0.032619246743195385 0.029809650204500993 0.0423542720234135 0.18928889359121523 0.5149159330249258 0.04990159915100575 0.0 0.0 0.0 0.0 0.0 0.0 0.0
0.0 0.013114689940757282 0.0 0.002193079447758785 0.0 0.0 0.0 0.0 0.008038540064570358 0.011848255078472751 0.008455773193435753 0.005520720576641849 0.00339465023826329 0.005043892707492579 0.017072494153764932 0.0225392157403843 0.026253464923264656 0.027168603247263917 0.026153778963920484 0.032021249531760214 0.06845733617912766 0.3023804246971048 0.3992514651879093 0.021092364563421905 0.0 0.0 0.0 0.0
0.0 0.010392130151186568 0.0 0.0 0.0 0.0 0.0 0.0 0.007447247836598282 0.01275792258233605 0.008915591518733293 0.00610672145256595 0.002201713973317373 0.0034598721340778076 0.016547315463225933 0.026092949118544727 0.029889316679778476 0.030256665795796903 0.025685390910526757 0.03500429361922987 0.0822822301289953 0.43232260614703394 0.2706380308823483 0.0 0.0 0.0 0.0 0.0
0.0 0.008514776329244468 0.0 0.0014023311420432736 0.0 0.0 0.0 0.0 0.0068035957152738245 0.01082515267903089 0.007919504191589344 0.0061771861649175756 0.003446820873299349 0.005486381516058335 0.017498712263620972 0.02595618657293143 0.02984895333968251 0.029178280356037544 0.028751941524146295 0.04338891899784524 0.14182202937923605 0.5574581379691571 0.07552108951898764 0.0 0.0 0.0 0.0 0.0
0.0 0.010406504502072159 0.0 0.003083862148599669 0.0012223244669811652 0.0 0.0 0.0 0.008305913837442324 0.011266903420911254 0.009287633519151255 0.0075096884079343595 0.004303093787463616 0.00654095429375591 0.02046765756626107 0.02726345227575209 0.03296142232048571 0.03154937925070445 0.027051297198596426 0.054298681855105405 0.24158216206289385 0.46433277263353506 0.03856629500596969 0.0 0.0 0.0 0.0 0.0 0.0 0.0 0.0
0.0 0.009132688672294335 0.0 0.0014278069739686045 0.0 0.0 0.0 0.0 0.007479461632089919 0.011176892198575872 0.010147246736662546 0.007491101142772731 0.00430535781281497 0.0056807522784404945 0.01910552787015697 0.026905932232694725 0.030225518365414684 0.03063522682743164 0.02621545239320282 0.04581307933727765 0.1310414988173853 0.5044449154636517 0.12877153969225386 0.0 0.0 0.0 0.0 0.0 0.0 0.0 0.0 0.0 0.0
0.0 0.008123144603044212 0.0 0.0 0.0 0.0 0.0 0.0 0.006516691953926308 0.011853502102284662 0.008135539653608038 0.005718093193311251 0.0013390300212038678 0.004208907587090313 0.016393512771561418 0.02584927819034718 0.02912417050141214 0.029818763733387276 0.02845468489083526 0.033029575749839064 0.07804135515165017 0.4103390191561888 0.30035790014350444 0.002696829018403813
0.0 0.01639079224357304 0.0 0.004357404474015089 0.0019340380915667142 0.0 0.0 0.0 0.008601167405949971 0.01247907530051475 0.011396383160033994 0.007459861210328754 0.0034798740669742105 0.005848325826517131 0.01986452149090266 0.02695768745382827 0.031082454072278377 0.030864726809687718 0.02772734492498591 0.034135614306504504 0.07145946201538188 0.25226177601568034 0.41337684030159855 0.02032264914652769 0.0 0.0 0.0 0.0 0.0 0.0 0.0 0.0 0.0 0.0 0.0
0.0 0.010996026756731074 0.0 0.004034881155593928 0.003726318667123835 0.0 0.0 0.0 0.008101433242784837 0.011090357855393782 0.009820592650767044 0.008088335736845647 0.005739724944883216 0.006825275740037606 0.020784691442934752 0.02899659298453263 0.034284599254016564 0.031341884698624804 0.02857505891966385 0.05843047727230798 0.1428361250093117 0.5363101020942508 0.050017520074266464
0.0 0.008954750182801646 0.0 0.0 0.0 0.0 0.0 0.0 0.006958227931967608 0.012027861384156305 0.00845322568024128 0.005026141579412112 0.0023610379199024384 0.0044628463529895555 0.016297742033717644 0.023069808711983737 0.029024881503566243 0.028867353185629795 0.026005038412117182 0.031974698906146716 0.11735682794158289 0.4569304268561258 0.22222912983485532 0.0 0.0 0.0 0.0 0.0 0.0
0.0 0.014920159423472456 0.0 0.0036249362691882004 0.0017562059813582087 0.0 0.0 0.0 0.008829160614667379 0.012423607067362343 0.009761471172006793 0.007427870498018107 0.00398343990139166 0.00588624777320941 0.021205133550969237 0.028171038637201377 0.0333604774079886 0.03305358052137243 0.02910649004290105 0.040333855975299295 0.14362416758329274 0.6025321559140655
0.0 0.01615606578994397 0.0 0.005073020746860823 0.0038085659966713517 0.0 0.0 0.0 0.00874548797746273 0.012159379704208237 0.010353616415328634 0.008083136598699588 0.004023079525012771 0.006061219305280408 0.019995363374060823 0.02732514469586387 0.0318206570625952 0.03113338259729559 0.031422835508704 0.037946061518088 0.08906624055818736 0.36982433647614166 0.28700240451862474 0.0 0.0 0.0
0.0 0.09251335819128724 0.0 0.00047511953563903755 0.0 0.0 0.0 0.0 0.08208077180086994 0.11635668317166556 0.0947781477898619 0.06775145359095099 0.03536520148546182 0.06115740484872386 0.17993478333427806 0.26958706096615503
0.0 0.011735885751294459 0.0 0.00254630784362669 0.0 0.0 0.0 0.0 0.009422833825452608 0.012403715277078925 0.010714301768093761 0.007196549396667236 0.004310805869769104 0.004850015760138567 0.02015125252759127 0.027367938442458807 0.029326119853861535 0.03186158769682969 0.027548763426061735 0.0341542418996361 0.10856378201697572 0.4307498541638281 0.22709604288707574 0.0 0.0 0.0
0.0 0.13050112528937818 0.0 0.023774978659568825 0.0 0.0 0.0 0.0 0.07475594368490043 0.1100762756151452 0.08414157710442383 0.06472384137729767 0.027178839832548277 0.047704984215428764 0.1762469599073219 0.26089545925801166
0.0 0.015659547867773554 0.0 0.0045828363009446 0.002319387914967555 0.0 0.0 0.0 0.009442402664440406 0.011786792761501871 0.009498618527014847 0.007484687352823649 0.0035881915873412196 0.005569875833738059 0.019774731628678075 0.028478446565256898 0.031418347550192856 0.031125409922218922 0.028093862303447143 0.03836617882195724 0.11185365932030536 0.3963313226076893 0.24462569885714913 0.0 0.0 0.0 0.0 0.0 0.0 0.0 0.0
0.0 0.008570676811448432 0.0 0.0 0.0 0.0 0.0 0.0 0.005688674710042448 0.012035404572534478 0.009510207374549239 0.005109820494177179 0.0025286510224963982 0.0028678594801233633 0.015475413785648508 0.02100416287641446 0.02522033449584985 0.026211751435675487 0.022608306343732773 0.028854615694212455 0.07414693034571833 0.4466194653018659 0.2898873018312255 0.0036604219093686256 0.0 0.0 0.0 0.0 0.0 0.0 0.0 0.0 0.0 0.0 0.0 0.0 0.0 0.0
0.0 0.01667457883039798 0.0 0.003938390488363662 0.0012417178316727422 0.0 0.0 0.0 0.009379681445938462 0.011749489050572513 0.00948106525684574 0.008402360216947617 0.004072045867185712 0.005538729266496214 0.019143719544299238 0.02799932080092389 0.032171635185142454 0.03182769294515893 0.029367966270950386 0.041837767270698996 0.10045435137562919 0.38525613093583444 0.2614633558073482
0.0 0.014474651079899436 0.0 0.002440061840594976 0.0 0.0 0.0 0.0 0.008899722903473063 0.011965964956008303 0.009894137947384588 0.0075910865186594005 0.00453326323556549 0.005538835828227406 0.018255202499446063 0.025954542247230112 0.030101935293621217 0.03055732284630124 0.027419467668702124 0.03890667018601438 0.14751529760309337 0.49481125676864074 0.12114057897890886
0.0 0.011947822584306263 0.0 0.0035750272049523127 0.00046188095537707033 0.0 0.0 0.0 0.007446532050180448 0.011619160027034649 0.009376459741332286 0.006786157587468853 0.0027595290656914203 0.004904959909429445 0.017986866047493073 0.025022307847725783 0.028999586957544086 0.029460026619450953 0.026253899073773134 0.03928744445572909 0.1006048094616825 0.3878227466787752 0.2849704485018447 0.0007143336314721195
0.0 0.06115882155321424 0.0 0.012941524914885993 0.0 0.0 0.0 0.0 0.037984260207540664 0.053711148946385366 0.04667808723292388 0.02925075725171947 0.014471550554857385 0.028399091993280497 0.08109306152668201 0.10495387716462534 0.13135157901795877 0.12996369536544722 0.11733044572281982 0.15071209162280466
0.0 0.010577956193466163 0.0 0.0021915743137563945 0.0 0.0 0.0 0.0 0.007145493854145438 0.011928679208432214 0.009108502934434843 0.00565981983661001 0.002227571554219692 0.003756568316058982 0.0183268527503231 0.02686748643249386 0.030197296581633157 0.029924516699985613 0.02570440810113216 0.03487559404002093 0.10481637710014417 0.4103685888497966 0.26632271163722254
0.0 0.012038420379647257 0.0 0.0016648583102800703 0.0 0.0 0.0 0.0 0.009485506851216055 0.011274505919200132 0.010175552793350742 0.007702678106052441 0.0037493752903971734 0.006023002253226611 0.021005170765391105 0.03030083333260003 0.034548382732773456 0.03197741854415522 0.0272008762992657 0.0387024785935329 0.20343745038200203 0.4881207578700171 0.06259273010590319 0.0 0.0 0.0
0.0 0.016554993156336965 0.0 0.004347104959272713 0.002381543523151221 0.0 0.0 0.0 0.009412811988339015 0.011740004957829729 0.009190487190188898 0.007179385911468467 0.0037158609113001175 0.0050241861073024655 0.01776622217618711 0.025551537690486365 0.029809810230945324 0.030077056576181288 0.026169155456574264 0.0363883555872677 0.07798825271260325 0.31695506911252574 0.3393543935936859 0.030393766562464664
0.0 0.013662452252158834 0.0 0.0018562237144451944 0.0 0.0 0.0 0.0 0.008033029878825248 0.012047832335310664 0.008881295722641243 0.006600723528996514 0.0034582335297384846 0.004318881942412737 0.01869456537064511 0.02772064374076829 0.03120737873460992 0.03127955450105935 0.026875695084160937 0.03766040959268876 0.08619099018459442 0.42568895814316887 0.2546197216794366 0.0012034084570272678 0.0
0.0 0.013724066068855999 0.0 0.002588478017490767 0.0 0.0 0.0 0.0 0.007582382414275926 0.012138450404455051 0.00930662066244466 0.006870349651838332 0.0039023314579851305 0.005059109627745104 0.018217559657529445 0.025829876977044336 0.030042584842654978 0.02999027559345917 0.02660972121270498 0.036833726858166965 0.09685934636648409 0.44666763392737446 0.22777748460947217
0.0 0.016837234444202993 0.0 0.004379616918034628 0.0022824376060001958 0.0 0.0 0.0 0.008413463730654082 0.011957862554839778 0.009843326672553207 0.00835363947380462 0.004040957172281571 0.007594970175087324 0.020019150779152305 0.025769888129262113 0.03057848459245011 0.031112077583093794 0.02638978994718902 0.03919475765869747 0.10518509409822396 0.40410347177425016 0.2439437750588786 0.0 0.0 0.0 0.0
0.0 0.012102860680542756 0.0 0.002195353859667942 0.0 0.0 0.0 0.0 0.008381833469774176 0.01207833992782577 0.009009184924454973 0.007678256275278569 0.00384991344679829 0.006155628609488613 0.021075425718085756 0.028143649141430548 0.0314890657182762 0.031838196805792134 0.027907268129729688 0.04233458389552144 0.15150392512594105 0.49072831800374894 0.11352819466456493 0.0 0.0 0.0 0.0 0.0 0.0
0.0 0.014032674320286797 0.0 0.0020624036043973 0.0 0.0 0.0 0.0 0.007668733654205903 0.011397191250784165 0.008608382223226425 0.006549505862674978 0.0028742096904444854 0.005059423423403122 0.017569396915889143 0.023152300092076587 0.027215386278265565 0.028409099808730263 0.025542668437776472 0.040318568653504916 0.11763640865005552 0.4387573777401958 0.2231462678520023 0.0 0.0 0.0 0.0 0.0 0.0 0.0
0.0 0.0121908126750941 0.0 0.002042700501507373 0.0 0.0 0.0 0.0 0.0075496345497758615 0.011713001398393496 0.008447754092909225 0.006192642613356024 0.0025022825212608376 0.0058016733297060865 0.019548254784523003 0.026923774919029028 0.034268211087636676 0.031565243874866526 0.026583305446743182 0.03633772616301971 0.13757784246418764 0.47444425034659926 0.15631088767000756 0.0 0.0 0.0 0.0 0.0 0.0 0.0 0.0 0.0 0.0 0.0 0.0
0.0 0.014704434331259343 0.0 0.004389006769697364 0.0001783580198906632 0.0 0.0 0.0 0.011005853031731466 0.014879748026931424 0.013713620392298117 0.008624949158534076 0.004146430169275416 0.006092828703255471 0.024444378594267856 0.032177355902648995 0.03760465898158249 0.03745606263875408 0.03275536856510547 0.043085745121710935 0.12632100737514776 0.5884201921850618
0.0 0.016741656763405457 0.0 0.002679970268970087 0.0 0.0 0.0 0.0 0.013781431654665574 0.017136032041202943 0.013326167676560958 0.009942607623247375 0.0061387654012933 0.007555703843865134 0.025937135011130815 0.03446060218949388 0.04491392421271461 0.04292454857807726 0.03783341914061629 0.05007576795171036 0.17628112830698747 0.5002711370970604
0.0 0.16135230800280828 0.0 0.0 0.0 0.0 0.0 0.0 0.10592908248461137 0.18009560924647858 0.12247857357325731 0.09631276902020844 0.03160760258911789 0.04891608036546865 0.2533079509223315
0.0 0.010476391727169432 0.0 0.0 0.0 0.0 0.0 0.0 0.007505509331602018 0.011862030940246734 0.008289876364038273 0.0061982884272083205 0.002411101444370602 0.0038442331120985386 0.01795909180434713 0.02359526547055615 0.026847918035823974 0.027287789448892947 0.024055520355446853 0.03496917376748247 0.10450411710461732 0.4671533967348568 0.22304029438819498 0.0
0.0 0.0138903869832955 0.0 0.003448120350319805 0.001353171035618871 0.0 0.0 0.0 0.011312087933620115 0.014026183546122893 0.01128193679523788 0.008841228855926496 0.005314860753476148 0.00685222634006618 0.021377225607185125 0.030383306257428664 0.033243253378498296 0.033931743184928434 0.029147397259316348 0.048269164288545365 0.16255115697743994 0.5647765486143473
0.0 0.013057877100212723 0.0 0.001610798569287385 0.0 0.0 0.0 0.0 0.00770917919722368 0.01140855673975491 0.00869568599708996 0.006190392152972692 0.0028412231469759517 0.004462168695820744 0.01639577423525316 0.023975453179799613 0.027969758881548058 0.028553692302412777 0.024797209303661978 0.0331620280091883 0.08919821756168768 0.4954872965095483 0.2044846868769461
0.0 0.012501358698975238 0.0 0.005288212481808581 0.0037689020181157435 0.0 0.0 0.0 0.009594875209681797 0.014241732139992781 0.0113557458737769 0.009651789829101044 0.005008060075681229 0.00747183481826827 0.024484913762534817 0.03529761115472009 0.04089123510327241 0.037120428350141135 0.03273170565775561 0.057040758363483504 0.14833095504552946 0.5452198795093316
0.0 0.07021022414224874 0.0 0.012803560627811112 0.0009303749290125856 0.0 0.0 0.0 0.049363825586109175 0.05963851830880966 0.05526792253576663 0.04401800056173604 0.02664834037381735 0.03895709441983266 0.1155615840157034 0.1667249250904959 0.18711250620041642 0.17276311532833818
0.0 0.011590952032617513 0.0 0.004161605143592943 0.0015787618886024515 0.0 0.0 0.0 0.00954190198904765 0.011978792919286295 0.009340588437665793 0.007862903728948684 0.003385971416449028 0.006775798539938246 0.019729412693681423 0.026945650690783744 0.031001686335385328 0.03089776241852639 0.027175347531062696 0.03401129990544726 0.10019851109592111 0.3855131206558635 0.2783099309650172
0.0 0.015546831002032918 0.0 0.005450702022510991 0.004862949952449184 0.0 0.0 0.0 0.008618539377060539 0.011976260725599786 0.009814587951824294 0.008478043106970702 0.0037233478974686134 0.005888681229244408 0.019920756637653244 0.02741655398908966 0.030588636160082554 0.03114133272356165 0.02582024068627314 0.0375903893415366 0.0815171449633906 0.35639869953805997 0.30983745105466487 0.0054088500401622405
0.0 0.010471443014940606 0.0 0.0021633178061175365 0.0 0.0 0.0 0.0 0.0077249491520010915 0.012635387086643158 0.009220569606754407 0.006295369017173417 0.002852013474155772 0.005678264101304479 0.01780283950548821 0.02610548796037174 0.032510183301140916 0.03133584937121736 0.026732821880795916 0.03608875081193491 0.11926216217890155 0.34449005770550273 0.30647794704424963 0.002152585333150819 0.0 0.0 0.0
0.0 0.010762335295148582 0.0 0.001163868702574307 0.0 0.0 0.0 0.0 0.007152182811455371 0.01197014493350277 0.0087854698971319 0.005650408670267849 0.0020603496006578693 0.0035130581512281514 0.015922755456153084 0.023800494050163122 0.026933040620816282 0.027189916923989466 0.027237409364749655 0.034231395273155905 0.09736405615873295 0.3848476582930993 0.3098722656946386 0.0015431885029545632 0.0 0.0 0.0 0.0 0.0 0.0 0.0 0.0 0.0 0.0 0.0
0.0 0.013246567097334532 0.0 0.0024372376637806156 0.0 0.0 0.0 0.0 0.0074121982466269255 0.011387549976841528 0.008795246978104257 0.006660354229346457 0.0035847872586800195 0.00608884790220892 0.01850903064371402 0.02599904084185268 0.03296451002785942 0.03217990428355804 0.026399477149017084 0.034666478326791164 0.13881930293792086 0.45682455146369794 0.17402491344267093 0.0
0.0 0.010476879236626853 0.0 0.0008461129956215368 0.0 0.0 0.0 0.0 0.007869742699988639 0.010996796761182315 0.008607320574200062 0.006086428708308948 0.0036068220527367407 0.004860643201394339 0.017699486285548748 0.0248951488336692 0.028948314336045725 0.02948204926783036 0.026181915758306747 0.035325632312097864 0.1152074928040325 0.5397636859003173 0.1291455267776997 0.0 0.0 0.0 0.0
0.0 0.03633345958307507 0.0 0.03444446593514203 0.03341169723892528 0.016518560857316227 0.0 0.0 0.057102561376014674 0.06698705761028684 0.062448076428202645 0.05810456311260894 0.03491323475050132 0.0489194657997551 0.13880287965132446 0.19061865179887502 0.22139531766457674
0.0 0.0123256968205978 0.0 0.0018097611012402163 0.0 0.0 0.0 0.0 0.008202617226158967 0.011570333146520615 0.010377387091913087 0.008374092669810408 0.004159570539879974 0.005566993312521807 0.018158940517924348 0.02611329352228706 0.03135524486932363 0.030099181727348906 0.02764405944223493 0.03744071415809063 0.1325155607864842 0.5515115921866538 0.08277495939999013
0.0 0.3522975967405105 0.0 0.08179100227302212 0.02750585414232164 0.0 0.0 0.0 0.20976331012128324 0.3286421941389092
0.0 0.010398922852801194 0.0 0.0032101269443125776 0.0 0.0 0.0 0.0 0.007868776286651415 0.012158690117129962 0.009429058918184116 0.006328808411953149 0.0027576904480823604 0.005731482465146482 0.017970745535971805 0.026631669427131157 0.028978994810137843 0.029680371383249332 0.025747971690649834 0.032746806598767914 0.08303560922048964 0.451170864785535 0.2461534085430733 0.0 0.0 0.0 0.0
0.0 0.011078587768318429 0.0 0.001824924121407435 0.0 0.0 0.0 0.0 0.007128832985453428 0.011525606358540517 0.008061040089176713 0.00564738077517709 0.0025880126357328828 0.00304353766600003 0.01558772421179827 0.022756024323938487 0.02590826304363171 0.027015489290306356 0.022704216545364468 0.031099292251857112 0.06501442279279965 0.3937083057116907 0.33569096366089357 0.009617374227137147 0.0
0.0 0.015286770939168774 0.0 0.003938423365216168 0.0019300740726530465 0.0 0.0 0.0 0.007306298686904408 0.011165529589264433 0.008954010984147257 0.006377509945252808 0.002752049873235031 0.0055160697669162494 0.017230294086518542 0.024415734549741667 0.026693971113648466 0.028210208100109296 0.025014143847756413 0.032181583418162955 0.07412854799949124 0.378593424785047 0.3222072905399377 0.008098062797950278
0.0 0.012301608362506058 0.0 0.003048461624472163 0.0 0.0 0.0 0.0 0.007660252836814499 0.011515340327878217 0.008675382490584416 0.005758274339280032 0.0026639184051010967 0.004412183187802724 0.01614461234675129 0.021889249585479036 0.024811743528393944 0.02538149813703803 0.022908798350313998 0.030761029340219865 0.09380051179072127 0.4570075724536447 0.25125956134840743
0.0 0.01274243111095293 0.0 0.0020885771678854966 0.0 0.0 0.0 0.0 0.009544571561164903 0.01182611855017841 0.00869714654443608 0.006589712352454742 0.002556403113779171 0.0041614852427605984 0.017582933911330634 0.02534966335856617 0.02896857684688351 0.02974434987748147 0.025056479570955015 0.03521973327078033 0.09547008975633187 0.5230059979782791 0.16139572820689818 0.0 0.0
0.0 0.009589659465387033 0.0 0.0019472126062702404 0.0 0.0 0.0 0.0 0.008828548771678386 0.011733662052479015 0.009360316864489774 0.006676116744252751 0.0031154926132462993 0.004646940017164175 0.018939585172117128 0.026194349111065034 0.029714442971130132 0.029120363599350236 0.026160132003476527 0.03953571587395 0.1061213036622499 0.4476096067694952 0.2207065501064573 0.0 0.0 0.0 0.0 0.0 0.0 0.0 0.0
0.0 0.009311351092193979 0.0 0.0021735952693803006 0.0 0.0 0.0 0.0 0.010283939776066205 0.012128910016778325 0.009998155879341412 0.00743349550321771 0.003879713589889715 0.007233766611072997 0.02167528012804765 0.02802300603945513 0.03305778291842977 0.03217311294260415 0.028554414029174458 0.04407370124889328 0.1293591766556989 0.4993643139884455 0.1212762826974909 0.0 0.0 0.0 0.0
0.0 0.011772400473293648 0.0 0.00025080989556025844 0.0 0.0 0.0 0.0 0.00747109583445827 0.011682578262743295 0.008987372191603686 0.006085475298929858 0.0022495447544952024 0.003752937403321313 0.015802724820757393 0.024818387195200648 0.02752083301864719 0.027489163502477966 0.027367988588258046 0.033116833005609976 0.09975897593305186 0.41598668664893707 0.2758861915977709
0.0 0.009895288470325817 0.0 0.000394926498865883 0.0 0.0 0.0 0.0 0.007433861427514394 0.011324187722753981 0.007675238011059737 0.005348057078599133 0.001589290165299375 0.0028383705233634106 0.01649353220692292 0.02369696716248298 0.025921104158239727 0.027570236118945234 0.023690035854733622 0.03152432141445907 0.12226079552979004 0.5398961776743024 0.14244760846718854 0.0 0.0 0.0 0.0 0.0 0.0 0.0 0.0 0.0 0.0 0.0 0.0 0.0 0.0
0.0 0.009708232053481378 0.0 0.00217255153819791 0.0 0.0 0.0 0.0 0.007123334476246823 0.011024446167095742 0.008404566760253593 0.00682758314858783 0.0028787358360868823 0.004294429527647841 0.016061191940987013 0.024050554446308287 0.028441707821835978 0.028763706909014992 0.026785047171835472 0.03485457637000748 0.1288838782229843 0.5492670153866033 0.1104584406944458
0.0 0.011223956749155724 0.0 0.0 0.0 0.0 0.0 0.0 0.008573826668603998 0.012623784652833748 0.008913945472358938 0.005127188026541034 0.0017178855346257692 0.003029492897236815 0.01659932391346703 0.024157914005108482 0.026435986692920573 0.02801626460559188 0.02398685840905663 0.03204662473351836 0.07165444777615292 0.22493694960041716 0.4464902200305922 0.05446532861112887
0.0 0.014471361733221284 0.0 0.0 0.0 0.0 0.0 0.0 0.007942542554426389 0.013494875564781995 0.009287700433334824 0.007212479951410677 0.002314376613281626 0.0037765227816408246 0.018999843107071444 0.027783775182675254 0.031711990593607346 0.033347819067446764 0.02877533157350575 0.04025740896296449 0.1172283155327937 0.6433956545514868
0.0 0.012206538402290638 0.0 0.002439791204459837 0.0 0.0 0.0 0.0 0.009081136039011162 0.012451183060792296 0.010599002536453789 0.007188001155032299 0.0030941933823115195 0.005910619703243356 0.018708001399068606 0.026222235047463575 0.029976796680911588 0.02999020251889021 0.02698673623509711 0.03381654718548614 0.09637761168797514 0.5200304247181345 0.15492097744825314 0.0 0.0
0.0 0.010588314740272437 0.0 0.0 0.0 0.0 0.0 0.0 0.006472168142446292 0.012151946853189268 0.008504407102728925 0.005671888132202004 0.0029996823381356463 0.0033780794157226694 0.017465298786235522 0.025753387139481967 0.029771164524830668 0.028877448374915293 0.027074819405301934 0.04209454150291378 0.11878757489481861 0.4883458718849116 0.17206340519292232 0.0 0.0 0.0
0.0 0.00858254635415171 0.0 0.0014362717296511232 0.0 0.0 0.0 0.0 0.009380092334689026 0.011625354256909583 0.009633575851295382 0.0073194521401098445 0.00396117701881004 0.007375101066092286 0.020395920922881904 0.03010587243972901 0.03462301852690747 0.03197293205381339 0.02988887168390383 0.04419782430348437 0.12050963346403053 0.5215144069162936 0.10747794738571546 0.0 0.0 0.0 0.0
0.0 0.018158359742395293 0.0 0.003024000455760054 0.0 0.0 0.0 0.0 0.013277919364222826 0.017101098035350197 0.013250284694010647 0.010018484538930375 0.0053956308108757635 0.009082143788089591 0.026432433564441735 0.03756398025733665 0.04406396992864454 0.04649935019563844 0.038638528624173496 0.053647803764981634 0.16115655632415116 0.5026894536115166
0.0 0.013124404183498887 0.0 0.0023537655717172233 0.0 0.0 0.0 0.0 0.008202983927350834 0.011941369081589187 0.008731278019511153 0.0064210953585699 0.0029266879877325055 0.004577719678004947 0.01698415338483878 0.022736953412359248 0.02730108272033728 0.027672793159252036 0.024731793826955378 0.032934152909707276 0.09160368418596138 0.473730114337634 0.22402596664218732 0.0 0.0 0.0 0.0 0.0 0.0 0.0 0.0 0.0
0.0 0.007636751952505204 0.0 0.0 0.0 0.0 0.0 0.0 0.005835358166638586 0.011349719824846975 0.007906314785415716 0.004591471841280439 0.0014183587203662864 0.0042185997872659555 0.015526507657249958 0.022659262614070003 0.025607066189043546 0.026763484335113705 0.02327099857825677 0.03137757992370177 0.08474561897844342 0.5051068407264183 0.2178161366370634 0.004169927799650034 0.0 0.0
0.0 0.010155037567955003 0.0 0.001968492542786342 0.0 0.0 0.0 0.0 0.007640381980307116 0.01125287700422865 0.008218030334808616 0.00704970207941339 0.0027600678564189455 0.005186737723495553 0.017463365721921777 0.025102278235896204 0.029399316746613502 0.028961814471887823 0.026255068878285315 0.036121031662328176 0.1605042030434481 0.5071370263452443 0.11482456627605868 0.0 0.0 0.0 0.0 0.0 0.0
0.0 0.009966758451646792 0.0 0.003020733800454611 0.0018087691953468051 0.0 0.0 0.0 0.007919799867636397 0.011111337199569894 0.010493590395557723 0.007920489678074629 0.0047260422083548435 0.008949320390120166 0.023763021107709906 0.02866688351309502 0.037330471485754135 0.034654578234686505 0.02824151837333265 0.05513635431862857 0.27419499297641664 0.42517345868684525 0.026921878670132203 0.0 0.0 0.0
0.0 0.011332288952500179 0.0 0.0035178645728686465 0.001267731236669526 0.0 0.0 0.0 0.008036053023124509 0.011266303131475407 0.009080916728301506 0.00790595775513254 0.004678546263945668 0.006072728272841486 0.019784271558387474 0.025286257360677286 0.028614018779828006 0.03020763770057431 0.026931356287618634 0.03516318969878912 0.10943210763622865 0.39893475774568576 0.2624880116809753
0.0 0.008455249334121503 0.0 0.0004082886580472791 0.0 0.0 0.0 0.0 0.006662594744444334 0.010851990492083333 0.00796567014468444 0.005898132425044238 0.0023697603832001906 0.005277912260900934 0.0172620190164672 0.022583066751449315 0.027412435502634745 0.026998438358413805 0.02346028486244225 0.03599934932931618 0.17898486735158012 0.5508845323192015 0.06852540664973933 0.0 0.0
0.0 0.01590523856614095 0.0 0.00529097679147497 0.0031008463276784273 0.0 0.0 0.0 0.008952444253132836 0.012683951076690127 0.011286111386997994 0.007872939779448512 0.003404150323369689 0.005267881283178748 0.019838454668784797 0.027205334857610026 0.031141779227435613 0.0317089206955252 0.027706213908803328 0.03660008999448884 0.10679388556071458 0.3526378643645934 0.28997834676251777 0.002624568458802869 0.0 0.0
0.0 0.010473678348097223 0.0 0.0003188990670377737 0.0 0.0 0.0 0.0 0.007828131017257297 0.011708594846701227 0.008628565306286841 0.0065732181729935705 0.0018405996486253377 0.0037677000768758548 0.017724343807371968 0.023302352859975107 0.028526078316816778 0.028972335625671905 0.02491511499907825 0.039399979732516945 0.08724642534864226 0.46667158761607835 0.2321023936200065 0.0
0.0 0.00988207677540145 0.0 0.0018862354655095094 0.0 0.0 0.0 0.0 0.008095601152807622 0.011782343723116323 0.008569193056388959 0.006676094621358569 0.003898707264226729 0.004490368097219522 0.017904958655272068 0.027394659250309317 0.030882598986055103 0.031072282532350545 0.028387004687384226 0.03652592245946234 0.126786757465277 0.48799614844629263 0.15776904578428697 0.0 0.0 0.0 0.0 0.0 0.0 0.0
0.0 0.011398059655088692 0.0 0.001476562476566103 0.0 0.0 0.0 0.0 0.00914617212516249 0.014097210615090656 0.012667958137918565 0.008438461302401067 0.004238137540650944 0.005867366733163909 0.02442824299632416 0.032174150356420655 0.042493177005439045 0.03723044575277637 0.034268694353100045 0.04766123122495638 0.13892411644838673 0.5754900113627988
0.0 0.010700683795077433 0.0 0.002357902860922535 4.790355413447709e-05 0.0 0.0 0.0 0.008415500062427824 0.011421651162485651 0.008885920515102124 0.007253080907038045 0.0033898257329452626 0.007143052609901368 0.019391912459043568 0.026728981899853094 0.0322961139802237 0.029673054020991966 0.027552083260038593 0.038676668317173944 0.10235084588572771 0.5403232135003754 0.12339160394094954 0.0 0.0 0.0 0.0
0.0 0.014387143681841436 0.0 0.003124580584749495 0.0 0.0 0.0 0.0 0.008967073857655557 0.012385315303131302 0.00968175603365741 0.007185515723322473 0.004038734692367128 0.004792934892557013 0.019443532068985327 0.026145545442835122 0.030493917937547004 0.032555705970137204 0.026753665477048896 0.037316502488214505 0.12827653966530994 0.335170111196245 0.2992814233335955
0.0 0.011426806776094896 0.0 0.0014755975308451622 0.0 0.0 0.0 0.0 0.007745427398123948 0.012361790581517897 0.010349252749597013 0.00598652613730224 0.0025577250922909304 0.005334833898199008 0.016969201313524498 0.024907167234760323 0.02722108399062732 0.030122517532445846 0.027926551756338524 0.03892469910398022 0.11002567620514202 0.4647762933542533 0.2018888477123785
0.0 0.015550795731499792 0.0 0.004054105227067042 0.0016098940687409595 0.0 0.0 0.0 0.007503112378396867 0.01132625771690063 0.010105477969474462 0.007340611523342736 0.003143789156530033 0.006276602732073082 0.018457906629540555 0.02526013823593985 0.027433799017142463 0.027474185004744776 0.025061643931472522 0.038037178684185054 0.07436590212120717 0.38765839666210183 0.3025788056733442 0.006761395988903605 0.0 0.0 0.0
0.0 0.012553266842118969 0.0 0.0034545006938910975 3.96000246173262e-05 0.0 0.0 0.0 0.01149066372161961 0.01497683853136191 0.011981538719280076 0.009840731574062008 0.004148571196175765 0.006372194494255488 0.02266564897640531 0.03143657474192724 0.03692452120233106 0.03927445721404294 0.03360976446411527 0.046443655707296194 0.1319752367199086 0.5828122331955903
0.0 0.009144944604891707 0.0 0.0 0.0 0.0 0.0 0.0 0.005742583442937571 0.013016000545333035 0.00887449807542602 0.005271862660391489 0.0012882509389008563 0.002723674814622624 0.017125549679619944 0.02430769654978232 0.027997450139349008 0.029463951916838278 0.025221912122058446 0.03405004972189005 0.09491924062991762 0.3000925215990763 0.39515045596364246 0.005609354916768878
0.0 0.009815662776623685 0.0 0.0 0.0 0.0 0.0 0.0 0.005248255074516579 0.012077300872189296 0.007872563664127589 0.005642360783303262 0.0013572136990890867 0.003991400957695468 0.015586876256204479 0.021551340490771464 0.02747390242145545 0.0260923598124694 0.025792288169377484 0.03268478150090707 0.11324496505345043 0.46028423633200083 0.23128449061704126
0.0 0.011197901558585997 0.0 0.0023951021989250727 0.0 0.0 0.0 0.0 0.008292888701456603 0.012147146621170017 0.00870030897043265 0.006261017968640981 0.0028264179763189297 0.004736960714664152 0.018040874464811788 0.025204740486661787 0.030119887429300565 0.029920766416718286 0.029564036206641973 0.036575523643062546 0.11003608993084114 0.478100740278786 0.18587959477722477
0.0 0.011900400318398178 0.0 0.004440160225102212 0.005334858886054611 0.0009144741065289623 0.0 0.0 0.008686247593349326 0.012160496515715453 0.011128585247748367 0.010731218005338463 0.0069878266711891875 0.008363657715477748 0.025710954402966547 0.034891354383418165 0.04023929171131685 0.04113632789538705 0.03308994219268789 0.05186897178982736 0.21985912625291978 0.40995349538629594 0.06260260913159275 0.0 0.0 0.0 0.0 0.0
0.0 0.011044089783947428 0.0 0.002195778643632088 0.0 0.0 0.0 0.0 0.007735015660372336 0.011797826262131472 0.0085429635456029 0.006289026801432248 0.00217663073900451 0.004346105900194065 0.017976345645786457 0.024999246634119343 0.02891388641670532 0.02957360492647946 0.025614942530135035 0.033908690534163094 0.08873560609659106 0.4101590320139192 0.28009072385446854 0.005900482439457232 0.0
0.0 0.010063959035581077 0.0 0.0 0.0 0.0 0.0 0.0 0.007916607226220406 0.011866710241057782 0.008726138467988767 0.00538916178136413 0.00257676601877673 0.003167899301692872 0.016323355203417846 0.022954913472329423 0.025308918018479662 0.026940334042353197 0.02473396366197054 0.03029697578703293 0.08354572986759769 0.36002182308680497 0.3393757816240544 0.02079096159314116 0.0
0.0 0.009845482266013108 0.0 0.0019080353253366688 0.0 0.0 0.0 0.0 0.008422116655883705 0.01113349925783863 0.008474496353914307 0.006859861203568635 0.003664210804454377 0.004439782285165488 0.01733685448673378 0.02436930147261478 0.03136837839786741 0.030811928291829317 0.02435636405653132 0.041869758330157124 0.1725850002015677 0.5260038797192778 0.0765510494332857 0.0
0.0 0.01205053120343719 0.0 0.002263369358455442 0.0 0.0 0.0 0.0 0.0080703041941553 0.012353610954881113 0.010519925328186427 0.007667173885105776 0.00310612469847553 0.004635183887032131 0.018381662954002932 0.025565030879820917 0.0277904296702731 0.02911782925015568 0.025525974089101146 0.03896537091005305 0.11158005610817308 0.4478844795986176 0.21452294144539594 0.0 0.0
0.0 0.012424294656693854 0.0 0.0014326556305970782 0.0 0.0 0.0 0.0 0.008175580485861879 0.011939446510048751 0.009424077803234935 0.0069026656042826895 0.0030883984796323256 0.006621393824296794 0.019213247490471687 0.026467676816631328 0.029893942466160103 0.03214311912385167 0.03046757542821316 0.04248878887892178 0.15386192754048955 0.5076147819162835 0.09784042578743113 0.0 0.0 0.0
0.0 0.01316183277288031 0.0 0.0025766248406023143 0.0 0.0 0.0 0.0 0.008011782583333276 0.012349478191406938 0.008855961766237316 0.00723207984828189 0.00287679311877522 0.006285869727992903 0.01873269519028983 0.027000692578948535 0.03384518381806333 0.030506605513620392 0.027595250585722646 0.03888884786865349 0.11573125798570387 0.48948290514405896 0.15686613683262082 0.0 0.0 0.0 0.0 0.0 0.0
0.0 0.01698274628778888 0.0 0.0034331705162768417 7.231949547780784e-05 0.0 0.0 0.0 0.008370407733190872 0.011697346153955459 0.009027130609098436 0.006534874664707186 0.003306943638770638 0.004586960048122169 0.017333760424376288 0.024654387736408174 0.028790528878122994 0.028362616380573965 0.024880576442444846 0.035915738909942124 0.06956055384294263 0.25490423333979895 0.41627551026567083 0.03531019301078765
0.0 0.011898968248741487 0.0 0.0021757315459446152 0.0 0.0 0.0 0.0 0.008082315660651264 0.01178156012545366 0.009131141559328041 0.005952651858776337 0.0025561481750170792 0.004426450116179019 0.017061648308847856 0.024193539787676608 0.029699466085159932 0.030617324341690694 0.025660552787955933 0.03394622661143186 0.09017363925089393 0.479045822723099 0.213596811264278 0.0 0.0 0.0 0.0 0.0
0.0 0.012958083409413897 0.0 0.005165378838871304 0.004868097188384115 0.0 0.0 0.0 0.009420524661688773 0.012186749355367597 0.01015060466408506 0.008774989264564841 0.004679345610843395 0.006974888252180473 0.023521359593049938 0.031638487264342534 0.03695018460164688 0.037288184382212416 0.02834034254673294 0.044262227069246485 0.1795350841760487 0.5432854675228723
0.0 0.013501831640105506 0.0 0.0030275547844907055 0.0013785077788521433 0.0 0.0 0.0 0.008252952380416814 0.011527064634414632 0.009179046013059093 0.006267467461401587 0.003137473066314486 0.004919669970781048 0.01802109719041608 0.023231025984608945 0.02692902432283982 0.027595171618640855 0.025097363623264472 0.03321955291481947 0.1141647349949562 0.4932797880225546 0.17727067207257682 0.0
0.0 0.01195617744121672 0.0 0.0022551848645862684 0.0 0.0 0.0 0.0 0.008361934583241625 0.011608041944134282 0.00864371030882329 0.007796573009644147 0.003572851536882292 0.005164814372249088 0.01949900316196386 0.026525283692746274 0.034655294916061036 0.031072447860328572 0.030692139998473245 0.04370863934705634 0.13940048860202314 0.5118026236496005 0.1032847891829787 0.0 0.0
0.0 0.009226525141918879 0.0 0.00037330945521758005 0.0 0.0 0.0 0.0 0.007179443645272942 0.012170672707792547 0.008896610259440618 0.005899291899497772 0.00263121368359624 0.003973755496403774 0.017101004798901077 0.025567769418924417 0.03350260094891627 0.03116137961487673 0.027439021131215897 0.036419386945031586 0.09784343296038779 0.5137275144218955 0.166887065880235
0.0 0.01325622337000581 0.0 0.0030594627735050775 0.0006258872098762482 0.0 0.0 0.0 0.008620508645476825 0.011831972936860807 0.009636394140630713 0.008231126134500348 0.004447122002984936 0.006069284664885789 0.021711183462978192 0.029071083695843557 0.03914648938776163 0.032402647659580903 0.02994516347452815 0.047209118358200054 0.20360788052169362 0.531128449971306
0.0 0.012857401909549043 0.0 0.0018272970026017871 0.0 0.0 0.0 0.0 0.008700625301037894 0.011674207656019911 0.01009155586026717 0.006233550442952739 0.0034879147274736655 0.004206954801707837 0.018267278136089735 0.025431505612322988 0.02939282531328123 0.029861316170616676 0.02863232753973613 0.03810157010119384 0.09996985639411506 0.44244571178039316 0.2288180996689589 0.0 0.0
0.0 0.010887393964340183 0.0 0.0 0.0 0.0 0.0 0.0 0.006532293915021295 0.011946318769000114 0.00816687669034046 0.005672689675531302 0.002488453439467988 0.002892711371720498 0.016061215875818234 0.022737736652425674 0.02866293718982555 0.02822221091584091 0.023930950899903245 0.032132649426633464 0.10077766416795489 0.4466979269919121 0.2521899684869578
0.0 0.011842158734547768 0.0 0.004131800730513515 0.0010788486105797641 0.0 0.0 0.0 0.008213337437424048 0.012627840323183225 0.010473861710118293 0.007828134865138465 0.0035356174003202913 0.005357132349143957 0.02020814754682806 0.027123263621821492 0.034577351738958165 0.0328913147282836 0.029137053222293152 0.043036707765289284 0.08984076754209121 0.2515623300556635 0.38818645377273264 0.018347876158910367 0.0
0.0 0.01278511008313128 0.0 0.0026584140244811285 0.0 0.0 0.0 0.0 0.007786389232441086 0.011761295770580027 0.008958115933637894 0.005816154727492621 0.002545370361554729 0.004083719804195002 0.01749967179638494 0.023005224492504937 0.027876672163523047 0.029809543989776456 0.024403038519554547 0.03383037888622395 0.1187117654174166 0.46335157000877975 0.20511756322415056 0.0
0.0 0.008796671063120636 0.0 0.00018372082531151613 0.0 0.0 0.0 0.0 0.006287211881829907 0.011496675158026297 0.009205285916717184 0.005207441324106489 0.0012754425641377405 0.0030802875483853837 0.01810995088521091 0.024436831541376013 0.026866664323697793 0.02700745477338624 0.024213923358893562 0.03080872470239962 0.07761438814348924 0.36108783467652666 0.35581470398035664 0.008506785717660226 0.0 0.0 0.0 0.0 0.0 0.0 0.0
0.0 0.015373425767348776 0.0 0.001316809063450264 0.0 0.0 0.0 0.0 0.009599453621543982 0.015316727210443581 0.011481875552142168 0.007527479462808012 0.0030605284190509006 0.004488183161250819 0.02050028833079087 0.02992032086107565 0.0350123884153854 0.03625249029961208 0.03461755756990507 0.04708898706744444 0.13855318922077628 0.5898902939743529
0.0 0.016304070399945098 0.0 0.004121361366645365 0.001955694812625438 0.0 0.0 0.0 0.007991002713583934 0.01159825702721545 0.009677215077360829 0.007703925067609775 0.0037437873096571746 0.006805100761490208 0.018817687053810293 0.026006465840877416 0.02931640552011885 0.02953839407638664 0.02652375030219772 0.03860398194504215 0.10428459518274988 0.40556831424364587 0.2510613166855508 0.00037867301023704065 0.0 0.0
0.0 0.012759917093509902 0.0 0.0026134350440754003 0.000950344074222535 0.0 0.0 0.0 0.008665165755246729 0.011183093206349274 0.008521446804288043 0.006258816349778981 0.0030153191210262635 0.004484258934657026 0.01941022752619234 0.02594483069970878 0.029789965499993003 0.028402784114279878 0.02534237844550761 0.0382537707153929 0.11710697327277446 0.5291843374664501 0.12811293437867208 0.0 0.0 0.0 0.0 0.0 0.0
0.0 0.013090471329166839 0.0 0.0024174947074134985 8.476119751738316e-05 0.0 0.0 0.0 0.007750457614433575 0.011745864816920438 0.009253643201974771 0.006062564173262102 0.0024039175322302523 0.003962215962210565 0.017535486979202597 0.024762261875302113 0.02784488666173556 0.028652454710789536 0.023782222911624223 0.03306246106103948 0.09870226430399585 0.4208097788983225 0.26807679049865485 0.0 0.0 0.0
0.0 0.01666250106261439 0.0 0.0039079298135083216 0.0017084040142338794 0.0 0.0 0.0 0.009905037338714657 0.011866841279277132 0.009644502267261996 0.008357192138200093 0.0038149804103322343 0.007549885962653225 0.019057744012964846 0.026552028785705232 0.029125975235857793 0.030304549603560174 0.02627031689229918 0.03793587007245233 0.10677380099925077 0.39005593168857267 0.2605065068075952 0.0
0.0 0.010810584131046398 0.0 0.0011947850793121609 0.0 0.0 0.0 0.0 0.007880047047848218 0.012148580036996492 0.009308787333816241 0.0077741348127864885 0.0029569912555777174 0.005144673680611211 0.01764112309860037 0.024959469838917222 0.02778381999361587 0.028169083511728324 0.02577626480462218 0.04124244886506444 0.10613108212930515 0.4838258644612891 0.18725225831587422 0.0 0.0
0.0 0.01220415067647097 0.0 0.0027856038048415296 0.0 0.0 0.0 0.0 0.008667387325744246 0.011393068464068293 0.009046653680135124 0.006422767914824841 0.002678641502170017 0.004687388287961282 0.018883733285302243 0.0259153758489991 0.027904518023367728 0.03046936132920399 0.025184918315525804 0.032788295363364556 0.07428355307564838 0.44888702780065826 0.2577975537674359 0.0 0.0 0.0 0.0
0.0 0.1476978771671703 0.0 0.03912552992850766 0.015276601579178532 0.0 0.0 0.0 0.0686757028378311 0.10622269155958554 0.0839043634546529 0.06958460643766086 0.02636105671776627 0.04259373492609584 0.16854594262334996 0.23201187804388287
0.0 0.04852963725030904 0.0 0.009632313057959651 0.0 0.0 0.0 0.0 0.03556430122269696 0.04874957377339533 0.04259973523202574 0.031143976815996004 0.012858389943469495 0.02081783032062271 0.07993191274445981 0.11076504399136863 0.12800500622809635 0.12931463268327356 0.11380671931064722 0.18828092088326365
0.0 0.00930297398525091 0.0 0.0003096831869604798 0.0 0.0 0.0 0.0 0.007639544539663677 0.011990027178706154 0.009171851812649059 0.007522838452093724 0.002766931144769627 0.004440877912311302 0.02031813530044389 0.02777303722226585 0.03287711341076108 0.03239112208750768 0.027409483401765126 0.03924316317729945 0.20297546562970809 0.4475694100051815 0.11629833998594649 0.0
0.0 0.009929681749089354 0.0 0.0 0.0 0.0 0.0 0.0 0.007314599421620639 0.012323481650684115 0.00837141064019316 0.00508003246343564 0.0014530988072983387 0.0028657578856669573 0.01658241599576132 0.025976422411430753 0.03211284308372207 0.029696188571426148 0.025303836961658215 0.03415431214916645 0.09486778489567978 0.4406608729264245 0.2533072587645882 0.0 0.0 0.0 0.0 0.0
0.0 0.015391532572533978 0.0 0.00478331786852611 0.004054228455221415 0.0 0.0 0.0 0.00804314435016855 0.011441969648064388 0.00987274587164793 0.00830922164724708 0.004670799873466499 0.007622465288276996 0.022594247950540255 0.0295479733563975 0.03505644874051575 0.033299117085349585 0.03251455052161066 0.04790233249430932 0.20377557331374227 0.47458581011316014 0.04653451932838476 0.0 0.0 0.0 0.0 0.0
0.0 0.013234872043640256 0.0 0.003739779629553237 0.00121283913128102 0.0 0.0 0.0 0.009772064160046109 0.012182261620282367 0.010936297418186244 0.008024800809344633 0.003564382619972392 0.007293092514322179 0.021082953725192994 0.02868905171635368 0.03659207341920389 0.032921729034243855 0.029435940332290314 0.03867930143899289 0.09779362252571121 0.42952524516639107 0.21531969108179438
0.0 0.012680923165106196 0.0 0.002645941060700522 0.0009230453791226755 0.0 0.0 0.0 0.008899143194418544 0.011400871704434339 0.009152673469384535 0.0068617688015074054 0.003842616492922805 0.005830412925292787 0.016903801496238345 0.02578416549928261 0.028387165107478296 0.029026049313666324 0.027707006969354426 0.04040372121850658 0.1456031285423059 0.5226540831518708 0.1012934810063209 0.0 0.0
0.0 0.11739017890178635 0.0 0.02791756713791905 0.010677212522840403 0.0 0.0 0.0 0.06375840637597086 0.08536918643597 0.06881308506196838 0.04943018539018908 0.025386999362132755 0.03952936732528076 0.13295166121240654 0.17301974053850466 0.20575639802387136
0.0 0.01322115560155734 0.0 0.0020422384093486843 0.0 0.0 0.0 0.0 0.007006920191909432 0.01144863340195508 0.008866788044700355 0.006120129689254954 0.002396414735852336 0.003809792366788755 0.01687199912483866 0.024167496230346763 0.026600783002292728 0.028385964329465156 0.025149195284094875 0.03822187374693628 0.10972359324628037 0.46249368614870895 0.21347333488401551 0.0
0.0 0.014132441469346576 0.0 0.002599533691501716 0.0003076406614346826 0.0 0.0 0.0 0.009554236298531573 0.01217573008603036 0.009742497516590825 0.007666500486358322 0.003296828293335051 0.006469317655517436 0.018299290544028502 0.025634607457707015 0.02886335124626097 0.029866398855788717 0.02713380316243395 0.035498758981807516 0.1036697792719073 0.49754064432986717 0.1675486384179089 0.0 0.0 0.0
0.0 0.011292130609427008 0.0 0.0019638598110359434 0.0 0.0 0.0 0.0 0.008187089055572534 0.011156892100713708 0.009381509487341549 0.008656636144960636 0.0054703544196993605 0.006289044334047714 0.02194023767303029 0.029180899833056786 0.03587090134034771 0.03300722750094434 0.03319656985368025 0.05075735034893038 0.3154552690524694 0.40036430990403377 0.017829717114621484 0.0
0.0 0.011662840194491016 0.0 0.0027866986454661378 0.0015725936141877353 0.0 0.0 0.0 0.009864433010376513 0.01156230899629088 0.009911939998506446 0.00865364267370254 0.004947443383527355 0.007188994706172217 0.021532823137609812 0.030435013388641213 0.0345224025583258 0.032011674045879776 0.02665054805283907 0.06297324411819571 0.2641141682505095 0.43966301136526387 0.01994621839655796 0.0 0.0 0.0 0.0 0.0 0.0
0.0 0.011368618203321605 0.0 0.0022773571119841206 0.0 0.0 0.0 0.0 0.009385169620789087 0.012304255151139398 0.009239710214867716 0.007076504861102513 0.002591868171248389 0.0042295703786918186 0.018611546659546323 0.02506305587664191 0.028550139531423793 0.030817671563362667 0.028197835066095914 0.03518683041057459 0.09685790548485097 0.406046568197199 0.2694495532510189 0.0027458386281046594 0.0 0.0 0.0 0.0 0.0 0.0 0.0 0.0 0.0 0.0
0.0 0.010404773381819554 0.0 0.0 0.0 0.0 0.0 0.0 0.006394342140920762 0.01207464225118143 0.008504056582745194 0.005377775729008741 0.001757199608123583 0.0032464809017257257 0.01608831231012621 0.02357714025363055 0.027691061118977005 0.028674230153501786 0.026315596116056106 0.03418957350552901 0.08186208836984393 0.42709481520942744 0.2820022443853247 0.004745666407033711
0.0 0.013005877677914767 0.0 0.0018060979195462766 0.0 0.0 0.0 0.0 0.008696601861438549 0.012242905988006902 0.008975788682551718 0.006696302666023078 0.0031344902282788157 0.005709490215926624 0.020176536159537586 0.028703489503360637 0.03364623640810142 0.0317169032446269 0.03053497142663964 0.04423810277502324 0.18814668230633178 0.5625695212714998
0.0 0.011850311597173953 0.0 0.0037371874079630517 0.0015933681614927777 0.0 0.0 0.0 0.00950224856052906 0.012259329905283493 0.009826066549350749 0.007287731439383889 0.004636906729244715 0.006862137145644393 0.01840029442221729 0.026433019526995182 0.02892086144469685 0.030368810199866366 0.025822003764812775 0.03597099964254935 0.08654059202021089 0.22374090139728653 0.4308944620590478 0.025352766369667826
0.0 0.009351361487957826 0.0 0.0024080488961814605 0.0 0.0 0.0 0.0 0.01007203879827299 0.01177089560669758 0.009194381232828584 0.007409985751624664 0.003813257131095331 0.005704039587549879 0.01907885526960644 0.02613276414155074 0.03011232962731504 0.029097082593659607 0.026308458896381563 0.03500419490818942 0.11450188548446986 0.4721308909675017 0.18790952805412195 0.0 0.0 0.0 0.0 0.0
0.0 0.01754080369763271 0.0 0.004449870489485101 0.0021587165559783334 0.0 0.0 0.0 0.00862742535112027 0.012250266955353023 0.010000583824819206 0.007826325241027374 0.003540344419016817 0.005788795869241885 0.02042613544936244 0.028055569609281867 0.033078133349130096 0.03155757956590575 0.028290299941112224 0.0432449940156305 0.1174333273574198 0.3058222335736858 0.31486535737787663 0.0050432356526589955 0.0 0.0 0.0 0.0 0.0 0.0
0.0 0.012380524923828375 0.0 0.0023518987143081004 0.0 0.0 0.0 0.0 0.008046708414861435 0.011623661125420431 0.008404970642861496 0.006904041090873025 0.003296439494462276 0.005500027965469176 0.016477370035569254 0.023909262274685508 0.02624618051576189 0.026770425912728442 0.024269588320850508 0.03243550002627313 0.0981539821001017 0.4039872343805556 0.2846959350217615 0.004546247447668516 0.0 0.0 0.0
0.0 0.011502524537572428 0.0 0.0021685351141383013 0.0015062607448581749 0.0 0.0 0.0 0.008849842616198231 0.01116028523442804 0.009549775113880166 0.00835929961502461 0.004515090471630603 0.006924738487109291 0.02076772268056894 0.02825539062541218 0.03471177961648747 0.032414419146596735 0.03345635484630455 0.04460067105962632 0.22495128611263254 0.48530327344181684 0.031002749095307536 0.0 0.0 0.0
0.0 0.011677593924844623 0.0 0.0008233853610805309 0.0 0.0 0.0 0.0 0.007507097770195984 0.01313073116979175 0.010624055068867549 0.006238332945347109 0.0021660639059281764 0.0041064925146361946 0.01786744985423847 0.025782133987197007 0.030289872410397958 0.030494264689813675 0.02520688754325521 0.034232274469643435 0.09021714954685485 0.4283999271259788 0.260263313385175 0.0009729726515542335 0.0
0.0 0.010211144954868476 0.0 0.003970290941416117 0.0033998553900101546 0.00020680842065899278 0.0 0.0 0.01033978825180317 0.012183801324001499 0.011932898048714908 0.010729969987854575 0.006547664058100627 0.007941070345471615 0.022930223621664254 0.03212431165137982 0.03913335087522137 0.03958817620102517 0.03352598849934939 0.05241087555591108 0.31102385641826186 0.3814594363227878 0.010340487641491371 0.0 0.0 0.0 0.0 0.0 0.0 0.0
0.0 0.009322486184475535 0.0 0.002246677308038935 0.0 0.0 0.0 0.0 0.008605559480298078 0.010936725249269997 0.009191872699747085 0.007050962681261381 0.003172426025060604 0.0053756224915429045 0.01852803568890623 0.025639962727044788 0.033400728776710915 0.03076794387511651 0.02850413636921136 0.039823584202877634 0.14888227658457817 0.4989554560721016 0.11959554205403357 0.0 0.0 0.0 0.0 0.0 0.0
0.0 0.011426994322642844 0.0 0.003287170569716756 0.0007105273757802094 0.0 0.0 0.0 0.008262860587984554 0.011187719900979408 0.010461595640485877 0.006772075109241072 0.0035448561737142646 0.005336121134982558 0.0180607904555097 0.025171160693456936 0.029288253441797276 0.028660866093628414 0.02651777845542648 0.03440455191808336 0.08577302770637865 0.37614802294426225 0.3090103517496634 0.005975274139170947 0.0 0.0 0.0 0.0 0.0
0.0 0.07609094034976555 0.0 0.011370801690132265 0.0 0.0 0.0 0.0 0.046629397389818854 0.06881190547467082 0.05359304874708274 0.041354524471893826 0.019065379424630415 0.03142210286716891 0.12261467590289063 0.1598939410451104 0.18676178889971598 0.1823914843886083
0.0 0.016027959178236052 0.0 0.0047006587779568915 0.0022701636834077843 0.0 0.0 0.0 0.008920066154455264 0.0126063899121312 0.009598192544764917 0.007377572283213538 0.0030392889827435946 0.0062013499851822215 0.019794917973145705 0.02732855267812701 0.030768303724274672 0.03160685153453774 0.027244085837178467 0.041381962828672576 0.11302614840642532 0.26674484357449674 0.36188626673482027 0.009476423480404637 0.0 0.0
0.0 0.014026332880691335 0.0 0.0 0.0 0.0 0.0 0.0 0.006187987608155038 0.012311419199912405 0.009961141530382097 0.006068455237664436 0.0015706852254111284 0.003605094871274442 0.01632776375728162 0.02289987448302494 0.02545390967281427 0.026660057921883945 0.02300245274819898 0.029751668666402983 0.09665312547838216 0.406971845210929 0.29080115369212256 0.007747030224180948
0.0 0.011979231465460632 0.0 0.001374955066017737 0.0 0.0 0.0 0.0 0.009406329668336079 0.012677433767148536 0.009054510086542233 0.006496379672204777 0.0027901280145818546 0.0038569694137581545 0.01763459811415772 0.025397940389987175 0.031213458619120497 0.03111333595226275 0.026829461163030793 0.03486490720531062 0.08986273745821874 0.26561488418590123 0.4114863358225874 0.008346402269338277 0.0 0.0 0.0 0.0 0.0
0.0 0.01419964900567572 0.0 0.001871369030411547 0.0 0.0 0.0 0.0 0.008780535280155991 0.012392575888458997 0.009133227657004885 0.007604939439458571 0.004044065546125285 0.004729285833115084 0.01791528641959643 0.02609595358726186 0.03013577072301808 0.03056102049911476 0.02709787243030607 0.03949667849490396 0.10091852349600013 0.3234493916051827 0.34157385340178437
0.0 0.015681916315503704 0.0 0.0029139556733839087 0.0002462222546178639 0.0 0.0 0.0 0.007252936150697301 0.01130091415193866 0.010337219878939865 0.007262464591042656 0.0032373479502921442 0.005067256758570842 0.017512744635516574 0.023934108855518894 0.030485538010319824 0.028254825531012297 0.02489453886186138 0.0374122084099396 0.08558520977916532 0.4310382283113046 0.2575823623376899 0.0 0.0
0.0 0.010613989773766132 0.0 0.00225294019859088 0.0 0.0 0.0 0.0 0.008504666223502226 0.011309213419248444 0.008527767172856996 0.006854258547733843 0.003399195513963055 0.0043845372015162525 0.018314110844192724 0.02532497314113458 0.02912263129894336 0.028721582727931058 0.025581899371396224 0.03316165415197579 0.10729862296848122 0.5191373141271186 0.15749064177508298 0.0 0.0 0.0 0.0 0.0 0.0
0.0 0.01306546760853431 0.0 0.0019478631856420592 0.0 0.0 0.0 0.0 0.007705825999087983 0.011631260319229498 0.00908332445054651 0.00605629707655121 0.003990194627897137 0.005781327179950509 0.019390007596004396 0.026077200659592886 0.033198696748694995 0.031185201884095 0.02844362409769351 0.03814954908143132 0.1116214194778468 0.47143133916422675 0.18124139928359567 0.0 0.0 0.0
0.0 0.010148181587411466 0.0 0.0021621400156607053 0.0 0.0 0.0 0.0 0.007973276563464709 0.01170638624906705 0.008988713558158886 0.0074520710825530315 0.00323335718439574 0.006128587257670635 0.01769681534671393 0.02616655608700737 0.033474207845776566 0.03185998032931423 0.028324594797724457 0.0397831918507749 0.13692029397307984 0.3669524170088018 0.26102922763382164 0.0
0.0 0.009587524818921363 0.0 0.0021785183402346694 0.0 0.0 0.0 0.0 0.00837927996006379 0.011897177228541302 0.010190723287005314 0.007205278705615979 0.004356637437912929 0.005749286730110992 0.019999120495062635 0.02694972807741004 0.03210723467655039 0.030557648838892816 0.026731365212914367 0.03710082368895916 0.1720458685999025 0.4993855478297843 0.09557823454110527 0.0 0.0 0.0 0.0 0.0 0.0 0.0 0.0 0.0 0.0 0.0 0.0 0.0 0.0 0.0
0.0 0.01325997302324597 0.0 0.002065363771493158 0.0 0.0 0.0 0.0 0.008297962731744027 0.011899064179521128 0.008616299500893682 0.007211421164521988 0.002752372359015539 0.0047950323120535135 0.0180486869309942 0.027080268270079814 0.030404456218723626 0.029355895805739697 0.02547172748747229 0.035040667894200454 0.09296171592210056 0.42076083777003515 0.26197825307599754 0.0 0.0 0.0 0.0 0.0 0.0 0.0
0.0 0.01027481630820143 0.0 0.001955708923180644 0.0 0.0 0.0 0.0 0.0073298294697526 0.011447392867643314 0.008840148856857553 0.005630203885145352 0.002263197803304429 0.0041022031763119126 0.016148018898723422 0.023133096728596255 0.026721528937952033 0.027089901185237426 0.025123610776080274 0.03038223383432155 0.07630273128245575 0.4396665223183845 0.28358885322073013 0.0 0.0
0.0 0.009632204010838193 0.0 0.00010582654528169858 0.0 0.0 0.0 0.0 0.007652675645036549 0.01287524388491966 0.010583734641366888 0.007486976461401321 0.0031264244708430733 0.004560912988607244 0.019780481197611704 0.028031956870265155 0.03281450172249472 0.03242939227169925 0.026913696038958615 0.040634300336744394 0.13498469199605756 0.6283869792704838
0.0 0.010882424887842513 0.0 0.0004900042065157527 0.0 0.0 0.0 0.0 0.006910189876078183 0.01194015377438186 0.009404328501595473 0.005388487674928285 0.0014728739240194113 0.004382611208457475 0.01636708030820073 0.02195367260820916 0.024696954086545656 0.025631867875843265 0.02491665807099486 0.030032740255118956 0.09296527110909247 0.42061985280455716 0.2914362129495859 0.0005086143169037418 0.0 0.0 0.0 0.0 0.0 0.0 0.0 0.0 0.0
0.0 0.011540635393367324 0.0 0.0017809608597207057 0.0 0.0 0.0 0.0 0.007407552088391318 0.011204303729126492 0.00864842217389067 0.0064646460082988045 0.002571287264220898 0.004295542483548508 0.01757895152534556 0.023991854200684237 0.02811964813705556 0.0280686265942675 0.026309612666966235 0.03434717479585857 0.11277556409214247 0.5100854154258548 0.1648098010475567 0.0
0.0 0.053521731457536456 0.0 0.0006461146400849073 0.0 0.0 0.0 0.0 0.033063703698021245 0.06499535528106261 0.044015750627397675 0.036429493122060286 0.010959722085208446 0.026853234560694425 0.09934174436982778 0.14454073706458062 0.15859141125455636 0.1641186580418626 0.16292233483935026
0.0 0.010013339997138021 0.0 0.0019821121278908826 0.0 0.0 0.0 0.0 0.007567788717506491 0.011803034625271793 0.008401624898835542 0.006650010850562237 0.002344786522402688 0.005157863447066405 0.01701680902403969 0.023625590034260447 0.026109916583564433 0.027831543188286928 0.026617896930417037 0.03779264251156346 0.09449613108506097 0.4337676531163292 0.25882125478580903
0.0 0.008159576926752147 0.0 0.0 0.0 0.0 0.0 0.0 0.005913395721462201 0.012250504489089709 0.009593369461271747 0.005698827121541295 0.0012659286276338073 0.00411711067614581 0.0161160270131986 0.023484935621976906 0.027567899054955748 0.028240280468027953 0.02367548127432397 0.0325591530442764 0.09017189033711155 0.4232099885516853 0.2823107958415481 0.0056648341759624994 0.0 0.0
0.0 0.009645344187808364 0.0 0.0015209634088598383 0.0 0.0 0.0 0.0 0.008291788861767 0.011328649090490117 0.009409309877662317 0.008032550239214392 0.0038078354265561947 0.006424678753452964 0.020288595762006846 0.027398982457335477 0.037298288032767864 0.033314130874480215 0.027250776414215125 0.04530787786539173 0.17741498411865775 0.5115564840952183 0.06170875904609356
0.0 0.007838270161668066 0.0 0.0 0.0 0.0 0.0 0.0 0.005609620417475585 0.011800281213192987 0.00944298645442657 0.0060299314887557074 0.0014380467170213938 0.0027752798898734395 0.016848722957238226 0.021918987492907546 0.02629279257007874 0.02654142873358258 0.023143902839067414 0.03078181149749097 0.1039313301513777 0.5151287977499195 0.1904778081356177 0.0 0.0
0.0 0.01350121802409676 0.0 0.002184954390613398 0.0 0.0 0.0 0.0 0.007336545737270852 0.01197559982770144 0.008545473955821049 0.005929228319048601 0.0024493261387086235 0.004420329520436038 0.016923682330397902 0.0243223798333023 0.02676798259434624 0.027978140004881892 0.02466386846110643 0.03334257250746759 0.08148060672849501 0.3703550678618015 0.3287060336032188 0.009116988559544263
0.0 0.012910561569992764 0.0 0.0 0.0 0.0 0.0 0.0 0.005845019635029983 0.011634342482533684 0.0093504044227526 0.005288248200719012 0.001953639932260075 0.003576011087589969 0.016408366048043754 0.024340016139740447 0.026420868921352567 0.028114051262151562 0.024715853902041764 0.03197349197721967 0.07594911012024824 0.4238390102046833 0.2976810025427078
0.0 0.009708265975357542 0.0 0.0011824461190695233 0.0 0.0 0.0 0.0 0.007725005761456073 0.01159542665380078 0.008143853592841003 0.00580656490320549 0.0023607776382159732 0.004293613833452324 0.0158457968488459 0.023510973791812682 0.02747766710196533 0.028329942509560647 0.027222492753794878 0.03397208477270292 0.0931789762971467 0.5040241528669884 0.19562195703285878 0.0 0.0 0.0 0.0 0.0 0.0 0.0 0.0
0.0 0.008386265001589848 0.0 0.00010448770280192193 0.0 0.0 0.0 0.0 0.006979124672667934 0.011944484160471218 0.007858153164708673 0.006373894107939397 0.0017180913091917542 0.003767398900266605 0.017770650196515896 0.025380535386834407 0.031862078392311366 0.03231111228179419 0.026263001527903257 0.03954275992100596 0.16458518794089727 0.6151527737198366
0.0 0.011988742243072337 0.0 0.0010331533937314535 0.0 0.0 0.0 0.0 0.009528200917789597 0.012534980037111084 0.009851576703509297 0.007830906109772577 0.004269862180964495 0.004724159681575632 0.0178796243696818 0.025527888554589595 0.030102546591417197 0.029828025091849827 0.027579404260637253 0.03823810283211283 0.09901159614361883 0.46678481644910585 0.2032864128095545
0.0 0.012858559874754162 0.0 0.0018351352619737603 0.0 0.0 0.0 0.0 0.007611758744747764 0.012498478702102694 0.008840895852471343 0.005771100612777553 0.003211225491629924 0.0037938633984626853 0.01724486303040367 0.025599709006498196 0.028900631379984887 0.029528671258635317 0.025460977995078345 0.03443458443311755 0.08675794380708081 0.40159598934776075 0.29208287579917797 0.001972734333822266 0.0 0.0 0.0 0.0 0.0
0.0 0.008409493004074339 0.0 0.0015489431058732315 0.0 0.0 0.0 0.0 0.008357827479555519 0.011133278549610631 0.008660900832423452 0.007527122656145262 0.00377790086885617 0.007293713110364394 0.021307875851211168 0.028221341154665 0.032436757093148874 0.03163974223679345 0.02718529228922613 0.05048964808691373 0.1315814215129886 0.5238712384420227 0.09655750220107147 0.0 0.0 0.0 0.0 0.0 0.0 0.0
0.0 0.010979391612904905 0.0 0.00352809183002006 0.00035430332493481965 0.0 0.0 0.0 0.009316463689108358 0.013028752625714023 0.009354991478115065 0.007133581989389013 0.0028072476880244028 0.006023372330288348 0.019081436542432845 0.02892416317093561 0.03221849859015847 0.032570643851129163 0.028011809893864113 0.040169885266002195 0.1165418266990599 0.3316210571122816 0.308334480601811 0.0 0.0 0.0 0.0 0.0 0.0 0.0 0.0
0.0 0.011862541146157955 0.0 0.0019028704445619765 0.0 0.0 0.0 0.0 0.007463798916987994 0.01203125836781013 0.01022670347824155 0.006983035154641055 0.0032902535534233197 0.006315534696437608 0.018192894182816565 0.025645064253079674 0.02790753262859784 0.029411134361784788 0.025750515426734087 0.03612294616438391 0.12279689645890768 0.48176167803465836 0.1723353411684158 0.0
0.0 0.011431878575279254 0.0 0.002583556871286492 0.0008132547543237962 0.0 0.0 0.0 0.008063699268274771 0.011190289865752115 0.009254425113104613 0.006827551590977396 0.0030576071049528506 0.006519695008281922 0.018850150619066853 0.027434561447787453 0.030103125092612783 0.030351452143944833 0.02689832240405205 0.040611873376879846 0.1382920480663585 0.521926309944052 0.10579019724062966 0.0 0.0 0.0 0.0
0.0 0.5469281437566803 0.0 0.45307174585202253
0.0 0.010819061272493304 0.0 0.0034739451303046043 0.0012613335314487272 0.0 0.0 0.0 0.00939608609006623 0.011457950903576715 0.010001325756409891 0.008025953304453834 0.004352027628918218 0.00759445686452259 0.019705364187721463 0.026569635205350335 0.028918214267606483 0.029800376594595307 0.026580530070983287 0.04035881153499569 0.10343658983760233 0.5031814379032667 0.15506689837319054 0.0 0.0 0.0 0.0 0.0 0.0
0.0 0.011584547508765334 0.0 0.0006479156251488465 0.0 0.0 0.0 0.0 0.008866937153680242 0.011741280537197918 0.008828736402123465 0.006820003802350699 0.0024822184000697378 0.0036547335071760332 0.017011194688350363 0.024629238624800074 0.02679130057305961 0.029888450483339397 0.026311147770806925 0.03230732066833519 0.10853989130952811 0.5068240383080697 0.1730710430673215
0.0 0.014254312252622166 0.0 0.0026597214308054797 0.0 0.0 0.0 0.0 0.00873377507845869 0.012411995546444347 0.009803035909090036 0.0073178876751223264 0.0029704909510999693 0.004797159569050845 0.019224318941145974 0.027035373377514032 0.03418250538456893 0.032795243147457694 0.027512652667540622 0.03710683321548893 0.12073092225013979 0.3312883216646123 0.30018911961599365 0.006986329631821029 0.0
0.0 0.015245923728328111 0.0 0.0028749257801869393 5.917214504361374e-05 0.0 0.0 0.0 0.00940341177320133 0.012914549044065625 0.010250640999478639 0.0084236390301479 0.0038761539723916063 0.006230302232547588 0.021630668652637085 0.03021162154170773 0.034803492233626644 0.034819857886446384 0.030741247476899596 0.04720373693453419 0.13934272773093365 0.40147611331973193 0.19049181376644814
0.0 0.016087072741798616 0.0 0.004518463606069517 0.0021087465469721064 0.0 0.0 0.0 0.008418469368219288 0.011806060746545692 0.00925189594225243 0.007888109168071918 0.003406061160090522 0.005542351617585135 0.01781884997121756 0.024288155993896696 0.028414169485318688 0.029185208447061555 0.025565536103679756 0.03430125463758434 0.07052267589692056 0.28264636893692613 0.3717192314764128 0.04651131655507104 0.0 0.0 0.0 0.0 0.0 0.0
0.0 0.011182578667210027 0.0 0.002049609596814608 0.0 0.0 0.0 0.0 0.0074326367502700365 0.011908091989044587 0.008638852843392652 0.006508690590275223 0.003352896435583094 0.0040874000092371654 0.017739708734288775 0.025501652415206296 0.029716737974285375 0.03039897821736202 0.026819587370939372 0.03449247961083403 0.08071352187537821 0.38452318735054514 0.3149333879604652 0.0 0.0 0.0 0.0
0.0 0.01223837610329479 0.0 0.0031471033363955803 0.0003468410434356864 0.0 0.0 0.0 0.008324375150938368 0.01197998303106034 0.009343677421953998 0.007345649159027013 0.0028109202497260824 0.005074993451283756 0.01881002234185017 0.024314946124937457 0.028915571386774933 0.029390200975383817 0.024872356075631107 0.03499588225387498 0.08768071713187056 0.37055788451302474 0.3072194178368037 0.01263108081798743 0.0 0.0 0.0 0.0
0.0 0.010555296141619798 0.0 0.004116178357319604 0.00465848490627589 0.0012965089701688802 0.0 0.0 0.010947807859340842 0.012690286717570696 0.013022813330227583 0.010881642877831105 0.008555188086350677 0.011130785940186043 0.027135535195974184 0.034437854091838714 0.0460170505234646 0.03853657877637089 0.04420139834558202 0.07061920582588653 0.4286630992934164 0.22253428325795066 0.0 0.0 0.0 0.0
0.0 0.009886372731046682 0.0 0.0011604967942724098 0.0 0.0 0.0 0.0 0.0064354811699025675 0.011738180526707503 0.008714085777628463 0.005892485274625398 0.0026366061886258308 0.003739055558891561 0.015804372465984675 0.023582623047681026 0.027680351925419927 0.028733532791750217 0.028088919159395112 0.03478638971047388 0.09380994160824122 0.4574562291337203 0.2398548745811653 0.0
0.0 0.824379254888218 0.0 0.17562061442891247 0.0
0.0 0.008105392639590701 0.0 0.0 0.0 0.0 0.0 0.0 0.0064237122578508716 0.01181318423584284 0.008073764818521805 0.004963473427620052 0.002383167433497641 0.002884836394099873 0.01594222377375288 0.023644294413926722 0.029748639395323864 0.028232341042066376 0.02851020484780928 0.03336203897065007 0.08172371542055581 0.4131836078507698 0.30100540150763894
0.0 0.013524862552327436 0.0 0.0025335987668601958 0.0 0.0 0.0 0.0 0.008967569128553758 0.011651604901598766 0.008853604519075213 0.006635336138661775 0.004280773109970037 0.0056977071136428675 0.019669158811736875 0.02617484116261757 0.030744357956588406 0.030797508101023243 0.028353880782160397 0.03944002397206951 0.158481030495111 0.5108576026034622 0.09333653832355794 0.0
0.0 0.05650313201379332 0.0 0.0040082775464647105 0.0 0.0 0.0 0.0 0.040537802563620697 0.06675777670601545 0.047901731410990356 0.033034336279936106 0.014685826065347306 0.023616663763384962 0.09530602543028725 0.13745516667504437 0.1751263616256861 0.1661469288005736 0.13891996264830053
0.0 0.012802151759625569 0.0 0.0013200856363711452 0.0 0.0 0.0 0.0 0.006872797547503596 0.011336461707739935 0.008500828154618029 0.006588950356308413 0.0026192737145044236 0.005859096349929403 0.01696741507203678 0.024237073986617185 0.03052495475930819 0.02865214680066948 0.024620591674732583 0.03365236255358456 0.09941219495849032 0.5240746648232927 0.16195894862690646 0.0 0.0 0.0
0.0 0.010737785375733406 0.0 0.0037689689255488578 0.0036543194286069985 0.0016268128477308166 0.0 0.0 0.010171561505575947 0.01312431919748787 0.01241086599457137 0.0129780402548167 0.008054277831764904 0.011696056747261197 0.030249884976025185 0.043357583937098314 0.05905342690990808 0.04445843700205299 0.04658835390995892 0.11946113651478808 0.49121073953400374 0.07739742755146671 0.0 0.0 0.0
0.0 0.00859569006512407 0.0 0.0025481986441748075 0.0017154919277973884 0.0 0.0 0.0 0.009165633659981402 0.012166646514619179 0.010763345116736673 0.010875552727488687 0.006612314605559847 0.009414139087452355 0.025285821759536448 0.03574647779726869 0.04339833500122061 0.04131691030665131 0.04299747529817508 0.06525541308464523 0.4092284838962301 0.26491406902619624 0.0 0.0 0.0 0.0 0.0 0.0 0.0 0.0 0.0 0.0 0.0 0.0 0.0
0.0 0.23875355676566648 0.0 0.05473865750760084 0.004630316084690604 0.0 0.0 0.0 0.14725743986262319 0.20686019498321193 0.1531538837485857 0.13282004015958854 0.06178588324254765
0.0 0.012997947612087678 0.0 0.0030573703668460316 0.00018640655669987017 0.0 0.0 0.0 0.009588107378558083 0.011833111798980087 0.008867424746311732 0.006466609549904468 0.0029338891710114245 0.006035899094003975 0.019569440469209522 0.02664640521391381 0.030114420197853924 0.029599551117328156 0.026393767518757296 0.04103703300233025 0.1428278084002973 0.476103128287375 0.14574167796715395 0.0 0.0 0.0 0.0 0.0 0.0
0.0 0.009863532367719982 0.0 0.0015107639753293247 0.0 0.0 0.0 0.0 0.007725891526808998 0.011667075146834417 0.008997224425396666 0.006382798542240091 0.0036121316476764474 0.004546679148459438 0.019212128909952345 0.026603077448359616 0.03014533835982473 0.029371854993153354 0.026372189518403626 0.03876448159958876 0.13323304972336472 0.47853779554766096 0.1634539855441692 0.0 0.0 0.0 0.0 0.0 0.0 0.0 0.0 0.0 0.0 0.0
0.0 0.01523708743035817 0.0 0.003068902910399318 0.0 0.0 0.0 0.0 0.010070516664879682 0.012680538959851932 0.009950181633276956 0.00669781732416697 0.0028634110026000102 0.005197055135443066 0.020974596629829714 0.02801996857762016 0.030340010826844916 0.032945377189483996 0.026842106021248712 0.03724764793087156 0.10389754639879605 0.2755672223702432 0.361046834169041 0.017353177131525205
0.0 0.01744682827800984 0.0 0.004750840037754434 0.0024835774410133286 0.0 0.0 0.0 0.009035036393928159 0.012406389161358248 0.010391906633221704 0.008956142124790555 0.005109275756347566 0.005728199023393745 0.019723415661846325 0.027565169917461805 0.032013485053556785 0.03241643462707813 0.0317349796915563 0.04087569700589876 0.11772965724026625 0.30330403942564493 0.3183289248310036 0.0 0.0
0.0 0.013937934910661379 0.0 0.0051878207558802795 0.004223412975871029 0.0006768534135287176 0.0 0.0 0.008487951192215548 0.012104537071137685 0.010737925633063748 0.008688086070746191 0.006088564992364096 0.007081157588848792 0.023547763562736922 0.03136711026483948 0.03744250801765575 0.03449668734539978 0.031395426395580586 0.06173696030793298 0.19579062061738103 0.4228380952670869 0.0841705820148235 0.0 0.0 0.0
0.0 0.017425760001485407 0.0 0.004226863868857295 0.0018271292969458755 0.0 0.0 0.0 0.008463657235466446 0.012207332164427088 0.010159490855993094 0.007754111345539006 0.003855671018200205 0.007317086306201877 0.019193579302256625 0.027067988865117094 0.031816564565277095 0.03216142708322728 0.029853537187064138 0.036593937080300024 0.1112743253632863 0.28187164043093954 0.34427549519704886 0.012654401125945992 0.0 0.0
0.0 0.07802241493300943 0.0 0.018924418850601605 0.0 0.0 0.0 0.0 0.056915653250783516 0.07545722547802614 0.05735777085367629 0.04361085500047308 0.018442494565157744 0.038242075039492805 0.10974614570476171 0.1526750185703522 0.17757124471815375 0.17303467321425714
0.0 0.009982839227713772 0.0 0.0 0.0 0.0 0.0 0.0 0.007852941376853856 0.012100817618686165 0.008381083080911091 0.00491979788864234 0.0013651280434192057 0.0027987988126299576 0.017492425517396774 0.026361669961372514 0.030095936443394016 0.030266599316715048 0.028518147508009004 0.03470321589060191 0.1207593370516756 0.47876005819007916 0.18564120250653482 0.0 0.0 0.0
0.0 0.01523418490467811 0.0 0.00300479548344342 0.0009269103614550427 0.0 0.0 0.0 0.010549498206042866 0.013445526242156393 0.01037733738282086 0.009359851757425985 0.004092815714613787 0.006094009081038956 0.022448263311894773 0.030567735302258647 0.03643740071824622 0.03523524049435884 0.03022901227365617 0.04194456560277939 0.12080726834891511 0.6092455830293372
0.0 0.015744279543918462 0.0 0.004611164412553823 0.002336318148498542 0.0 0.0 0.0 0.009005649189984196 0.011908417043549023 0.009281348598617132 0.007554905469504688 0.004516812498742402 0.0053474378989893006 0.01966201597487474 0.026196674184830047 0.030464434352377487 0.030797788566364653 0.025777363215154482 0.03448380655376128 0.07787566103472397 0.3066334524275422 0.342083632276495 0.035718836988253795
0.0 0.009700448614611596 0.0 0.002723406278931189 0.0 0.0 0.0 0.0 0.00843787841698624 0.012984357147464971 0.010015020627653009 0.007902954335497476 0.003936527892081372 0.006362286828121414 0.021886032700075046 0.028004887205500515 0.0342715394516885 0.03218338180501633 0.02969234563967684 0.041805375397455456 0.10852613377363649 0.38492496111450286 0.2566424610605655 0.0 0.0
0.0 0.020088490885709017 0.0 0.002939974478388458 0.0 0.0 0.0 0.0 0.015001266877932911 0.01977821763268998 0.015047749834728718 0.01108221006154206 0.004271963626121479 0.006491210477687232 0.028810689852404803 0.03954912333959186 0.046201815183625906 0.04951344053547164 0.04557049422609584 0.05312537712504309 0.11818350763676831 0.5243444656299286
0.0 0.012069219639790634 0.0 0.004551882086393358 0.003984388758873456 0.0 0.0 0.0 0.0090754745783509 0.012473501815210909 0.010656873065156596 0.00845103384012874 0.003968364760588896 0.005815314673799729 0.021135615645420887 0.030166814722964924 0.03349025799316605 0.033555839570931306 0.029864047497057376 0.03860713203809195 0.10691940480736863 0.29471987746953043 0.3404949553329719
0.0 0.06867773196814725 0.0 0.001587926308352887 0.0 0.0 0.0 0.0 0.04158012048372482 0.0792915103404583 0.05939957138503748 0.04328999590966765 0.014761503996441194 0.02849582119472093 0.11709654547449228 0.16531448258289735 0.19155521551958568 0.1889495639825395
0.0 0.01170406867123947 0.0 0.0013967344428303158 0.0 0.0 0.0 0.0 0.008410818858100773 0.012601935428336548 0.009075471195922604 0.006737334636104756 0.002715305400432022 0.004808605601509615 0.01719227625283215 0.02589614562973577 0.028310131295017936 0.029534062885501457 0.026489352438725883 0.03415446562661107 0.09258800097640617 0.2842956580101626 0.3877214615671144 0.016368169404331084 0.0 0.0 0.0 0.0 0.0 0.0 0.0 0.0
0.0 0.009545111609595428 0.0 0.0030315311447264 0.0012766909057812651 0.0 0.0 0.0 0.008080916402387592 0.011700475559172762 0.009063687967532805 0.006875870493700478 0.004034438595888435 0.004754452440461239 0.017843157012969738 0.024739141118476846 0.028454401419367413 0.028753232223351598 0.024038505836774214 0.031817551005485924 0.11279394979951042 0.49681458672673884 0.1763822982432817 0.0 0.0
0.0 0.010323213000110177 0.0 0.0014277345139033445 0.0 0.0 0.0 0.0 0.009341715500343737 0.011025194670832817 0.010009353855785027 0.006887115859527991 0.004483622086311173 0.00525197571274213 0.018350860670795242 0.02679021901953342 0.028412666135373604 0.029463991454235606 0.026943202878513983 0.03846858263648523 0.17348518178223865 0.536813061862562 0.06252230691572738 0.0 0.0 0.0 0.0 0.0 0.0
0.0 0.01614886959841227 0.0 0.0053122447981764605 0.0032994490171317794 0.0 0.0 0.0 0.00880624493995165 0.012060098875584367 0.00980368124739051 0.00791035305704656 0.004119288546301381 0.006186640991928606 0.0189973693327338 0.026571445039696436 0.029976652847460702 0.03057952518403078 0.0268846523684641 0.03780478943484003 0.12012469272520407 0.4251013645020729 0.21031263586816373 0.0 0.0
0.0 0.012072487961985482 0.0 0.0025437702455510663 0.0004343727038461263 0.0 0.0 0.0 0.008278804028499138 0.01165808293540139 0.009473416337226198 0.008166826599186019 0.003648306661285093 0.005646052966771043 0.0209565316268875 0.028461687184386332 0.03442136316140899 0.03585903592427555 0.02799640768487149 0.04150716254714499 0.12219687255612509 0.5189877050523204 0.10769111225922472 0.0 0.0
0.0 0.012495995823080967 0.0 0.0026343511606826213 0.0 0.0 0.0 0.0 0.009711685536433715 0.011962479501915063 0.010598999395149925 0.007370029637486111 0.0032880434988953257 0.005100498109780079 0.01985027793486761 0.028866410621735603 0.031763228361164984 0.031899046373210366 0.028803655031606375 0.03944080963794473 0.1533438473111761 0.505232733153918 0.0976379073371646
0.0 0.01168048389311035 0.0 0.001499025898478356 0.0 0.0 0.0 0.0 0.007692756610681907 0.011158747857689446 0.008729869694702791 0.007344762718662765 0.004342700550226653 0.0052406692536362915 0.019392162367015506 0.0284881058605175 0.03308629587775502 0.03419125292569814 0.028786778830364564 0.04507961090300712 0.1552564800863323 0.5524382430027769 0.04559205218243019 0.0
0.0 0.007381928555222275 0.0 0.0020997564573558562 0.0012869959129300052 0.0 0.0 0.0 0.008089688595560033 0.010901379328269225 0.009257269683993716 0.0077091040389750285 0.004621374843374825 0.005924349093883453 0.01895328845501737 0.02630281649237188 0.032846653765618065 0.031236297302709038 0.02687235123143425 0.040193317960721384 0.21881099008481472 0.517920270256312 0.02959216652306636 0.0 0.0 0.0 0.0 0.0 0.0
0.0 0.008822212340798875 0.0 0.0 0.0 0.0 0.0 0.0 0.008376455834994686 0.01159765864147511 0.008189924057389823 0.005473485851323949 0.0029058347867166167 0.00339763358529802 0.015812468735441995 0.02408902169768533 0.028427965647935052 0.028750729653251574 0.02500793866193577 0.037224520310458475 0.12724615091934624 0.4983069006339339 0.1663710971101128 0.0 0.0 0.0 0.0
0.0 0.009507393704573312 0.0 0.0020431311851313192 0.0 0.0 0.0 0.0 0.0077947078812381195 0.011582625692320476 0.008416925165766738 0.00736399804779553 0.003607695888659761 0.005784636248854748 0.019067853651398223 0.024410124899541797 0.029138784511932865 0.029433167007314215 0.02536970671850666 0.03869738471452562 0.08817551037232824 0.5267712831243893 0.16283506963534652 0.0 0.0 0.0 0.0 0.0 0.0
0.0 0.010957114308049331 0.0 0.0003133200616894914 0.0 0.0 0.0 0.0 0.0066555861141839815 0.012158115988784203 0.00970248727923656 0.005057670195175199 0.0024633463562790986 0.004776204456868956 0.016398184076357167 0.0257533421192333 0.028511879679629364 0.029423170973652914 0.025265092635346903 0.032857582324892366 0.12035455763691752 0.45813243908695656 0.2112199051349034 0.0 0.0 0.0 0.0 0.0 0.0
0.0 0.012649022601060789 0.0 0.0018357296823524687 0.0 0.0 0.0 0.0 0.009061802728937142 0.012234151887249457 0.009476778888566725 0.007055028213177962 0.0030491650101899677 0.004637261046478717 0.019874310662109585 0.027349329569385114 0.03153182623414717 0.03000443184056547 0.028189533565418777 0.03801913416185657 0.08849528580593913 0.4388182558380905 0.23771895069195248 0.0 0.0
0.0 0.013682970542879175 0.0 0.0020866937640087236 0.0 0.0 0.0 0.0 0.008845475687687383 0.012466676601929554 0.009639570982028164 0.00606134150058515 0.0026066456326744652 0.004138585850678669 0.018149913921555315 0.02559850951776175 0.028903842016583345 0.03147986957781189 0.026165924950627823 0.035139414042228374 0.1006616056367145 0.4197087223464748 0.2546642357713872 0.0 0.0
0.0 0.030202014553439044 0.0 0.012074221103222883 0.002698171031886848 0.0 0.0 0.0 0.03289448373441151 0.04750326953441348 0.036368888196021285 0.03267482452620191 0.01943420704963907 0.02861188788835709 0.09047522296796705 0.111739586213116 0.1394015641322049 0.13319362796650538 0.10977552848645553 0.1729524964444687
0.0 0.12981173513043398 0.0 0.022068741334877382 0.0 0.0 0.0 0.0 0.07065912019922267 0.11989714928056978 0.09192612353312755 0.060338729724541934 0.024481539345912202 0.03972166384818218 0.18563436859274116 0.25546081285311595
0.0 0.012295834935122762 0.0 0.002588465232488579 0.0 0.0 0.0 0.0 0.009333278552385263 0.011498918857502326 0.008593768544095513 0.0071701047823247875 0.002915196657107611 0.004298731357660908 0.01738794587721795 0.024522618151378264 0.02805946048176569 0.02839251029070776 0.024708047526591215 0.03737656577231872 0.10344814715536736 0.5019148357323593 0.17549556858194973
0.0 0.01254297382576223 0.0 0.00200687247704196 0.0 0.0 0.0 0.0 0.009211526684012615 0.012060649792232819 0.009622980267611173 0.007351028485827841 0.003359330792722411 0.004757134285358619 0.018254762849189424 0.02621389552842396 0.03279517564000282 0.03138216180038145 0.030230308546505276 0.040916607605079 0.11769940397716454 0.4922205499117565 0.14937463593226005 0.0
0.0 0.012617007866651297 0.0 0.0018788295299432033 0.0 0.0 0.0 0.0 0.009998001319423045 0.01193980988554475 0.008972332657076539 0.006270591940283692 0.0029668543717939326 0.004604802896969315 0.019565737949059317 0.024647801834691653 0.03149520606340849 0.029681423923882906 0.025650695096382452 0.03410434091995006 0.09932316969915882 0.44021601211166206 0.2360673803567901 0.0 0.0 0.0 0.0 0.0
0.0 0.011954715331622673 0.0 0.002644575181710382 0.0007593231268181073 0.0 0.0 0.0 0.00799038755287514 0.01106373572329342 0.009846133585301649 0.007788316994152181 0.004805499654463117 0.005702234677941482 0.020118429006880597 0.02970621081877809 0.033834007619482895 0.03205020971632118 0.027347393631191354 0.043437151711513744 0.20458135586180773 0.49660829177925075 0.04976202656633329 0.0 0.0 0.0 0.0 0.0 0.0 0.0 0.0 0.0 0.0 0.0 0.0 0.0 0.0 0.0 0.0 0.0 0.0 0.0 0.0 0.0
0.0 0.010054542443078957 0.0 0.0023638140086862246 0.0 0.0 0.0 0.0 0.007515239745306593 0.011739930581848915 0.00912846723140544 0.005946709041984946 0.002596498839793315 0.00541219940558356 0.019318130062605524 0.02595511621882674 0.03232335457782648 0.03048804356901617 0.02655812928797236 0.03658665454625506 0.0825431991330125 0.48348382621807384 0.20798614353535713 0.0 0.0 0.0 0.0 0.0 0.0 0.0 0.0 0.0
0.0 0.009743496843216326 0.0 0.0005321661967424213 0.0 0.0 0.0 0.0 0.006778620928260529 0.01185509511098499 0.008653993447597775 0.005717585887742339 0.0031038841028429623 0.005048247391944 0.018459354913140807 0.02561567373378291 0.030736595751369198 0.030187363035425754 0.025426939530644076 0.03482045798718749 0.10911346794708444 0.4680099503385399 0.20619710523238335 0.0 0.0 0.0 0.0 0.0
0.0 0.012635638184157931 0.0 0.0022095253091101445 0.0 0.0 0.0 0.0 0.007881253511193285 0.01192653548673885 0.00860855143252127 0.006192437242151514 0.002531299108805476 0.004722914422859633 0.01777221763549385 0.023460548533723778 0.02655744457332521 0.027702365073463683 0.025746467637273132 0.03862504949690187 0.09981419701188508 0.518906013412811 0.16470754033246904 0.0
0.0 0.06250490044809348 0.0 0.0004726592136073448 0.0 0.0 0.0 0.0 0.06074044993470935 0.0752587136488692 0.056618242890495156 0.0393849584666964 0.023884901710207868 0.02864847205568682 0.12046896311164078 0.15527085381534542 0.1868729063907658 0.18987396865798503
0.0 0.009218497296559266 0.0 0.001304800545031337 0.0 0.0 0.0 0.0 0.008029780315409723 0.011441345990711192 0.008763244723077847 0.006494802514349664 0.002515267287003858 0.004124888416164909 0.01769974711534981 0.02551991989533893 0.02941706055003513 0.03131285300032236 0.02927774639055092 0.04318635979717313 0.1290174293638752 0.5049327292880507 0.13774352595822825 0.0
0.0 0.012938660691464121 0.0 0.002404344319160525 0.0 0.0 0.0 0.0 0.009714049574957783 0.011780904915187181 0.010416082500645097 0.0068384406766516135 0.0040906333120605196 0.0049548815989798115 0.018288826357157017 0.023772183949900695 0.028645500085390997 0.02822875744648164 0.023979445145887086 0.03458014003485115 0.0925114639999699 0.5102693279879341 0.1765863558672564 0.0 0.0 0.0 0.0 0.0 0.0 0.0 0.0 0.0 0.0 0.0 0.0 0.0
0.0 0.008376019888798686 0.0 0.00031605353937127443 0.0 0.0 0.0 0.0 0.0086673794452964 0.012087857957285706 0.008805287917956386 0.00835956950080393 0.0035037731685772164 0.005722944003049436 0.01984271315816311 0.02662632076836433 0.03259805695554623 0.03110921710486802 0.029125467147358773 0.045511672867700664 0.18030655691611808 0.48233067546008 0.09671043255417883 0.0 0.0
0.0 0.011930312247859808 0.0 0.002631933694990501 0.0006507474427256395 0.0 0.0 0.0 0.0076283583633672564 0.010883411700267437 0.009847773715756621 0.007884268824498148 0.003427379182364511 0.0057478339656177125 0.01811734302207548 0.025165495992516225 0.027481441435378534 0.027312276443346096 0.02813350500137616 0.03543847461618424 0.16617890251043227 0.5414928567012538 0.0700476836920628
0.0 0.010185209005585612 0.0 0.0033228238949367544 0.0003834215824728338 0.0 0.0 0.0 0.008444085085103826 0.011742074738155845 0.009060780726613123 0.0073721571626262795 0.003642615744565551 0.0049388792636086126 0.017011141038517225 0.02616387022522915 0.028686101558459003 0.028812463681760818 0.024383461354304643 0.03595680076245155 0.09809553513582973 0.47252129514777796 0.2092772823278553 0.0 0.0 0.0 0.0 0.0
0.0 0.012052148240618685 0.0 0.0 0.0 0.0 0.0 0.0 0.00668392510702096 0.011350783639565546 0.008618877280239946 0.005512063702296031 0.0018260511652836168 0.003293278773163863 0.015854360843456015 0.022941430229584656 0.02685416975229108 0.027986190466035572 0.023900601298403157 0.03601373878234891 0.09812710720765712 0.4182485564781113 0.2728698283016646 0.00786688716228624 0.0 0.0 0.0 0.0
0.0 0.013915663219644539 0.0 0.003967174693328438 0.0014260138308665867 0.0 0.0 0.0 0.010566098489150494 0.013722800909315123 0.012312596544422667 0.009718513494612413 0.00534020046407173 0.008458933816788488 0.02240392359581504 0.030737027238004425 0.03529712277813765 0.03673035626513243 0.030811292204417903 0.041768319263443716 0.16368320056672211 0.5591407608578675
0.0 0.007818751290944458 0.0 0.0 0.0 0.0 0.0 0.0 0.005336090449698297 0.011601468458625605 0.008226392215919812 0.004706807140204231 0.0009974475967095438 0.0024423767009564817 0.0154567016281382 0.022288036550982798 0.025592086690891004 0.027626037710892462 0.022090573749257946 0.03388562672281033 0.08256005949541005 0.41096587919483596 0.29602867594194066 0.02237698693528703 0.0 0.0 0.0 0.0
0.0 0.015360305287431819 0.0 0.0032383967767200886 0.0010008484050914675 0.0 0.0 0.0 0.008150818904525896 0.011202661151425255 0.00874491783577986 0.006681758145550386 0.0029784784942964797 0.004425177594383455 0.017297486234773028 0.02348202292954018 0.027581671913127947 0.02767510470735052 0.027267537264537702 0.03327290419164154 0.0690783555377555 0.37963631381619506 0.3134700891202172 0.019455150143375836
0.0 0.013798353885102381 0.0 0.002184226741559678 0.0 0.0 0.0 0.0 0.008174616033363367 0.0118465578599446 0.010159456917308048 0.006206285571232636 0.00283549383853783 0.004464249952378763 0.02012331036454393 0.027102583866156903 0.030361128745675856 0.031003726370254246 0.02648598265119829 0.043417486263090124 0.14109813686748413 0.3701778260125451 0.24863323986227995 0.0019273365857141343 0.0 0.0
0.0 0.9716387725802177 0.0 0.028361080488073186 0.0 0.0
0.0 0.013066573538608439 0.0 0.0024369415169230497 0.0 0.0 0.0 0.0 0.009471923636837694 0.011755507597933664 0.008743083765978807 0.007734995296594811 0.003982930156033686 0.0053996673051471085 0.020380267042684034 0.026998336525735543 0.034476154733107035 0.031177704257564425 0.029848967393336798 0.035616352215701835 0.1580366700786867 0.4870087328611021 0.11386519054390329 0.0 0.0 0.0
0.0 0.012164841688711877 0.0 0.002101885140972487 0.0 0.0 0.0 0.0 0.00815187225950135 0.011651638887931847 0.010247352445204843 0.008092488186818498 0.0037971477799936047 0.007192626530635961 0.018438898564322053 0.02796144277109191 0.0319301880577167 0.03131724766211841 0.02719646532578105 0.0380046891057643 0.121010663049705 0.5020876690535063 0.1386528819440754 0.0 0.0 0.0 0.0 0.0 0.0
0.0 0.01397339650554888 0.0 0.0028130373369410874 0.0 0.0 0.0 0.0 0.00814930476079762 0.012131032997286744 0.010726184793022423 0.0072041268493100025 0.0031552264426596846 0.004934917060264979 0.02000595486733516 0.027429619731484937 0.0324211252908819 0.03130940087871689 0.026637758731888197 0.0393262878199555 0.14417254696262588 0.473226853593537 0.14238322374120368 0.0 0.0 0.0 0.0 0.0 0.0 0.0 0.0
0.0 0.9999998427570508 0.0
0.0 0.010692948527357698 0.0 0.00043305532847281357 0.0 0.0 0.0 0.0 0.007071148230851128 0.012345246145714948 0.008294756555570605 0.005491052560468391 0.0020966829876416554 0.004242679316395338 0.017877938410312568 0.02570910144885342 0.029200004893817993 0.0304370721523678 0.02606849948440671 0.03615823760116675 0.09050787807510013 0.4481412657858049 0.2452324308813741 0.0
0.0 0.010534437222250875 0.0 0.0016917780512925324 0.0 0.0 0.0 0.0 0.010407683090085804 0.01276258265657798 0.011475210027569068 0.0077176383253711065 0.003229347233186699 0.005059827552053304 0.01936649891658558 0.027744206787785552 0.03236139488424643 0.03474863233896514 0.02962793423184445 0.038734699143756574 0.11718409128977833 0.37093692875690076 0.2664171077486503 0.0 0.0 0.0 0.0 0.0 0.0
0.0 0.09322795259384845 0.0 0.0023686358461771 0.0 0.0 0.0 0.0 0.08721738426616224 0.1112355544827044 0.08754829497068284 0.06874157414085556 0.028910647814556482 0.05967070126840103 0.18608061775833587 0.27499862174116135
0.0 0.01314311116256115 0.0 0.0040950247121120985 0.002211733635492881 0.0 0.0 0.0 0.00909259827704792 0.013611929379479394 0.010499242932753986 0.010040722984197972 0.004842212849729469 0.006754498681922053 0.02330781871100207 0.03065565218794905 0.036859972532792204 0.03374908479960608 0.031138568772256178 0.04742559052854507 0.17025733139677476 0.5523149047556422
0.0 0.009621294994728262 0.0 0.0001090911731887208 0.0 0.0 0.0 0.0 0.007625698429104811 0.013661685034510242 0.011560385474902929 0.00836251811005836 0.0034030981229711764 0.005025380185478561 0.019547854006204023 0.029042023970685442 0.03479248816801685 0.03495908275359772 0.030553479784362906 0.0414919431069932 0.1613376616003773 0.5889063132511352
0.0 0.17638696188216657 0.0 0.023228919646361094 0.0 0.0 0.0 0.0 0.10068372439549751 0.15557051889566417 0.12087529328270444 0.08502331886492952 0.03394430665001893 0.0630885227624128 0.24119841249982646
0.0 0.012913486896794932 0.0 0.0025921184983917303 0.0001289347433338376 0.0 0.0 0.0 0.00828343406095249 0.011801361830553251 0.008933690229520584 0.0074911940214462 0.0035562793311787757 0.006772860027519758 0.01862626622619551 0.025973217648786344 0.03314898558306421 0.03259847624370863 0.0267010078715059 0.041599682542421634 0.119886536769242 0.4799028154293182 0.15908965047528198 0.0 0.0 0.0 0.0
0.0 0.010863351286398794 0.0 0.00204968704283663 0.0 0.0 0.0 0.0 0.010442593028133735 0.012706381512642728 0.009761932699988813 0.00695823460832267 0.003369477148514836 0.005181857430032791 0.019140703743285453 0.026939782611024025 0.029314916792376695 0.03074499441240398 0.02574546805079388 0.034646799601732295 0.10898764297271059 0.31784099744008354 0.33694920875618184 0.008355969191632616
0.0 0.008175587837577427 0.0 0.0 0.0 0.0 0.0 0.0 0.006898696986612509 0.011830071441606778 0.008261894718563418 0.005559065110753214 0.002299639658447062 0.0054384784966126426 0.01746279007581142 0.023333024966082687 0.028441125816338102 0.029214184038528303 0.024648752160948705 0.0356506771248016 0.1154878368169205 0.5043081987332471 0.17298997444900008 0.0
0.0 0.013232118483283069 0.0 0.0023611297744839297 0.0 0.0 0.0 0.0 0.008918756328799392 0.012003574517672365 0.009210800295613096 0.006405517583750026 0.0027327406391900156 0.004842517866413012 0.016881335979998666 0.024584128514881152 0.028646747418168837 0.029278217081081706 0.025666142750364218 0.03644108967355422 0.10179409002334355 0.4249297660000477 0.25207132546585836 0.0 0.0 0.0 0.0
0.0 0.01042648797285079 0.0 0.001614384623003491 0.0 0.0 0.0 0.0 0.0073388758525336235 0.012757736316628413 0.009438046101197273 0.006373261935186092 0.0025073374915729045 0.004620285125178851 0.01677350203548281 0.024701324452318346 0.030550728195859876 0.029734344854066397 0.025944196027635834 0.03350305812147769 0.08970997637250945 0.2701461822529351 0.38746266698753207 0.03639760364269657
0.0 0.018273051755519677 0.0 0.002696807207433954 0.0 0.0 0.0 0.0 0.011203416035447824 0.016438174660001362 0.011761363246544813 0.008183724593143888 0.00339835250545448 0.005392117923703775 0.023012976057202702 0.032352463549098064 0.03862056558869369 0.037771583378589456 0.03266311559532209 0.04427274765079047 0.1306646295051011 0.5832949085647391
0.0 0.010497538800524038 0.0 0.0017010690952011156 0.0 0.0 0.0 0.0 0.006579655823227997 0.012590021350064207 0.009109637704892565 0.006936762418908634 0.0032827344348689605 0.0037970642500236036 0.017161745391183703 0.025614116311200093 0.029963801497565463 0.02923816923602845 0.028960698242790794 0.03531186095420882 0.11927198939306878 0.3215358445462917 0.3292710730352061 0.009176215848830242 0.0 0.0 0.0 0.0
0.0 0.6536010534186742 0.0 0.1919244201062794 0.15447444845849917 0.0 0.0
0.0 0.27770531065523385 0.0 0.0 0.0 0.0 0.0 0.0 0.1945518147432048 0.315441463314521 0.21230137033074173
0.0 0.01242315638889581 0.0 0.0018518206782370725 0.0 0.0 0.0 0.0 0.007740536560449545 0.011746829920413782 0.00850050962776423 0.006643954898028104 0.003101493383826664 0.004455899673197779 0.018506693101564387 0.026249345373918445 0.030718289989024726 0.03081392951832165 0.026192069195287923 0.0407174951202448 0.11853204642048311 0.4982610476762766 0.15354488090519222
0.0 0.009300521911853576 0.0 0.00182413913081428 0.0 0.0 0.0 0.0 0.0076231179204442326 0.011888118746232057 0.009061377193460894 0.006835841627433235 0.004302055862585516 0.0050745873145104006 0.017352959091074736 0.02680803874240193 0.03131330681215283 0.02960893882110465 0.028277588415693323 0.03779489807832923 0.11584849754630618 0.4829085359637387 0.17417747525245975 0.0 0.0 0.0 0.0
0.0 0.010981230295287333 0.0 0.0025199152155516084 0.0 0.0 0.0 0.0 0.007535160142169295 0.011907699685066508 0.008525009122384401 0.005993843505443394 0.0022519669911562658 0.003964566912803378 0.01731640585447866 0.024656139769614713 0.02852273734857997 0.029204551270463595 0.025298821860578687 0.03233262871184649 0.08343467707500683 0.46302832106699965 0.24252632360941886
0.0 0.009699677956692581 0.0 0.0 0.0 0.0 0.0 0.0 0.005932806566402165 0.011654815639220693 0.007760923792786908 0.0056829607419287866 0.0011916090243466679 0.0030872331503009557 0.016700848670330067 0.023458670276567294 0.0271229774388587 0.029334616395985707 0.024798774071431655 0.03127481049543813 0.08987147960631363 0.5121460709993547 0.2002817236522707 0.0 0.0 0.0
0.0 0.015914773335466502 0.0 0.004353866642222645 0.002666298162890924 0.0 0.0 0.0 0.008311613955369284 0.011946363903432303 0.010268617060643402 0.008391375729885119 0.003990814289966842 0.006428285131056955 0.021128849643749358 0.02862808938536478 0.033717426106797566 0.03168204201943112 0.031927042622922855 0.03928484119280916 0.13034428333151554 0.43419332337542127 0.17682209249951683
0.0 0.008837966139946316 0.0 0.003387166848490124 0.001590525864509178 0.0 0.0 0.0 0.007837085481302008 0.011639615573436393 0.009659648077168147 0.007818344624716285 0.004936266158142639 0.006071214262465771 0.020788046471171318 0.027273594888146072 0.036546385490717065 0.03236637406944025 0.026851313878648024 0.051993333572252456 0.16545528175817922 0.5066294543308747 0.0703183809757051 0.0 0.0 0.0 0.0 0.0
0.0 0.01061233637378365 0.0 0.0014582592656947123 0.0 0.0 0.0 0.0 0.008547025941906917 0.011441655251557586 0.00871193313673125 0.005858793799911071 0.0036965437514265274 0.004173186417788058 0.01698029200795042 0.026059639107060887 0.02954603259897148 0.031269571382068866 0.02652285989307764 0.0393482503637097 0.12705712609675449 0.5438611823658712 0.10485531070996894
0.0 0.010704051215714539 0.0 0.0008097695331649279 0.0 0.0 0.0 0.0 0.006639467027108291 0.011279403575820387 0.009703425029074404 0.0060506017833095406 0.0024688209556094753 0.004101302741763336 0.016636583465052503 0.023823179740756147 0.02720749001410178 0.02855964503247282 0.025363386206367414 0.03468312516150501 0.07953332120699562 0.48516990586698966 0.22726651991367222 0.0 0.0 0.0
0.0 0.02242122012746318 0.0 0.019275026836196307 0.01997030186361839 0.012832239912250269 0.0 0.000874208345853941 0.03437908205665963 0.042959670900914695 0.04260930222828561 0.042023612831985045 0.03332156375261697 0.05180828652097781 0.11441733963078071 0.16366997388070875 0.21275395482651754 0.18668421173150723
0.0 0.010065278306201547 0.0 0.001648241911349579 0.0 0.0 0.0 0.0 0.008532737286557825 0.011374063682804888 0.008518086960628954 0.006309556058591236 0.002249283569234222 0.003525524129474447 0.016726086819242314 0.02367709329855017 0.0278588442729371 0.028349469702850794 0.026943989882421148 0.03296763531582307 0.08325729786069928 0.4686618630383587 0.23933494636567265 0.0 0.0 0.0
0.0 0.010942468179954513 0.0 6.089877395201166e-05 0.0 0.0 0.0 0.0 0.008274012164077848 0.0122281169996453 0.00831308043929132 0.005296758861516961 0.0027208684998717863 0.004847961899322315 0.01747082398024365 0.024519591868627847 0.0287092635768339 0.02925526713308021 0.025732275470834166 0.033677178702521314 0.09577385757564959 0.3184576500348925 0.3478394520908101 0.02588047213096204 0.0
0.0 0.013176227687288279 0.0 0.0024274532162615503 0.0005850963951429195 0.0 0.0 0.0 0.008000841260588058 0.011853228077139533 0.009201873202625617 0.007032927410322559 0.004130151054351881 0.0064676292797775 0.017635439553232164 0.02578048327493103 0.029672184124631643 0.028779378910750768 0.025541479848855207 0.03827314115350582 0.11602974246008636 0.46106401050994805 0.1943487110007287 0.0 0.0 0.0 0.0 0.0 0.0 0.0 0.0 0.0
0.0 0.09779416872982391 0.0 0.01567012943437972 0.0 0.0 0.0 0.0 0.061762978108262305 0.08317783730300742 0.07267695810449652 0.05621722883685266 0.024015331211988077 0.03864164493758162 0.14581276920944447 0.18937926443450365 0.21485167852464748
0.0 0.009236130909903429 0.0 0.0 0.0 0.0 0.0 0.0 0.005958995531083094 0.012996313782895582 0.008517261683312679 0.005790377013469855 0.0022350512899369044 0.0033217948667638836 0.017223369560993185 0.0242288798855133 0.02827562361040027 0.029299720549263598 0.02497803398470613 0.03391792446373261 0.08518215795259163 0.4049407182510662 0.30229388097328586 0.001603764001652583 0.0
0.0 0.009827550461480683 0.0 0.002274145463738218 0.0 0.0 0.0 0.0 0.00990875481984823 0.012043556709777014 0.009858754859329626 0.007712014611384757 0.0039058073134166245 0.0068381620903944645 0.019872884801804575 0.02744528531501106 0.03250122110157547 0.031661184126689855 0.030846023631808203 0.03940515589938467 0.12031241970030371 0.4821171445947147 0.15346993292067876 0.0 0.0 0.0 0.0 0.0 0.0 0.0
0.0 0.01293637214784235 0.0 0.002505153458130277 0.0 0.0 0.0 0.0 0.008405885010901335 0.01170342119456924 0.00893912632586275 0.007472370635635632 0.002904684391609935 0.0045022515304100905 0.01950450763059034 0.026250985465882726 0.030139579282443537 0.03032862449528692 0.02671169547946799 0.041935951861797945 0.1334834530136623 0.47346568944704015 0.15881024707251376
0.0 0.012292172089208308 0.0 0.00258055462260971 0.00041304372426967135 0.0 0.0 0.0 0.01024951528639417 0.012443366355812294 0.0101906138988075 0.007855784554217687 0.004026400185071719 0.006593489914380206 0.023540989425635206 0.0287482330773934 0.03527579434977414 0.033851848792502685 0.02761869819429621 0.04090668277227062 0.20908368142333458 0.534329129718984
0.0 0.012315946297741789 0.0 0.002144394294467059 0.0 0.0 0.0 0.0 0.008198176016781312 0.011840624569787794 0.008521791983326523 0.00546798366579652 0.0022472954431282024 0.0037059278470724915 0.018430805137763618 0.025167803870696157 0.0289643841453942 0.030987183126668125 0.026121360857335917 0.03453985925724967 0.10521932019880818 0.40449115584913675 0.27163598584273363
0.0 0.011878680272470942 0.0 0.0017380532324813972 0.0 0.0 0.0 0.0 0.007368192845150652 0.011150073301128426 0.008098402274502203 0.006536971736477741 0.0033842776655797413 0.005395646590680327 0.01755598442937778 0.024563510572991155 0.027818625577062432 0.028738527393852416 0.026315917737851365 0.03580693557685874 0.097752734328996 0.525248503784413 0.16064896115474786 0.0 0.0
0.0 0.05164794798357659 0.0 0.010930265483834191 0.0028679034046285626 0.0 0.0 0.0 0.03041653730963807 0.03612921496887531 0.028948429338504365 0.021918724502173532 0.014191142043127457 0.016515436290397735 0.05852186465078313 0.08020214392526773 0.08810660507645303 0.09679931062559148 0.0827104335262218 0.10474795438386604 0.275346081512154
0.0 0.011503817037372915 0.0 0.004344673574737675 0.0016979361368785932 0.0 0.0 0.0 0.007917649348685269 0.011450418409948612 0.009302695234980058 0.007281329337247042 0.0029331737513556603 0.006171654447124803 0.01844365222033053 0.024596728151568104 0.030508178214861 0.02895629959281912 0.0259766678671442 0.03285443444859681 0.09365939307364474 0.42672532768092186 0.2556759699035024 0.0 0.0 0.0
0.0 0.011449011137201466 0.0 0.0 0.0 0.0 0.0 0.0 0.006961279226552427 0.012342649537956758 0.008219104510514531 0.005528369380625991 0.0014999752040415018 0.002988756190335034 0.017303537045202995 0.025260801806206434 0.029440005583723665 0.03157220421959355 0.027586113191775386 0.035925468088254434 0.1232167287322591 0.36116062138960203 0.29954537307929935
0.0 0.01590172829331316 0.0 0.0035943746050495773 0.00012881432094836095 0.0 0.0 0.0 0.010237879864250461 0.015276529620105228 0.013698204149572187 0.009884078030286994 0.004962268347475401 0.007212551856361351 0.025989689406994303 0.03770420843679004 0.04357455065615922 0.04477554876060813 0.03748749059315647 0.05322038344950198 0.17910397440692027 0.4972477232449474
0.0 0.012069511620261006 0.0 0.002275615724668794 0.0 0.0 0.0 0.0 0.009640428936413235 0.012734155746950563 0.008842653379484885 0.007173714268198293 0.002385009864668673 0.005466517848776382 0.018581420731677133 0.02791375264752366 0.03037986700492118 0.030856213638545894 0.0266407435332779 0.03493836471644465 0.09181613879952327 0.40774418896655856 0.27054170089351526 0.0 0.0 0.0 0.0
0.0 0.015541869568514426 0.0 0.004744806479209966 0.0025376137545745654 0.0 0.0 0.0 0.009857911088640717 0.01259868844061349 0.010374880953166493 0.008649883597111253 0.00507320131856235 0.0056215391461097155 0.021311105344709244 0.030395530840537827 0.03558503549878136 0.03336130399348136 0.03285875807319523 0.04181386195482257 0.10741342848168009 0.29688281418007534 0.32537776558652226
0.0 0.013254894535404274 0.0 0.0035330352607870256 0.000547257573312442 0.0 0.0 0.0 0.008491292490087387 0.012219305984213566 0.009434596608672246 0.0069151466485168536 0.004159942447460952 0.004722550847563657 0.01796342264797324 0.025799092453104057 0.02991581807564963 0.03174988891575306 0.026003654483995043 0.03463159685153496 0.0923436822506375 0.3984269165025581 0.27988790381688894
0.0 0.010228795331043459 0.0 0.002342822691575756 0.0 0.0 0.0 0.0 0.00904635268863047 0.012847464276769137 0.009431605402017174 0.00816262325899654 0.00419260770899028 0.005628412678056871 0.0199764780238607 0.029852450610762575 0.033507678408115915 0.033705948090166096 0.030635047053628555 0.041524737068937806 0.12713972819900862 0.6217772467957878
0.0 0.009081097458365666 0.0 0.0006723648257585949 0.0 0.0 0.0 0.0 0.006675289138140045 0.010859074994902778 0.008029873599956902 0.006782005489942142 0.0025713779518822186 0.004555413619215385 0.015329785747963084 0.024098626817784383 0.026764529376288128 0.02714638674048361 0.027112886999431388 0.03387366165644606 0.10500675165738269 0.49532190207141635 0.19611897037512135 0.0 0.0 0.0
0.0 0.01135193898097829 0.0 0.001507336102436355 0.0 0.0 0.0 0.0 0.007943557077162107 0.012141866924901433 0.008645121787025683 0.006361816779135525 0.002369675808255905 0.0039060462306039806 0.017997245467428796 0.025240378082925594 0.028676341990527283 0.028448388371774325 0.02579275031800509 0.034478885032330625 0.09057046650871194 0.39434900610171264 0.2928295403200656 0.007389636505055486 0.0 0.0 0.0 0.0 0.0 0.0 0.0 0.0
0.0 0.008836285912006248 0.0 0.00019305714909602112 0.0 0.0 0.0 0.0 0.00527565995914796 0.012367418536672751 0.008451007359048386 0.005632196143399826 0.0012974399709434464 0.004019086718931033 0.01655514410916197 0.024145745693495195 0.027160714794181088 0.02816826017911135 0.024470644681345854 0.03219818736158721 0.09831752961465114 0.40710095112482936 0.2958106690667126
0.0 0.010578172698667149 0.0 0.001981059179936827 0.0 0.0 0.0 0.0 0.008033407218659104 0.011705424246440272 0.00901775929989036 0.006503501740126158 0.002962454799817151 0.005781227878727206 0.018199792016478342 0.0251668024754827 0.029111021014881458 0.030944901336748997 0.026988304772394594 0.03620062683815378 0.11868294206776754 0.47654655238343363 0.1815960484883888 0.0 0.0 0.0
0.0 0.011171171617730367 0.0 0.0019720471583226274 0.0 0.0 0.0 0.0 0.006885556775997019 0.01187648192769323 0.008578676186739213 0.006033213151417395 0.0020661704913536943 0.004037117065859314 0.016753285904236588 0.024148693987631396 0.027905419763600427 0.027519032885461574 0.02366873406836998 0.03651369463001405 0.09813203395943801 0.42497980976596234 0.2677588590887062 0.0 0.0
0.0 0.012965626971848075 0.0 0.00242112964947547 0.0 0.0 0.0 0.0 0.00973074363108911 0.012593038721319883 0.009997859149235264 0.007850627907893213 0.004547444968490245 0.005246070567979226 0.020057247076326532 0.026640657338129307 0.03144297965671039 0.029987530778873728 0.025883230599818344 0.03698938017921469 0.10992023231140877 0.3402450655058577 0.3003357718791183 0.01314536148731132 0.0 0.0 0.0
0.0 0.012833622990458479 0.0 0.002415019316711288 0.0 0.0 0.0 0.0 0.00908976545678294 0.011356836968796658 0.009289134352602653 0.006319194341020339 0.0038715867516274905 0.004640415550764515 0.018094362956589113 0.02447716633456196 0.028636061475596 0.028846652822935193 0.02652206056750585 0.035760489430652076 0.10032801234122321 0.44886784648656314 0.22865177033106265 0.0
0.0 0.011754951910258321 0.0 0.002081400342089064 0.0 0.0 0.0 0.0 0.007909049930923829 0.010972924560644024 0.008236803396352022 0.0061273615894195145 0.002841136665502929 0.005105431108552448 0.01762330685128518 0.02446964556886801 0.026827271569443686 0.029488777023328545 0.025265456741446826 0.03590825874209063 0.16165424202163128 0.5450528930714681 0.078681087461357 0.0 0.0 0.0
0.0 0.07946911023736822 0.0 0.013118692283576728 0.0 0.0 0.0 0.0 0.04672161631058333 0.08131619744531293 0.058866820330971 0.039987188576013286 0.0156014530911897 0.02499765587648642 0.1129829990608578 0.15174186363216693 0.18501129891101795 0.19018509368782785
0.0 0.010236043521265949 0.0 0.0019153971192683893 0.0 0.0 0.0 0.0 0.00876790847127618 0.011646056729013535 0.008494416159791218 0.007599548308388078 0.0039145799732730495 0.0048393279280800165 0.01816576238942838 0.025491726729572593 0.028876645207309228 0.031048016740016393 0.02732210074785946 0.038376123556900066 0.11401631067197099 0.5607538512335516 0.09853618297528974 0.0 0.0 0.0 0.0 0.0 0.0 0.0 0.0 0.0
0.0 0.013023594524651657 0.0 0.002056568764847922 0.0 0.0 0.0 0.0 0.00991999857811172 0.011931000946972355 0.00931177613858866 0.007401731416157621 0.004291821983263743 0.0071301817406579935 0.018606437264446194 0.02814242937144996 0.03215788808188345 0.03115550875949002 0.027504232405554045 0.03948046256415961 0.10145702808503446 0.4907934536672225 0.16563588414695235 0.0 0.0 0.0 0.0 0.0
0.0 0.011395701587503382 0.0 0.003029776881671209 0.0 0.0 0.0 0.0 0.008434550080410327 0.012200057312239908 0.008907125026001536 0.006409624302437023 0.0033169249198052473 0.004470384797102853 0.019309094920291512 0.026668283472150507 0.03015247677714103 0.03045759244637985 0.025431344501333546 0.03498962315976318 0.10690191695239039 0.43410655759402117 0.23381896366804622 0.0 0.0 0.0 0.0 0.0 0.0
0.0 0.0158801176014746 0.0 0.004162468631496932 0.0014643530325383707 0.0 0.0 0.0 0.008140789731711449 0.011436755132473761 0.008697410541946601 0.006750679485017989 0.002710273620166201 0.004482979022132409 0.019120812849680202 0.025494075813821727 0.029219408854154135 0.029602804343833583 0.028348951029880536 0.03238946282134497 0.07682600637801305 0.31127858033270583 0.3775784708975844 0.006415598300331148 0.0 0.0 0.0 0.0 0.0 0.0 0.0
0.0 0.00996734659745789 0.0 0.0011795544099929035 0.0 0.0 0.0 0.0 0.009247188318120683 0.011489005741866076 0.008543289284799215 0.006225448586739317 0.0036405993154772476 0.004665256304054344 0.016746490306178686 0.02401495272090275 0.0278079578413358 0.028725150832547282 0.024863771120886245 0.032964618855871555 0.0736958959404163 0.38154815869067565 0.3346753135772404
0.0 0.011822779375527162 0.0 0.002102610169771797 0.0 0.0 0.0 0.0 0.007876043608878289 0.01136065039497089 0.008788386560438755 0.00660163775045312 0.0037223734692437816 0.004968181081794418 0.01793744668427765 0.024771560497968904 0.0286757156661159 0.02829422418024277 0.025382593753683007 0.03336163772965002 0.08092921235171095 0.48028069734702883 0.21882003960374094 0.004304208282706665 0.0 0.0 0.0 0.0 0.0 0.0 0.0
0.0 0.011512333939943024 0.0 0.005200176434424426 0.0032765075193012454 0.0 0.0 0.0 0.008923613309820656 0.012624787330770293 0.010498403892360479 0.00770182428348016 0.004199560697155985 0.007714423731495519 0.02084770793384011 0.028600951241237054 0.03645274342267511 0.03307722747499785 0.028023099961286418 0.04439971441303162 0.12383401310201259 0.31772889724709913 0.2953840123517257 0.0 0.0 0.0 0.0 0.0 0.0 0.0 0.0 0.0
0.0 0.01612921663537533 0.0 0.0027993068568403366 0.0 0.0 0.0 0.0 0.011567740694876524 0.01430482014068555 0.011378535150957268 0.00857492298412118 0.0033231718449657785 0.006767605169480773 0.02052751847583648 0.027543762425568587 0.033284836280929875 0.034101362556812884 0.032286161177842505 0.040357391404447475 0.13329413669965948 0.603759509588193
0.0 0.010674136410571886 0.0 0.002045004835774155 0.0 0.0 0.0 0.0 0.007808212663977489 0.011382519048620098 0.008325800068006754 0.0058778098197493946 0.002332514298768439 0.004343866078690949 0.01711961028946605 0.02453218105770098 0.027465002312285127 0.02850557976944497 0.02501588840381552 0.03196967665246212 0.10060095829939825 0.49263347583856837 0.1993677626293144 0.0
0.0 0.14593142487542846 0.0 0.03868517373339196 0.003264254579472048 0.0 0.0 0.0 0.09880495592003263 0.14690793921054845 0.11338822337666224 0.09207077882402327 0.043312628069007826 0.0762662744616718 0.2413683270188709
0.0 0.01005154780520759 0.0 0.0005354427566919311 0.0 0.0 0.0 0.0 0.00786720877379897 0.012194998993350872 0.009831799146416903 0.0054150073714814015 0.0026069289908121716 0.0031728613892493753 0.016330440108851964 0.02210820959551074 0.026433967172279624 0.027146954813909056 0.02461667877983914 0.030008022899499744 0.08812091583520154 0.4061502265596273 0.30740878743129657 0.0 0.0 0.0 0.0 0.0 0.0 0.0 0.0
0.0 0.008528352308366535 0.0 0.0 0.0 0.0 0.0 0.0 0.0071914257826199484 0.011008225530404392 0.008062694675514289 0.005907619751141947 0.003172107602329739 0.0037496728516168017 0.01737808968239006 0.025362998015496494 0.027638751126577984 0.02824274959332912 0.024433052461018723 0.037504515987255425 0.09924507798610553 0.5524265414849417 0.14014812367831442 0.0 0.0 0.0 0.0 0.0 0.0
0.0 0.13963197618924283 0.0 0.009670669289276623 0.0 0.0 0.0 0.0 0.10021158166565182 0.18928602970262348 0.12922514960192785 0.08157617405899228 0.02331483291095833 0.04649979012377268 0.2805837702839488
0.0 0.011577512467105618 0.0 0.0 0.0 0.0 0.0 0.0 0.007203348058718831 0.010979256041316136 0.007915127354981833 0.0052007475418890175 0.0020120729289657313 0.0031242105222663943 0.01530904731147666 0.022338554696227777 0.024660576636293337 0.02590497966642898 0.022880313745719045 0.03181510188275764 0.08590035034183385 0.47001376395326283 0.2531650353426121
0.0 0.011615239908614091 0.0 0.002433210230486028 0.0 0.0 0.0 0.0 0.008260862102168096 0.011776871177292553 0.009172617856631227 0.006535573472376503 0.00277410548010668 0.005795011119734197 0.01818306101017324 0.027163360897569985 0.03387437118514488 0.032974790673969426 0.025904893989047738 0.038855178808362874 0.13363026723010774 0.4889963427137901 0.14205424059254104 0.0
0.0 0.010443692525439445 0.0 0.003190504785616859 0.000279545205645052 0.0 0.0 0.0 0.009735492184314003 0.012045690538468025 0.009508343748329299 0.008150684429734647 0.004142134030339085 0.005154779115810404 0.0183432028585295 0.025347550833460696 0.029536407411660037 0.02998762775408805 0.02596878235311426 0.038659323060205426 0.10096068629125353 0.43252663067854047 0.23601892058874 0.0
0.0 0.010269474815531372 0.0 0.00019542783023785405 0.0 0.0 0.0 0.0 0.005734737688974107 0.011801278302464328 0.007701502759410442 0.004886080502301073 0.001432468973532019 0.004459396794914441 0.0181530908495102 0.025702677093707705 0.027693902705119997 0.030592884875086705 0.025523350315465942 0.034637256943060635 0.10341716190171617 0.5577225795865469 0.13007672649757823 0.0 0.0 0.0 0.0 0.0 0.0 0.0
0.0 0.009416814920398697 0.0 0.0014960855315494267 0.0 0.0 0.0 0.0 0.00800764466261348 0.010972392477694068 0.0086730914849107 0.005490599931053412 0.0033280439859148607 0.005414303010910714 0.016864048974822653 0.02395155255555007 0.027581387248737318 0.029514310048554745 0.024976594872472373 0.034608802646153174 0.10325293810510626 0.5351249337399182 0.1513264542939245 0.0 0.0 0.0
0.0 0.013581477771840001 0.0 0.0029717248417866615 0.0 0.0 0.0 0.0 0.009251110215220747 0.013096801657742829 0.009822180157611332 0.007214882311686815 0.004758903230105244 0.00718123432547236 0.019876255447015625 0.026435345374318665 0.03172490727650148 0.03094784221172983 0.027702308015815295 0.04654201891407125 0.126043775668431 0.6228492308416612
0.0 0.012042360067310897 0.0 0.0016628592738305197 0.0 0.0 0.0 0.0 0.008204588693774911 0.010877976585116378 0.009981543076877054 0.0072883353349102505 0.003679048858313371 0.007367461941206334 0.0195489538674224 0.026728913036743667 0.029063922817519097 0.030219531431925746 0.027153108044593307 0.040875549700870616 0.16331722808299887 0.542081689470733 0.05990692825099934 0.0 0.0 0.0 0.0 0.0 0.0
0.0 0.01097663715234537 0.0 0.0015073538166769332 0.0 0.0 0.0 0.0 0.007555089990576896 0.011654181036323322 0.009997916864080749 0.007457504078745788 0.002840553045770141 0.00492217781777268 0.01794565827692403 0.02547187753200263 0.02962554274538144 0.030025294107902906 0.025615489424691336 0.03393970428648344 0.1094119396800729 0.46321927090310444 0.20783380766081694 0.0 0.0 0.0
0.0 0.012328854084691136 0.0 0.0024487261466805137 0.00010928874146408825 0.0 0.0 0.0 0.008744215932620947 0.011751273089067229 0.009515878658775907 0.006714976637888319 0.0043788774477421565 0.005223899485563146 0.018732155422848538 0.026157346040493905 0.03017791786022401 0.03038391015602318 0.02795392221309944 0.03681056736826103 0.13254591138744126 0.491163982372376 0.1448582953935976 0.0 0.0 0.0 0.0 0.0
0.0 0.012035317561032393 0.0 0.0015682974511774931 0.0 0.0 0.0 0.0 0.007716241829464223 0.011139616818366189 0.008195420546744756 0.0056045006447713016 0.0035338623405712314 0.0040041386428428406 0.018470834861808373 0.025147895295510928 0.028891995075516798 0.029315618645699665 0.025982139926423422 0.03570529870278467 0.09962887447602792 0.45131864348879164 0.22920801011708752 0.0025332920551981368
0.0 0.012251170524725748 0.0 0.002364772483615529 0.0 0.0 0.0 0.0 0.008160414444793457 0.011439012505018446 0.010264339465217742 0.007531928074299012 0.0041572899743210915 0.005893740314596335 0.01953765564289375 0.028553638818477542 0.03369042333411832 0.031230169183074002 0.02683288859414002 0.03885524689921272 0.20125192519922178 0.49116058765159104 0.06682479542120381 0.0 0.0 0.0 0.0 0.0 0.0 0.0 0.0 0.0 0.0 0.0 0.0 0.0 0.0 0.0 0.0
0.0 0.009643661905896885 0.0 0.0015106335218030501 0.0 0.0 0.0 0.0 0.007057917357081193 0.011126243899010905 0.009522929767792773 0.00682186733366748 0.0025739357785101924 0.00395518575616485 0.01734313972306021 0.024393784883756355 0.027591465381048005 0.028591768532080918 0.023976990004421484 0.03604610038113575 0.09876426902667698 0.5157737123501868 0.17530639286783528
0.0 0.012723310291813086 0.0 0.002218974173021584 0.0 0.0 0.0 0.0 0.00997182781017729 0.01177664417175515 0.009681029311354096 0.007383338616626806 0.003604945574752928 0.00513465619416988 0.018835673476100566 0.02536619233370474 0.02955682467284767 0.029912278248168195 0.025759866847103914 0.037224838626291085 0.08720039817206451 0.4321609186966702 0.2514882812414705
0.0 0.012339391662591608 0.0 0.0020093226325612304 0.0 0.0 0.0 0.0 0.011658508147885865 0.014855934904240762 0.011588157369335179 0.009364981859499721 0.004993585650156256 0.005749790538229002 0.02148698697711583 0.031299527645386106 0.03552853610764626 0.03585097961975717 0.03212703637591237 0.042155834574996325 0.15935070100140933 0.5696407229653067
0.0 0.012805986639660533 0.0 0.002843905354552929 0.00045868728052333746 0.0 0.0 0.0 0.007994139364755697 0.011758712157258171 0.008949585633315433 0.007004821842965362 0.003504714771753948 0.006335053008042748 0.020751524072178437 0.025798654964938286 0.03128041070205491 0.03240876209703398 0.026462396555211827 0.03579347884935572 0.1104260567930377 0.4488417880246849 0.20658132032697132 0.0 0.0 0.0
0.0 0.010979545974763073 0.0 0.0021678561021004363 0.0 0.0 0.0 0.0 0.007757738092603479 0.011537575434741178 0.009027423263890944 0.007577230667285944 0.0033621987462991313 0.004632488117001894 0.0169395970070424 0.02448980970047445 0.02792800077323352 0.028860109471203894 0.024475400114419038 0.04047757602863203 0.10732271094058414 0.5322714585048978 0.1401932795307461 0.0 0.0 0.0 0.0
0.0 0.008979650657500124 0.0 0.0016649698463163337 0.0 0.0 0.0 0.0 0.009781695009620481 0.01139414862842304 0.00888180272203519 0.006807031511851911 0.0033490303117548136 0.0050765724429822 0.016883462072818343 0.023722364249649436 0.026472412199007027 0.028096147670013755 0.024857143792129385 0.04069656918803351 0.15236831478807336 0.5054788707269505 0.1254898126594758 0.0 0.0
0.0 0.013205441067524209 0.0 0.003001926719036876 0.0007946957605091193 0.0 0.0 0.0 0.008534823737549909 0.011735574148045986 0.009469306606741381 0.007053748506844004 0.0032832979523846426 0.0049822498517034875 0.018534756909956217 0.02511608604191996 0.02776966812424037 0.029130274168081827 0.025846814945032038 0.0334772327924403 0.11488758610505827 0.4501837441885236 0.2129927708283091 0.0 0.0
0.0 0.013169641053517034 0.0 0.0022053286137669902 0.0 0.0 0.0 0.0 0.007419570954999988 0.01173071482884428 0.010100251775212692 0.006576078470521534 0.003637379454688377 0.005943276497897796 0.01672437677232051 0.024175472463273225 0.026449172304665532 0.029408230804254847 0.024661584123549074 0.033542075574682764 0.08663697731847746 0.3751668970381595 0.30543292893290863 0.017020041462107387 0.0 0.0 0.0 0.0 0.0 0.0
0.0 0.009332800628225852 0.0 0.0018348676858181137 0.0 0.0 0.0 0.0 0.009130263475549068 0.011728927927196223 0.00898067289447139 0.006607267319409191 0.003199091314734575 0.005028201886706797 0.020283822141724826 0.02551070344293708 0.028777358263809814 0.028888772573565147 0.02948571921414327 0.037172811097954755 0.08847848727733426 0.42307000506775266 0.2624902262052516 0.0 0.0 0.0 0.0
0.0 0.013639840773014986 0.0 0.002599888472800831 0.0 0.0 0.0 0.0 0.009882301748913615 0.011988872352398176 0.010772597606555282 0.008080695150989893 0.003856904669971846 0.007200008460719783 0.019845743638055705 0.02540871874375655 0.030115709692774682 0.030466095629711785 0.02688934605716683 0.044050066127000624 0.1196675590223131 0.48094239640353104 0.15459325386395312 0.0 0.0 0.0 0.0 0.0 0.0
0.0 0.008375543602942445 0.0 0.0 0.0 0.0 0.0 0.0 0.008758864509829111 0.012182984877651534 0.009027493470171292 0.006287753025152223 0.0032501730697336454 0.0040612769597004345 0.016606338707833304 0.023939726024860723 0.02844290949184438 0.02784690147048156 0.028107035166265636 0.03459292878096603 0.12375076556833847 0.48949371283213083 0.1752755908650374 0.0 0.0 0.0
0.0 0.009008114405233896 0.0 0.0002972645384328636 0.0 0.0 0.0 0.0 0.007037207356225944 0.010775505813051619 0.009652688129547964 0.0066934243213207624 0.002768217615756597 0.0053193489146423755 0.016709128025324513 0.02435068651302763 0.028608196796691757 0.0282487296202213 0.025510678949092376 0.037527690240329536 0.11958154603400159 0.5351795732784387 0.1327319979556891 0.0 0.0 0.0
0.0 0.017492014354366165 0.0 0.0036969159311260264 0.000574370608227967 0.0 0.0 0.0 0.008358043500957606 0.01208968736721897 0.009931278838338673 0.007084361552348098 0.003627547379657773 0.004991891193412267 0.01833310648165441 0.027521252414909513 0.030589285856865968 0.030232713290111783 0.026652879398921202 0.03489424003161158 0.10297538802516026 0.2465733790032145 0.3965048023068883 0.01787684079076171 0.0 0.0 0.0 0.0 0.0 0.0
0.0 0.010194088354447841 0.0 0.002017196491769813 0.0 0.0 0.0 0.0 0.007918949122607207 0.011376543261797817 0.008724933803156042 0.0064192542935609335 0.002537239462277301 0.004352089894793562 0.017583152511928143 0.023833242646554894 0.027840350009677384 0.028001645031350744 0.025514005655207533 0.03435685391032145 0.13110613545044816 0.5379341785656125 0.12029014003848622
0.0 0.011348374677844263 0.0 0.0007808015500738301 0.0 0.0 0.0 0.0 0.008099029946693715 0.012328892504741918 0.008932098166746904 0.00683178684957166 0.0026121815489144823 0.0041444834514254136 0.018905669474923077 0.024769058482734148 0.03037977827562507 0.03085971253034996 0.027242184954449147 0.03521916946941381 0.11454885940554368 0.4813575257803149 0.1816403912858243 0.0 0.0 0.0 0.0 0.0 0.0 0.0 0.0
0.0 0.01037719213403433 0.0 0.0008061950518238746 0.0 0.0 0.0 0.0 0.007979465826840325 0.011197149724927974 0.008779798218106517 0.006244604970500159 0.002618028793208039 0.00546418072579953 0.016008209692422243 0.023586049317428814 0.02731745167635268 0.02752773784075755 0.024889484000413263 0.037303497963140926 0.09363345719693285 0.49760868451089374 0.19865881083735742 0.0 0.0 0.0 0.0 0.0 0.0 0.0 0.0 0.0
0.0 0.010058059271010878 0.0 0.0030601517652424524 0.0001240281822227814 0.0 0.0 0.0 0.00826403961592686 0.0121800922381949 0.009755521429757375 0.007675443794247467 0.0034592715054621846 0.004854582510031635 0.018887903411727882 0.027092649383121645 0.02936753517538467 0.030516131902487177 0.02706529982685454 0.03796365063696845 0.10603282710620711 0.44378458832233003 0.21985822230001245 0.0 0.0 0.0 0.0 0.0 0.0 0.0 0.0 0.0 0.0 0.0 0.0
0.0 0.013272840987334935 0.0 0.0039054240689767056 0.0012921478316299947 0.0 0.0 0.0 0.008808141846048657 0.011979359620660688 0.00894656754626732 0.007150236308843473 0.0031974836523586654 0.004915826902819478 0.018133016615182622 0.02456190571758815 0.028494941105918638 0.02793860695464416 0.027590720999974547 0.03822194813027238 0.10460889460207674 0.3861985117435182 0.2807834237678129
0.0 0.0114151540044162 0.0 0.0011584444491292293 0.0 0.0 0.0 0.0 0.008880824025456136 0.012598126830291812 0.01101242189148117 0.007550395436741317 0.003257395740841013 0.005629436247340451 0.021595075837763333 0.028172317857608844 0.03281946461250423 0.03289843704816237 0.028628314780573594 0.0377272626097683 0.1517400360933798 0.3811954533629387 0.22372143750553927 0.0 0.0
0.0 0.010645805591440318 0.0 0.0018980246050604708 0.0 0.0 0.0 0.0 0.009251230496696959 0.01147935619471506 0.008959104632496473 0.006605275259347631 0.0029843542011876245 0.0059231834714234 0.016880397274561487 0.024377070179675716 0.028555773664998504 0.02869391281056106 0.024529900637617157 0.03364239118662495 0.09925500521086136 0.5176385974617099 0.16868061559954467 0.0 0.0 0.0 0.0 0.0 0.0
0.0 0.13293067757801702 0.0 0.010986679824287804 0.0 0.0 0.0 0.0 0.10259033349560961 0.18639409489377856 0.13462738662963603 0.08596927150787502 0.038491197708867025 0.04712930481230177 0.26088102902842186
0.0 0.044111890874665605 0.0 0.0 0.0 0.0 0.0 0.0 0.047474729160361 0.06346004282416498 0.045265670362855594 0.039150595655974355 0.014476797070460576 0.03134594514785624 0.09933755445063504 0.1414837216674205 0.15507128790391023 0.1723989456300721 0.14642281092639065
0.0 0.016293793964552973 0.0 0.005356246318154321 0.00369571085739558 0.0 0.0 0.0 0.010012352417005562 0.012100648491866777 0.010035827158635468 0.007511542209719033 0.003567289500221256 0.005875655227671693 0.02089174562614992 0.02597811711823631 0.030358152995290492 0.03081568054981027 0.02715317314140049 0.038594895316021643 0.09210360859946173 0.36291626269589 0.2912595896698383 0.0054797065185924285 0.0
0.0 0.009001940817082096 0.0 0.00023482643890901047 0.0 0.0 0.0 0.0 0.008333292373488796 0.012035158447735476 0.008460964660527846 0.006387524235502873 0.002480278397564251 0.0040856765833680924 0.016248028795081224 0.02212963744174767 0.026700921562078348 0.02765196863965984 0.024169009359060148 0.03477857757913454 0.09217458266899106 0.458339378832046 0.24678823160152816
0.0 0.01284699012448779 0.0 0.0058080276646497 0.003501692399698843 0.0 0.0 0.0 0.00968584749696044 0.014932427455296634 0.013659063650941659 0.010572879423460923 0.0050832217410386365 0.007838015520598346 0.026453754179114976 0.034211600210275396 0.03882348689943301 0.03871480883182089 0.0327396489018465 0.05012800907966185 0.16756105524285073 0.527439469229617
0.0 0.0137958148336168 0.0 0.002489211076270762 0.0 0.0 0.0 0.0 0.00896810819494904 0.0117033918967977 0.010358336791436738 0.007061295265149505 0.0028451184411437884 0.004139707665113231 0.017599173456102193 0.024884466198991824 0.030793443451356508 0.03008321643868989 0.02543468661265317 0.033112674713189696 0.07335464602599773 0.3327907687180828 0.36170312025632656 0.008882818385615249 0.0 0.0
0.0 0.010667633076585055 0.0 0.0033876772751187433 0.0006977949150038795 0.0 0.0 0.0 0.010073210499851016 0.013375406316297661 0.009870577942030759 0.007994528160845444 0.0033765176175478743 0.005826188981083434 0.020991670165647982 0.026735654730361876 0.03144398005341099 0.03186788255635523 0.030295484274085203 0.03896996708102871 0.10593032916678204 0.3185236025713988 0.31496243184433925 0.015009461074013093 0.0 0.0 0.0 0.0
0.0 0.011360399892362474 0.0 0.0020407171507458278 0.0 0.0 0.0 0.0 0.00757434977632354 0.01166556567816702 0.009985088976076221 0.006189883998380774 0.003910994951654218 0.005581231191134126 0.01741496429136808 0.024420503934646908 0.03036482947385221 0.028911814151109768 0.025362716028948188 0.034421328528680406 0.10896407329403618 0.5200453858445233 0.15178615133585782 0.0 0.0 0.0 0.0 0.0 0.0 0.0 0.0
0.0 0.01317042911764691 0.0 0.0014817119033331203 0.0 0.0 0.0 0.0 0.009783036125615936 0.012046497323723022 0.009653198539823908 0.007242201292913255 0.004286814469450321 0.0056512939035048065 0.019792891062911835 0.027428073963094397 0.030068247373901177 0.030118374697710254 0.03085968257700375 0.0466479330093145 0.1589424333936495 0.40837563023981077 0.18445154936722233 0.0 0.0 0.0 0.0 0.0 0.0 0.0 0.0 0.0 0.0 0.0 0.0 0.0 0.0
0.0 0.010119668682081424 0.0 0.0 0.0 0.0 0.0 0.0 0.006061367543098257 0.011444097930045008 0.009385294787093592 0.005770531062896945 0.001957215726666886 0.003979964482285684 0.01658150587196664 0.024419996747613762 0.028732911658329616 0.029025745549344874 0.02507165763636794 0.03568103983154704 0.10847790007937064 0.5458911186534262 0.13739998225175357
0.0 0.013090643492427528 0.0 0.0027693776534750483 0.0 0.0 0.0 0.0 0.009793539628562217 0.012185568862606569 0.00967748042060172 0.006554477368181698 0.0029233432962936087 0.004487526711769457 0.017567214656547283 0.024263106185793335 0.02846716860169319 0.029210849895382154 0.025567440330344398 0.035892893996383124 0.08865032366265528 0.37946227615037553 0.3094367674763617 0.0 0.0 0.0 0.0 0.0 0.0 0.0 0.0 0.0
0.0 0.012126792296965129 0.0 0.0021942937094047636 0.0 0.0 0.0 0.0 0.010031217793877133 0.011747298343484184 0.01064869247106945 0.00832979635136425 0.004007726354243781 0.005493385500255418 0.019567886024909602 0.02856580909357447 0.03150186970560401 0.03127383787432489 0.028679704381765373 0.0376411060543077 0.15555495409317677 0.4823191802901207 0.1203164481196151 0.0 0.0 0.0 0.0 0.0 0.0 0.0 0.0
0.0 0.010940209497909793 0.0 0.0018021297139587235 0.0 0.0 0.0 0.0 0.006412223973167708 0.011187023161697358 0.008442099714385856 0.00533828072317161 0.0018206418723715977 0.0036107891298438497 0.016348015675794296 0.02347585416945869 0.02569361754909385 0.027444926683649687 0.023759079990516404 0.03301750580858326 0.10473929831666698 0.5003841180240857 0.19558418447411385
0.0 0.01178868039165354 0.0 0.0013787073996524815 0.0 0.0 0.0 0.0 0.007633891973385784 0.01063264431249991 0.008304208281241076 0.0063050292965371475 0.0026563697665888584 0.004165762218669207 0.0183333688820561 0.02530133406774717 0.02840959847969107 0.028704513986166143 0.024704671326115736 0.04162035429983851 0.1520726666514592 0.5304390407625225 0.09754915646017705 0.0
0.0 0.01063763385205276 0.0 0.0030257378292016662 0.0005125492048362922 0.0 0.0 0.0 0.00849140652609158 0.011963740707964375 0.00904060779943949 0.006270390892031718 0.0038699065087080776 0.004977156106423942 0.017192173934513357 0.02480540339231505 0.029097289884997588 0.029470280628395785 0.024387006290077406 0.03328544673361024 0.12435681600766063 0.47004087554303914 0.18857557660237476 0.0 0.0 0.0 0.0 0.0 0.0
0.0 0.012662532186278936 0.0 0.003394412269295218 0.0006027658818888585 0.0 0.0 0.0 0.008160162999426674 0.011441378889868174 0.010088574643641716 0.00684878482772091 0.0040914193418610635 0.004665411111565677 0.017976208457956007 0.024948349918457298 0.02898775058064008 0.029140359187491516 0.024746726335216095 0.03942689380657557 0.0945402411968172 0.42472746789034405 0.244313738984473 0.009236819963397772 0.0 0.0
0.0 0.011561351909665691 0.0 0.0039050759805908555 0.0025511598383969403 0.0 0.0 0.0 0.009971193745637033 0.012355032784738013 0.010479347330595638 0.007942890035064874 0.005038624939592908 0.006425682860307421 0.02103013143508424 0.0285289289648217 0.03297736403791533 0.03151321545846812 0.027687965493422277 0.04001654835469838 0.10130430588639465 0.389719033766622 0.2569921455389957 0.0
0.0 0.008996271557512018 0.0 0.0 0.0 0.0 0.0 0.0 0.005391483765853536 0.012305322353070447 0.008005383201498068 0.005093258797268064 0.0011664562810683005 0.0025753358621205488 0.016269977593512647 0.02339800691674802 0.026552945588066822 0.026653412286525617 0.024247258553413514 0.0319791187988599 0.08122898435225992 0.4029324042981754 0.31283552776865103 0.01036885043525321 0.0 0.0 0.0 0.0
0.0 0.212700963346698 0.0 0.038738274351274526 0.00626548556910219 0.0 0.0 0.0 0.18190690395221118 0.22192675006767953 0.19782402101355082 0.14063757317856676
0.0 0.009553375340430754 0.0 0.0020237661709861013 0.0 0.0 0.0 0.0 0.007858453256452885 0.011106639615067125 0.007980112579707599 0.0058305104699514585 0.0033770903741971448 0.004009349342220838 0.017345607406112504 0.024048190716719615 0.027700635386191188 0.027904920033541305 0.026926561845777162 0.03393473232536213 0.10223432119000109 0.4920815841259265 0.19608414831847032 0.0 0.0
0.0 0.012051539050399608 0.0 0.00448508431177365 0.0018833211623335983 0.0 0.0 0.0 0.00876660544658613 0.012250937090958841 0.009584884872402475 0.0070533502010869395 0.004584783332053267 0.005286615107526615 0.01944489525021875 0.02623036803824088 0.03066452695116667 0.03134807491034994 0.02703333335227125 0.03553275347794395 0.09239704541076688 0.3501203592673976 0.3136498964252965 0.007631624652298574 0.0 0.0 0.0
0.0 0.8687430205100333 0.0 0.13125684669186818
0.0 0.013427286476258541 0.0 0.002663420385869453 0.00020697830479758926 0.0 0.0 0.0 0.008683624634819448 0.012668982706407567 0.009902236777403721 0.0072047730792104536 0.00299270290847216 0.005174961033060971 0.019371689294477912 0.02530139244955709 0.030193699600370154 0.03027931758696495 0.026115486978569424 0.03472650685597812 0.11541012613368057 0.30952433788439787 0.3461524752205299 0.0 0.0 0.0
0.0 0.013773759107462424 0.0 0.0028486272057156067 0.0 0.0 0.0 0.0 0.010619671484064973 0.012665582619014522 0.00968736840504896 0.007631476609479353 0.004555519039204788 0.006603667433072906 0.02047346709422298 0.027818499986828314 0.03245034684280492 0.03163566143682452 0.031006134064788075 0.039633961504435565 0.09051666198397262 0.4297373664638769 0.22834222705096144 0.0
0.0 0.011027007109112509 0.0 0.0044724359394368194 0.004807143778980276 0.0009686730321862891 0.0 0.0 0.008302972886637009 0.010957166117546598 0.010106161719011906 0.009754001661738504 0.005827991447361673 0.007723826930053883 0.02241819810403261 0.030358785861045238 0.035718468994732 0.030338924594855637 0.028948625254701536 0.050509052210748334 0.29188709953502556 0.418407390950431 0.01746607243530927 0.0 0.0 0.0 0.0
0.0 0.8542101692938749 0.0 0.14578968522781335 0.0 0.0 0.0 0.0
0.0 0.009653774735485758 0.0 0.0031059113499882734 0.0011082238478367014 0.0 0.0 0.0 0.00819673629646065 0.011312778675081745 0.010106158482262742 0.007303037262282562 0.003195306100967947 0.005585867439231703 0.019068640163647066 0.026423269999836782 0.02941017282284176 0.029763064673045153 0.027230601167844114 0.0379986309320918 0.11188764493817435 0.5252657116894026 0.13338446790761685 0.0 0.0 0.0 0.0
0.0 0.010998263120020516 0.0 0.0024317394386144824 0.00010623803361675056 0.0 0.0 0.0 0.008956799649552457 0.011560499504634461 0.009338620765702643 0.007090486893038502 0.003449861442865672 0.005303446828841289 0.01954042555454138 0.028676005867838326 0.03415724132445654 0.031623164357279576 0.026104321718982085 0.04839683541770748 0.15745524983649967 0.5130395623734894 0.08177123635926418
0.0 0.011997497360434373 0.0 0.0026374526097487487 0.0 0.0 0.0 0.0 0.00835097844059171 0.011942026466654753 0.00910908857942724 0.006939341062934973 0.00320459406412807 0.006426755297959648 0.01851582063904073 0.026289685463290163 0.03037538362572055 0.030856781127298036 0.02642449387924226 0.03556055127332259 0.10270307022679855 0.4609591099179963 0.20770736837013012 0.0 0.0
0.0 0.22908416831014175 0.0 0.05150746265349512 0.009802596755021592 0.0 0.0 0.0 0.13497404923428089 0.20594466748836848 0.15809512672888693 0.1461160020643323 0.06447590017690182
0.0 0.01001223447033959 0.0 0.002707817875370654 0.0 0.0 0.0 0.0 0.009747633067145153 0.01208852168978793 0.00932653372798256 0.0064234692028602115 0.003841507717952036 0.006342941943060822 0.01933532413121433 0.026380926775963827 0.03062381625300412 0.02920207931327436 0.025494357624830304 0.03367289265410311 0.10946272571150269 0.521888933403462 0.1434482828496417 0.0 0.0 0.0 0.0 0.0
0.0 0.010215324326697918 0.0 0.0 0.0 0.0 0.0 0.0 0.005535724862767675 0.012166796422287842 0.008452542341631434 0.006122467593874496 0.0011573396888051586 0.0029145057526860827 0.016531202309678545 0.02345322457906869 0.028096078489724452 0.030140878965189057 0.02856319241695612 0.034781481666059225 0.12243025290414765 0.49843169268030313 0.17100729337564805 0.0 0.0 0.0 0.0
0.0 0.013682401172598897 0.0 0.004641284763484282 0.0032211791240221587 0.0 0.0 0.0 0.009541741003616988 0.011624631230177655 0.009484908095577792 0.007327455036675102 0.004006095479312382 0.00545209629197348 0.019578555157727637 0.02690236705927202 0.031321987289691745 0.03088680034144207 0.03026777963794555 0.04178925809913631 0.14366829452026408 0.4441244955314995 0.1624786686132861
0.0 0.01122435213968479 0.0 0.003914839836493645 0.0021371581386979204 0.0 0.0 0.0 0.007461751899685536 0.011142694464256487 0.008583039073561982 0.006626931366296486 0.0027247974317277596 0.00446928655042754 0.017028752666628795 0.025336597396679535 0.027290057559321915 0.028824488869037292 0.025528238006604434 0.03273188320886156 0.09569535010530103 0.44174756051260544 0.24753221922239244 0.0 0.0 0.0 0.0 0.0 0.0 0.0 0.0 0.0 0.0
0.0 0.01198953411861341 0.0 0.0027846693872106425 0.0 0.0 0.0 0.0 0.01031532210204008 0.012480254601904751 0.010179457979616049 0.008086996144998927 0.004911565812769424 0.005915791674105395 0.021400173399513868 0.02835123229157073 0.03323360648918043 0.032855732484634935 0.02758367533702696 0.04355921854368974 0.11204072646773186 0.4966899297176083 0.137622111803625
0.0 0.009019195592784012 0.0 0.0003307473676393178 0.0 0.0 0.0 0.0 0.0081292160159719 0.012958554145085746 0.008958691200280115 0.006626821230680338 0.0020328403241079347 0.003498104295859176 0.018171423519199554 0.026318624967863812 0.028757409728752684 0.030669378466021767 0.02512961574555986 0.0374645792676777 0.11579782393548382 0.46451129179789746 0.20162568072509607 0.0 0.0 0.0 0.0
0.0 0.007592049754805697 0.0 0.001624025304189705 0.0005046480379900982 0.0 0.0 0.0 0.00807074222979266 0.010711030907730002 0.008724050622726584 0.007524290405197918 0.004029085745362576 0.005614595320012393 0.019033758835533553 0.02523647232384552 0.0344899424241208 0.029467281956010474 0.030760207314550807 0.04548398940762716 0.2572904653171359 0.46592242256966515 0.037920940104681986 0.0 0.0 0.0
0.0 0.01068063857250157 0.0 0.0051420685035289265 0.002896844074229506 0.0 0.0 0.0 0.00782708059421034 0.011300381488498785 0.009246452182137726 0.00798822487215878 0.004064954759536308 0.004755597914558997 0.019659543994140945 0.026485414988507327 0.029708717539569694 0.031338612219195816 0.025583241010893033 0.03992210488808032 0.0961775120876889 0.45906474254451 0.20815786621139382 0.0 0.0
0.0 0.010622241845427347 0.0 0.0007240031682271868 0.0 0.0 0.0 0.0 0.007304229537258001 0.011746032884087435 0.009057393740145617 0.006406343736681441 0.0026061246480299947 0.0036381652068020304 0.016624173745571357 0.024253108458169602 0.02968868217402222 0.02960146007437607 0.025939971917093314 0.03576759653827858 0.11045273808004306 0.40566090479729455 0.26990682784482756
0.0 0.010166974434356204 0.0 0.0 0.0 0.0 0.0 0.0 0.007269407622258021 0.01184735215524555 0.008496532419250153 0.004975479345191779 0.0020963391817214907 0.002712352940285664 0.016484342491612698 0.02594881871050915 0.02749688219931657 0.029222047571305337 0.024554504051480627 0.03349191417109576 0.10444717082768466 0.4462675661425558 0.2445223141466814 0.0 0.0 0.0 0.0
0.0 0.012163259415729039 0.0 0.0020985470445518684 0.0 0.0 0.0 0.0 0.009556923470511286 0.012236097595919586 0.009295480032005103 0.00639621467862189 0.0039778270386350775 0.004677828467281658 0.01834607184323838 0.025785731078584714 0.02967043800361443 0.029837316031728914 0.025361351330472223 0.03431312545316559 0.09647917445042542 0.5228025003470879 0.1570021121152497 0.0 0.0 0.0 0.0 0.0 0.0 0.0 0.0 0.0 0.0 0.0 0.0 0.0 0.0
0.0 0.013393484941663496 0.0 0.0021767249938804078 0.0 0.0 0.0 0.0 0.00844003326886304 0.01186123144562241 0.00858275757259442 0.00651370955216417 0.003694581701911056 0.005896034733669856 0.019948232514136487 0.028528598593705917 0.03200230199982893 0.03167496639203348 0.02720451260802505 0.035529993360991094 0.08452521645439537 0.4876184924656067 0.1924091257960044 0.0 0.0
0.0 0.017711564046031785 0.0 0.0067337483216033875 0.006214830791147522 0.0014600603041044033 0.0 0.0 0.01004104406467573 0.014032886016134552 0.011463198826915304 0.010394292318619908 0.005922899927488794 0.008593217466335628 0.026802127663411446 0.03584386472061678 0.04208685739417083 0.03881614097264817 0.03177454714360417 0.049150212062671686 0.13498267661090477 0.5479758295325654
0.0 0.014251087789235081 0.0 0.005170417533657616 0.0038571409035598756 0.0 0.0 0.0 0.009727135799096214 0.012065290686684669 0.010278923232098327 0.007586369845475837 0.004105063994274518 0.00613439104232922 0.020276150011784486 0.02737572546428742 0.030716518784748587 0.031121439451405403 0.026345524035836926 0.0359195827024681 0.0826971633157674 0.38008035313372474 0.28967703663676264 0.0026146840276500254
0.0 0.01096409589224693 0.0 0.002963788234463724 0.0002862177503491096 0.0 0.0 0.0 0.00778984855997258 0.01206337688341298 0.008959495455385273 0.0061853995073276186 0.002478145233137958 0.004715024111227896 0.020007663820453943 0.02856428786507181 0.032004884927672686 0.031050486742040348 0.02839518499703438 0.038267060140944706 0.11055519532477026 0.45900826481716084 0.195741578150041 0.0 0.0 0.0 0.0
0.0 0.008699802756100503 0.0 0.0020962618269862346 7.579380694902882e-05 0.0 0.0 0.0 0.008049913751217616 0.011184194418932947 0.008580690347066124 0.006207525985957778 0.0031747399561316797 0.004775933616051107 0.01759973547431047 0.025251863707368868 0.027427053588979768 0.027342307930774714 0.02790602162061805 0.04279409398485164 0.17807477809195632 0.5493735279622438 0.05138575969746262 0.0 0.0 0.0 0.0 0.0
0.0 0.013962295288194364 0.0 0.0031934751694272473 0.000956854639599674 0.0 0.0 0.0 0.008333384578448335 0.01202215709895707 0.009130976938491504 0.008195499867184982 0.0035592865712373222 0.005374953899299108 0.02021324610552758 0.027583479994019697 0.030094963605151823 0.03146467479826606 0.028852055591291427 0.03634520143405695 0.12689110643694249 0.4882381855849882 0.14558820077695536 0.0
0.0 0.0651045336354146 0.0 0.012862703962052425 0.0 0.0 0.0 0.0 0.041848521780559596 0.06263133171073595 0.049022619674236614 0.03741874770305995 0.016993929824804594 0.02687852170862527 0.10717307010600056 0.13340477762294206 0.15819400552196763 0.15528639238477399 0.13318083625667962
0.0 0.012337388223371479 0.0 0.0027468854501634596 0.0 0.0 0.0 0.0 0.0077631775326346434 0.011795368851606813 0.009289927853852112 0.006703918176420384 0.0026217875931855926 0.004222840405445234 0.018077276464406017 0.025469333921763294 0.029422205042665 0.03011109341256583 0.02608984117052738 0.03463043036411886 0.09082278014987931 0.38056744260695685 0.30482563062693036 0.0025026705576182257
0.0 0.01184845418834361 0.0 0.001942091313455788 0.0 0.0 0.0 0.0 0.009902502997790028 0.012021060874198542 0.009014321884393385 0.006834041064211986 0.0035333548885140135 0.004939484722045379 0.020395777730293135 0.0271731019943621 0.0315262245988637 0.0313281544207606 0.026173814903535358 0.03644895979362411 0.1134981187165621 0.48325095149057523 0.17016958284858025 0.0 0.0 0.0 0.0 0.0 0.0
0.0 0.00810979358114113 0.0 0.0013821703986287381 0.0 0.0 0.0 0.0 0.007286833298919917 0.010934920423460205 0.008844514669036853 0.007288252177425333 0.0046542547192336275 0.007109957194324234 0.02031167576822208 0.028669224884752206 0.034210095935518235 0.03124465060827713 0.02814599193772066 0.04755865768564711 0.2142329183365888 0.514531954073146 0.025484132865240774 0.0 0.0 0.0
0.0 0.01153479775907657 0.0 0.002090601140763359 0.0 0.0 0.0 0.0 0.009912846529012968 0.01180017990971235 0.009147256442736318 0.007237218784333954 0.004230456287618686 0.0057347183053699695 0.019859772501231224 0.02711563135939942 0.030622198825366306 0.03103902725840829 0.030598423808400457 0.04719616036198815 0.192297840589354 0.41803530586446835 0.14154756272746727 0.0 0.0 0.0 0.0 0.0 0.0 0.0 0.0 0.0 0.0
0.0 0.012379732423726713 0.0 0.0070540582222664 0.007549372780289196 0.005286482254156447 0.0 0.0009174689911064146 0.01317068226045233 0.016827238979702144 0.017789055313832437 0.018274947941746243 0.011883802500167046 0.019393819235675878 0.043948148562715734 0.0653429450772421 0.09030312848803333 0.0743368952927322 0.05070773386340451 0.17748487682683922 0.3282344184412789 0.039115190709233645 0.0 0.0
0.0 0.012756225463596796 0.0 0.0021939218455142694 0.0 0.0 0.0 0.0 0.00781703477321278 0.011825112196672243 0.008783621090356082 0.007506888510745922 0.0030824400157211107 0.004582756841602071 0.017881412456610218 0.023263061714724323 0.026186164516797696 0.026565999375504804 0.02339686016131157 0.030902834123550403 0.10090613793694579 0.48704486518486045 0.20530466225791572 0.0 0.0
0.0 0.014066702761643055 0.0 0.002860908693053121 0.0 0.0 0.0 0.0 0.008437615968951278 0.012761703806073187 0.009701234610236033 0.006312041784976033 0.0038670195110101454 0.004982700738623523 0.0184358786487322 0.027745990546092378 0.033649908596051444 0.030790190346561816 0.03004440225494203 0.03458210030898792 0.07718734381957154 0.339349231059681 0.3330747254483163 0.012150299432136278 0.0 0.0
0.0 0.011215106520922885 0.0 5.533985836250784e-05 0.0 0.0 0.0 0.0 0.007883301173385149 0.014162659561920551 0.010283722869717288 0.007452881590006153 0.0025291283719187426 0.006310611573545628 0.020592957414139693 0.03040068832711646 0.03562239134262761 0.035991688052445216 0.031207266762750013 0.04156100838826046 0.14225224038792283 0.6024790059480614
0.0 0.012261429301932976 0.0 0.0014235302829662697 0.0 0.0 0.0 0.0 0.007171886185845145 0.012100350587045863 0.008702898610478634 0.0069966467048141094 0.002569709437877302 0.004784785607298268 0.016976350313000772 0.024978856948342305 0.02923508232614443 0.028663317310147953 0.027099889254171405 0.0342933537503311 0.09821839965204673 0.42077676213845944 0.2624314845270274 0.0013152654458914363 0.0 0.0 0.0 0.0 0.0 0.0 0.0 0.0 0.0
0.0 0.011876998499477915 0.0 0.0014014944086447525 0.0 0.0 0.0 0.0 0.006955317948908637 0.011652502055578974 0.008636150291660117 0.006029504247013118 0.002311497846392546 0.005275078927328265 0.018656297834291565 0.02488551864099858 0.02841056768977649 0.030822057604123196 0.02694301685741519 0.03757913647939148 0.13222399626581333 0.4777866013592147 0.16855426148251593 0.0 0.0
0.0 0.009411410232710896 0.0 0.0 0.0 0.0 0.0 0.0 0.007356617993788208 0.012298841399698444 0.009149268722316745 0.005646953359951495 0.0030496871973811767 0.005096547569082548 0.016831678110315003 0.024923352352328575 0.029213066976103166 0.03023780086363232 0.025261924896638716 0.03563753826978891 0.1440741437888977 0.3936528923902921 0.24815827424174805 0.0 0.0 0.0 0.0 0.0 0.0 0.0 0.0 0.0 0.0 0.0 0.0 0.0
0.0 0.008252240342112912 0.0 0.0014146173374650877 0.0 0.0 0.0 0.0 0.0073219498433529095 0.010743989601632399 0.008739828603786816 0.00709565131200123 0.004193084370792502 0.0056202830619474725 0.018521521538880467 0.025599107884335767 0.030385881792164043 0.029217816975470552 0.026520045285361463 0.04224107689412168 0.13722427191199818 0.5538227428959372 0.0830858888647723
0.0 0.011142335580566778 0.0 0.002820291595643286 0.0 0.0 0.0 0.0 0.009182719676313523 0.012600993741330817 0.010091186287255496 0.0074870140377088805 0.003246056117584906 0.007136191800483394 0.01936813274378301 0.02788213085793338 0.030561759812700626 0.03180680799568261 0.027480569193386272 0.038024345149866676 0.09426437055134386 0.34155423666699986 0.3202601386480627 0.005090717859345407
0.0 0.01011133054268059 0.0 0.0021677976763232374 0.0 0.0 0.0 0.0 0.008402732458363978 0.011908019638554075 0.00868110242610877 0.006229255697984786 0.0034831873624859237 0.004125611516080692 0.018356578087651575 0.02591719367268291 0.030061952831248708 0.0302872429256772 0.026228914921115384 0.035733792794597374 0.1243793627598898 0.46296718410467286 0.19095873899257995 0.0 0.0 0.0 0.0
0.0 0.014463290378519894 0.0 0.0031626304100428 0.0 0.0 0.0 0.0 0.012763576606505785 0.01686329008063913 0.014585154391040503 0.009388282524858895 0.004637248120741226 0.008753565815893132 0.028253253832432268 0.03670215961702388 0.04282065716436584 0.040957427550128905 0.035877533168960946 0.048978845282070485 0.13529611262842364 0.546496970197541
0.0 0.01567081448344487 0.0 0.004262422597277106 0.0014193048359271729 0.0 0.0 0.0 0.008042731400120554 0.011831936485957954 0.00914431184340661 0.006644240509311305 0.004138330240151236 0.004753013038714435 0.018528151910065457 0.02534144577546128 0.0293156144162147 0.031220438092896662 0.02904618413125503 0.03549066591959299 0.07493827142513845 0.28477807564739327 0.3805839696284122 0.024850076010042
0.0 0.009612325986836983 0.0 0.0003643888432008431 0.0 0.0 0.0 0.0 0.008356253789136382 0.01147136176142794 0.009485608877902433 0.007099564351323706 0.003544478482846985 0.006094125930242978 0.018498034627664542 0.023749090577419908 0.027801763419208814 0.02874471199412815 0.028344774692620756 0.03619682332279881 0.13487050790389096 0.48503267520449217 0.1607335087006991 0.0 0.0 0.0 0.0 0.0 0.0 0.0 0.0 0.0 0.0 0.0 0.0 0.0 0.0 0.0 0.0 0.0
0.0 0.0107558279980153 0.0 0.002161601656438996 0.0 0.0 0.0 0.0 0.007910465572832632 0.012792988117243559 0.009256192834214026 0.006008178008512064 0.00221729674006004 0.0037077228773679904 0.019723315961986516 0.027472050369126554 0.030564179430357403 0.03126300722466334 0.02620618086279465 0.035927901954201265 0.09460086475786039 0.27898149883338563 0.4004507251100852
0.0 0.010618901976240207 0.0 0.0012207638258709501 0.0 0.0 0.0 0.0 0.007566370689438345 0.012515365841445142 0.008562605787272385 0.005530641068348524 0.0017643479137516385 0.004828990347538489 0.017419410483851594 0.02680862070451323 0.02849449485171223 0.03150645255267013 0.025996092060022343 0.034147117800884925 0.11056631655205891 0.29908713733838277 0.357727843775487 0.015638524761588623 0.0
0.0 0.009332151583621606 0.0 0.0014036714611743424 0.0 0.0 0.0 0.0 0.008710008144713498 0.011847161753705896 0.009591371936367865 0.007023890226099678 0.0043777559267447145 0.0052446125231639966 0.018925943412572692 0.028849704011602573 0.03315114211999407 0.03288351902465985 0.03285575714140612 0.03993057455413156 0.14261105535661245 0.4142438275793837 0.1990178516119224 0.0 0.0 0.0 0.0
0.0 0.014436781135154633 0.0 0.002355994286061402 0.0 0.0 0.0 0.0 0.007722749418060283 0.011478330373216404 0.008621869531535565 0.006391053807251851 0.0027497765779213755 0.004964232868945346 0.0186548021045968 0.025120446435233378 0.028802592760630914 0.02980122587945043 0.026227014070101858 0.03719718765663512 0.09793643720717787 0.43517517286733354 0.2423643314376176 0.0 0.0 0.0 0.0 0.0 0.0
0.0 0.011734044563887614 0.0 0.003433906133337312 0.00042877445395799054 0.0 0.0 0.0 0.008387873061322685 0.0115569557348372 0.009649044781560435 0.006986209903132299 0.0033527222905355356 0.006166757090573054 0.01765356379703129 0.025315918961122317 0.02906162809827089 0.029066450541813827 0.02622135388737694 0.03468427093856954 0.09188865221582475 0.3526274419261302 0.32454375461580337 0.00724067538271375 0.0
0.0 0.2713801653171313 0.0 0.032583769556378914 0.0 0.0 0.0 0.0 0.1435850130637937 0.25014760599486513 0.18854670330448786 0.11375670970126442
0.0 0.01301698849250022 0.0 0.0029721014832156324 0.001009573177867998 0.0 0.0 0.0 0.007834189761416028 0.0116503402320793 0.008685079852154116 0.006748953746469448 0.0035861345071995067 0.0049239750342103894 0.01717950061980873 0.026485595410968704 0.029950197659541836 0.028947899754469854 0.026355849134669405 0.03618644415717839 0.09824150538929033 0.42374544776940665 0.25248022224260097
0.0 0.015916313742477137 0.0 0.0038608473278958547 0.0025937784896724334 0.0 0.0 0.0 0.0098708769070813 0.011888792068253077 0.009465579619286658 0.007486044204816297 0.003511907982302576 0.00567923555707153 0.018848609954455028 0.02520319773863051 0.029636732963418136 0.029914057969832007 0.026448265372135207 0.03527669344532709 0.10632889766597155 0.3976502277193727 0.2604199396697483
0.0 0.015224628748775353 0.0 0.004891043976637031 0.004474027907276165 0.0008471231851335681 0.0 0.0 0.00821661885774427 0.011095077244593448 0.009815208525242255 0.008082856656242901 0.004349820148739179 0.0066537095894716805 0.022179825361657832 0.028087165668654438 0.03492923588046861 0.03525257125406589 0.026546205796381107 0.043825185737561834 0.1665438658134829 0.4701485624593667 0.09883726568160045 0.0 0.0 0.0 0.0 0.0 0.0 0.0
0.0 0.00960430538348294 0.0 0.0021508128738260395 0.0 0.0 0.0 0.0 0.009647663220067562 0.011849678199683938 0.009387886978424798 0.007227862592015974 0.004364264033215004 0.006373277547307585 0.019265293433072768 0.026450701959549978 0.03045713059264663 0.03205295852346619 0.025772062598576884 0.04054115301254766 0.09097876119255599 0.4325273032935036 0.23798812926922064 0.0033607537416808137 0.0
0.0 0.6287173172262286 0.0 0.21558189686025453 0.15570070723087426 0.0
0.0 0.011650992803526725 0.0 0.0031226655678488996 0.000132054639024673 0.0 0.0 0.0 0.007608861447838531 0.011479079931195882 0.008495781288447574 0.006771553357844407 0.002970909964622809 0.004651344032128556 0.018317094098210793 0.025835550137076405 0.028950458521568634 0.028275412455199853 0.02461274425712368 0.04078747542656178 0.10397050958495048 0.5110011682251371 0.16136634273058806 0.0
0.0 0.011710312396600687 0.0 0.004602755508531542 0.0019237106122267087 0.0 0.0 0.0 0.007631160449813801 0.01151924248119986 0.009022537385866197 0.006515714925042826 0.0030274362573523934 0.004591083465129701 0.018758851319313187 0.025725363043569517 0.029715013378861142 0.0299661895341571 0.026177965660973267 0.040482963738554416 0.09527582876964362 0.3788235353882265 0.2830500900960925 0.011480243983727111 0.0
0.0 0.017348073183120497 0.0 0.004303963633171936 0.0008935545973593323 0.0 0.0 0.0 0.010142439253019392 0.012388692350959947 0.00973337817193112 0.006868756321631565 0.0031029647166585152 0.00558510790684841 0.019226872467591475 0.026740104817837847 0.030894808799302335 0.03293341081162735 0.026857311463379777 0.036203074275495226 0.0835195781494373 0.19702420421324515 0.47623370314379243
0.0 0.01051310194015126 0.0 0.0010198790170665452 0.0 0.0 0.0 0.0 0.009292159453100185 0.012153193171161808 0.009163869174023067 0.006504672111812022 0.0028575192368523144 0.005590157241400539 0.018103479302080172 0.025374366892208226 0.02865686891182747 0.029714282588209427 0.02501428486243986 0.03713484021810456 0.1278845439364407 0.44769336034147655 0.20332942002929305 0.0 0.0 0.0 0.0 0.0 0.0 0.0 0.0
0.0 0.011090067145426047 0.0 0.0024112683101540954 0.0 0.0 0.0 0.0 0.008442648056063292 0.012783213256489998 0.010002146373718311 0.008258442103730036 0.00373438269204231 0.007071442066207985 0.02054683578684492 0.02872401669436212 0.03190305727909369 0.031658022007879885 0.026983085760276006 0.040239962700338805 0.16574333983387285 0.39805528221243985 0.19235278607402073 0.0
0.0 0.02013476062142208 0.0 0.004672444658576203 0.0022844370079903704 0.0 0.0 0.0 0.010226852824457922 0.01455915660310222 0.012293098092508281 0.010056453936365345 0.0053065977037674746 0.00783750218597656 0.027079161259176938 0.035403905292729444 0.04186655281604661 0.040314788693540216 0.03371959410401209 0.04782223700649586 0.1435651432736132 0.5428573119609499
0.0 0.07901489669138308 0.0 0.017674236883417297 0.0 0.0 0.0 0.0 0.08834985876661078 0.10846456947367894 0.09770194439369831 0.07059263043552941 0.03432137581264259 0.06593124244090862 0.18272006422022527 0.25522916678200247
0.0 0.011055321900053877 0.0 0.0015636535988209918 0.0 0.0 0.0 0.0 0.0073577085797869885 0.01200868414144046 0.009363545399907115 0.007407137136008949 0.003153291523484755 0.005564145957594759 0.017537402451779992 0.02336186565690811 0.026531649570555933 0.027891973996622216 0.024353900547888566 0.03310841856130966 0.0827492611347647 0.3615678348108488 0.34542420340100005
0.0 0.010276517320295605 0.0 0.0019112168451928793 0.0 0.0 0.0 0.0 0.008860889845314381 0.011545095960328577 0.009957858789368257 0.006527698427737351 0.002820104273864266 0.004978511385549749 0.018512110690754747 0.025439753479740024 0.028601009694978932 0.02928631872447808 0.028060715942477003 0.03849925134374932 0.10484898263047103 0.5250699502081788 0.14480401292119036 0.0 0.0 0.0
0.0 0.008429995868299315 0.0 0.00025362057505470034 0.0 0.0 0.0 0.0 0.008655113485639281 0.012236392101509664 0.008628105065033186 0.006695016206255257 0.0026634549100824456 0.00388359026101205 0.018427049479222177 0.026067348545285182 0.029560627392830302 0.029707258089155537 0.029271339571063905 0.03490912497123107 0.10847089383569015 0.4900614697684211 0.18207959828220385 0.0 0.0 0.0
0.0 0.008556820843626084 0.0 0.002476346828616086 0.0 0.0 0.0 0.0 0.009162125405745505 0.011670679646422726 0.009130506877449202 0.007852345990571585 0.0035888615072594498 0.007339552802969536 0.020743509888981857 0.02587575647104852 0.029832681656015048 0.02941192420604339 0.02661156673520469 0.042943476549331665 0.10854765335686657 0.5581192538898236 0.09813693582405063
0.0 0.008742112478961294 0.0 0.0019554318646901317 0.0 0.0 0.0 0.0 0.008534585697849685 0.01158017700210327 0.010309496889507204 0.007615675653642828 0.0034602000324468946 0.005333665374046802 0.018480243469366706 0.026346325563372713 0.02898791391919873 0.030274046161254824 0.02579126634331472 0.038527730875375144 0.12004747671334823 0.5112133344688242 0.14280031592152265
0.0 0.011552890128532693 0.0 0.0016175320797309472 0.0 0.0 0.0 0.0 0.007135452521827447 0.012174751774675849 0.009576261852116593 0.007330755648922125 0.0041538547910939345 0.004841721715588007 0.018593705864871003 0.02596891912500113 0.030411197555235067 0.030770957121551885 0.025876331677838395 0.03526025187443026 0.09941124626242741 0.4168364580280307 0.2584877103881987 0.0 0.0
0.0 0.011406670771848114 0.0 0.003481234261630081 6.607095162848213e-05 0.0 0.0 0.0 0.008768747075011773 0.012302810795898513 0.009033725842699855 0.006372520946529361 0.002886595696973742 0.004292030571490196 0.018930531413593934 0.024479759159149378 0.027550110036581973 0.028646485748935444 0.025356998721266986 0.0338841350980716 0.09278885806903586 0.39504067697084616 0.2912819808680017 0.0034300553351620383
0.0 0.009475889044734058 0.0 0.001518138841534176 0.0 0.0 0.0 0.0 0.009572083187460683 0.011277877205927926 0.00943217067038338 0.006843343231911492 0.0031339580676008317 0.005078122406468613 0.017431055473717608 0.02466279942001603 0.028642852082431378 0.029175967018191452 0.02672988738885727 0.03556290825678352 0.11137134679965198 0.4276611864693539 0.23939960001423968 0.003030812886274517
0.0 0.01136105828105593 0.0 0.0018856131083036115 0.0 0.0 0.0 0.0 0.007719413690617913 0.012471957059844364 0.008853872765073474 0.007074231646338606 0.002524060115182787 0.004796678834093982 0.019152818115175264 0.025874299093873624 0.029539158593445428 0.029218849589472486 0.026026158151443265 0.03825374190371617 0.11228873920653341 0.3229635708567945 0.33303916213692525 0.006956615196502968 0.0 0.0 0.0 0.0 0.0 0.0
0.0 0.008420003090499435 0.0 0.0 0.0 0.0 0.0 0.0 0.0061044983392224686 0.012027660088819815 0.008240515159341297 0.005557739591198144 0.002180096520708227 0.003435359628342266 0.019132942893847715 0.026786364938612296 0.031353739775364375 0.033597518978977496 0.03145962949184016 0.0395313405254494 0.1712849533690969 0.43752166326151587 0.16336597273597758 0.0 0.0 0.0 0.0 0.0 0.0 0.0 0.0
0.0 0.21478590767321354 0.0 0.0452136154551554 0.01997767487316005 0.0 0.0 0.0 0.15489605436497178 0.20777789868004667 0.19249987282797687 0.1648489491749859
0.0 0.011564842076681885 0.0 0.0024861853556513414 0.0 0.0 0.0 0.0 0.007613315344200308 0.012824909496308368 0.009075233654624907 0.006356463161947692 0.002503031732461941 0.004026748616745453 0.017423554707538463 0.026967980739241743 0.02960656590136691 0.030423627401918143 0.029008262794610207 0.03998591450511655 0.0964456783940019 0.4546941260201409 0.2189935584565998 0.0 0.0 0.0 0.0 0.0 0.0
0.0 0.015089852481325253 0.0 0.0033613958492370996 0.0 0.0 0.0 0.0 0.010000382199355123 0.01363291619508914 0.010258453774520008 0.007218669438796284 0.0033629171132591243 0.005692420560556676 0.02110759263644899 0.027285649570608046 0.0329560661337033 0.033583465298358095 0.03207132886046566 0.04234590531707623 0.13613482047207776 0.6058981622760822
0.0 0.01430413721919876 0.0 0.004986104825683643 0.0033373538791994636 0.0 0.0 0.0 0.007902025140811342 0.011906887886160119 0.009978923068402633 0.007670447962756937 0.003806102749504395 0.0051973989139716785 0.020520868522925714 0.025810517405024953 0.029889715769852 0.030350001449532583 0.02591514672371414 0.036823675696743594 0.09391144361803257 0.41487260349987265 0.25281664407098947 0.0 0.0 0.0 0.0 0.0 0.0 0.0 0.0 0.0 0.0 0.0 0.0 0.0 0.0 0.0 0.0
0.0 0.007868684167450467 0.0 0.0 0.0 0.0 0.0 0.0 0.006502671187722093 0.011872492085633256 0.007985648008374726 0.004698306413698115 0.0012495743571448526 0.0027596227579255042 0.015512826076445595 0.02273289984645518 0.026353127109049284 0.026703493413481324 0.023967848014589493 0.03150419456804324 0.08851230669490316 0.5138249847921954 0.20795131897441857 0.0 0.0 0.0
0.0 0.010542606080868006 0.0 0.001996692018253801 0.0 0.0 0.0 0.0 0.0074104748266319385 0.01214653503224217 0.009069153817688995 0.005933035674773051 0.0022252655570981347 0.003817258078838025 0.017155351743647563 0.02486564302264657 0.02934113763435208 0.031396069734659 0.02757455816668226 0.034245168247232026 0.07841119395071716 0.4174988391242216 0.28440452220578083 0.0019664934571892224
0.0 0.009394521195137987 0.0 0.0 0.0 0.0 0.0 0.0 0.006149611926294488 0.012741695794948158 0.00899369236597914 0.005165003094416868 0.0021559276859467458 0.002750158520270694 0.01717330438701557 0.025470229457638858 0.029303996255877228 0.02953305186461989 0.02612543990845149 0.03457519606720658 0.09235353057936156 0.3131984336121424 0.37312076608737405 0.01179543954320651 0.0 0.0 0.0 0.0 0.0 0.0
0.0 0.8577641326504151 0.0 0.1422357456482474 0.0
0.0 0.012890742880922972 0.0 0.002166820126602141 0.0 0.0 0.0 0.0 0.007715645069992232 0.011914903003843565 0.009195516289517354 0.006222494147853671 0.0030654746041489395 0.004329251977773197 0.016401420663950655 0.02216120448172932 0.025947217828977503 0.028250878628184563 0.026518509256891806 0.0330594635395636 0.07509315711307131 0.3970823614130866 0.3083265270103421 0.009658410421704655 0.0 0.0 0.0
0.0 0.012584623941990282 0.0 0.0024294625634383865 0.0 0.0 0.0 0.0 0.008282807334268144 0.011905728355196668 0.008688581541825212 0.007531354200818163 0.002768314646271512 0.0045317489710917985 0.018741221132367578 0.02443605923641305 0.028549404935997738 0.029584309069858494 0.02886368991518465 0.03427379028400179 0.10303031037511091 0.45331991688880235 0.22047867500826493 0.0 0.0 0.0 0.0
0.0 0.012678829305488058 0.0 0.0 0.0 0.0 0.0 0.0 0.008967486851942227 0.012147165523825075 0.009231316819258109 0.006895178060728737 0.002458891998098233 0.004045887425045425 0.017873997468803145 0.02749895133133335 0.031105758049302358 0.03142156737189999 0.02727027278574742 0.03523516101301071 0.1312205517184385 0.5179393477052917 0.12400963499123621 0.0
0.0 0.0115250726763052 0.0 0.0035903044178629876 0.0012999699074471099 0.0 0.0 0.0 0.008105426531012115 0.011283425145378367 0.009187213077325554 0.006366571620612842 0.0028164164739523964 0.004627406400745297 0.018183705181459484 0.025080166024084947 0.02945122099909915 0.029824141370084472 0.025262222202124058 0.034036914646321 0.09079339958170661 0.34772825485306946 0.3325698760275866 0.008268291261936575 0.0 0.0 0.0 0.0
0.0 0.007827339499783596 0.0 0.0 0.0 0.0 0.0 0.0 0.006182040703490581 0.011029577677915414 0.007599041868149131 0.006111399450707698 0.0026265742239298317 0.0032931980192989836 0.01658273382964648 0.023783756148111738 0.02771719905790353 0.026879431924798653 0.026995900189018755 0.03698026059092751 0.10654541052120879 0.5401466650309991 0.1496994697851977 0.0
0.0 0.01084109961245124 0.0 0.001903332806699811 0.0 0.0 0.0 0.0 0.007652166440778977 0.011786330333052932 0.008929632009655585 0.0059569517436385165 0.0023243637840323727 0.0037926421094003483 0.016020148386941647 0.02362477456727495 0.027827962029855706 0.028385748356147163 0.024204172218816742 0.03488816203542549 0.10013959597062358 0.4384258480708876 0.2532970679623234 0.0 0.0 0.0 0.0 0.0 0.0
0.0 0.012648101859522315 0.0 0.0020784722002177057 0.0 0.0 0.0 0.0 0.009758228299383581 0.011666723184161164 0.009500563289755326 0.008146266803267138 0.0035062681265587404 0.0058684377967021676 0.018553571112734212 0.02567669460953093 0.029548318737320778 0.029043108696136615 0.025374278561010363 0.04345755242996368 0.10034620903177346 0.5320405147191107 0.13278668903028942 0.0
0.0 0.012707488910916538 0.0 0.002164888040031434 0.0 0.0 0.0 0.0 0.008543154854803472 0.011421447973766737 0.008350702360519392 0.0059586902884483095 0.0023922435242590364 0.004014029005255482 0.018224140238200147 0.02420093008774649 0.0281255028223576 0.030082859258059726 0.027919267350280837 0.03281355531676447 0.1109353345743859 0.43209957098606305 0.24004619285489212 0.0 0.0 0.0 0.0 0.0 0.0
0.0 0.012226869309876003 0.0 0.0018912865619312065 0.0 0.0 0.0 0.0 0.007712511082623312 0.011276724458725811 0.008599387596602042 0.007359910480702072 0.003952736956014191 0.005091835775559296 0.0178472588523079 0.02434986656743298 0.028448199084492014 0.028878759715331437 0.02836374425281995 0.03905289062516329 0.11436467491838338 0.535370487884363 0.12521285437471064
0.0 0.07673728944788463 0.0 0.011524075445560503 0.0 0.0 0.0 0.0 0.0452216348636472 0.07594819197993588 0.052505105162756124 0.03480732937031178 0.017458800837970367 0.022297385439525017 0.11733569594730452 0.16294374851115428 0.18901687628063468 0.19420385631970666
0.0 0.010876458077343665 0.0 0.0020305260520284405 0.0 0.0 0.0 0.0 0.009283468421750552 0.012807151881171368 0.009671214459074427 0.0063829504824036215 0.002465999902645562 0.005554536500420436 0.017352537534038853 0.02546121004133649 0.02871222242829067 0.02963080990732592 0.02583591424930988 0.03379170683608243 0.0974860268735339 0.38014583266676033 0.2973352217377281 0.005176210260766295 0.0 0.0 0.0 0.0
0.0 0.01384320138502096 0.0 0.0023591843817915227 0.0 0.0 0.0 0.0 0.00833510956174409 0.01192972059283462 0.009214527783631543 0.007937997852219455 0.0035725652707279793 0.005083401911622055 0.01799002451046225 0.025883870837165198 0.030053975821671998 0.029863040575418238 0.026250848140445763 0.04014912192301911 0.0876784251563896 0.42483661136884376 0.2537805444752953 0.0012378268409552443
0.0 0.9999998758195464 0.0 0.0 0.0 0.0
0.0 0.011695466270730499 0.0 0.0029119918542947665 0.0005007426568240405 0.0 0.0 0.0 0.009331872645602137 0.013906676991476645 0.012555160258283472 0.008884727815276607 0.005965239578815625 0.007247747804402043 0.023559418301611405 0.032139889644194106 0.0384396977218496 0.03564118333208835 0.032262613517392576 0.045406435674212556 0.1295658499333464 0.43125364940428923 0.15873163484243996 0.0 0.0 0.0 0.0 0.0 0.0
0.0 0.013546275431225684 0.0 0.0022870931677682785 0.0 0.0 0.0 0.0 0.008081938391433353 0.010872790625568602 0.00864317473581684 0.006261415063354693 0.0037186680986240677 0.005031425663890161 0.017535008152149572 0.024237879258964447 0.028016570326716873 0.028267232355455564 0.027917155554688308 0.040884297326192025 0.10803025407237446 0.5058168702431178 0.16085195004710764 0.0 0.0
0.0 0.05358836789541948 0.0 0.01883842846201952 0.005742122204552315 0.0 0.0 0.0 0.04129616924316554 0.05187052350381577 0.03984507850732091 0.03398221461199841 0.014636831325324798 0.023244217962485762 0.08306574208009859 0.11365003975640042 0.12396971453036859 0.13003586255550548 0.1142615483371772 0.15197313185369438
0.0 0.008134410993028217 0.0 0.0 0.0 0.0 0.0 0.0 0.006914010795526544 0.012231293345963932 0.008195772292656816 0.0051428941147915975 0.0018328794977206225 0.0029320923093892146 0.016261098681599716 0.02198765732157297 0.02703493125871007 0.027347937657219695 0.022819979184125636 0.03031472578999398 0.08977486435150131 0.4002160157040987 0.3128916354015067 0.005967799715572372 0.0 0.0
0.0 0.08480281289767648 0.0 0.016011399705999567 0.0 0.0 0.0 0.0 0.060656333737880624 0.09807562052315572 0.07345917817532069 0.048806946851138004 0.01826904677560145 0.03600067059404816 0.134714903728032 0.19830338417468024 0.23089968967615176
0.0 0.01036992022756597 0.0 0.00199067035142795 0.0 0.0 0.0 0.0 0.009165346568161753 0.012476084652540704 0.010837093875093963 0.008072642038403764 0.0041719503357724366 0.006195725307325311 0.018514160909568422 0.025974799588179023 0.02926378800915465 0.030147902223999316 0.025125458427903577 0.037581821945250206 0.1051664643365991 0.43066206026156584 0.23428410933045582 0.0
0.0 0.012818555325327828 0.0 0.0009285035583055393 0.0 0.0 0.0 0.0 0.00829126596545917 0.011623931949466863 0.008458568016377413 0.005808667864725562 0.0033653960168885623 0.005402292780745499 0.015535227939457349 0.021271668336225097 0.024939178077121753 0.025626600064782824 0.024071181713493466 0.032120533021697185 0.06633263839565166 0.3330285410486443 0.3802967569656561 0.02008049142826163 0.0
0.0 0.0104104539707671 0.0 0.00032004719219512083 0.0 0.0 0.0 0.0 0.007149429124701552 0.012065664083577796 0.008915505714120057 0.0055342350805522135 0.0024052644233133694 0.0036311647643514186 0.017623295140376107 0.02514167869425419 0.027513795912275027 0.029290751107638065 0.02554157206469605 0.03746289703799055 0.12548576559000219 0.5037232950840859 0.15778518345516557 0.0 0.0
0.0 0.08711245596109217 0.0 0.01807696136266002 0.0019208561594838808 0.0 0.0 0.0 0.05482646315754784 0.0792805154228573 0.06604941572139307 0.057782838854527056 0.028921349927578957 0.04377172758281718 0.14545427532404182 0.19013482928858877 0.22666830106727587
0.0 0.010506999693871831 0.0 0.001188266165765596 0.0 0.0 0.0 0.0 0.006728095351664364 0.011472378791345834 0.008957107857838131 0.005764028119325329 0.0021818089985245486 0.0035656021624245163 0.016278733543539498 0.02290966814498247 0.027114905018844993 0.029470329322168497 0.02446218371128611 0.037162456450357435 0.07562562127273352 0.36605405421956405 0.33760896522828054 0.01294879436121649
0.0 0.013112805405503641 0.0 0.0 0.0 0.0 0.0 0.0 0.0078495000465717 0.015116446129253216 0.010895992445528293 0.006233531840097083 0.00203757859220343 0.005831011505373563 0.021520389720957128 0.03362807781133265 0.037656416722501085 0.037592860071207296 0.036364134010487395 0.04309044124126861 0.10132986777280348 0.6277409446219296
0.0 0.013017843850873704 0.0 0.0020421253936883277 0.0 0.0 0.0 0.0 0.008501080296618911 0.012012097972740155 0.009102956327267415 0.006459809740672079 0.002605217553106281 0.005241150714376129 0.01770332661306623 0.025394360323823622 0.029009082699104818 0.029535018692032875 0.027999156313112183 0.03942845401795582 0.12183793889635258 0.46604685704615467 0.1840635219773504
0.0 0.013783027345440802 0.0 0.003436526964862723 0.0013789593601068453 0.0 0.0 0.0 0.009020002548042418 0.011989160566691411 0.010698919884795391 0.007907085026818004 0.0035043249816651013 0.006696096195453988 0.018377510635346126 0.024744791588117335 0.02868256937823247 0.028731936200977404 0.024849714643259704 0.036499462601664055 0.09149194483984588 0.4814432526588143 0.19676471304715668 0.0 0.0 0.0 0.0 0.0 0.0 0.0 0.0 0.0 0.0
0.0 0.01293103229253977 0.0 0.0037242303972308596 0.001082919705490105 0.0 0.0 0.0 0.009803221980677271 0.012358869870819402 0.00994337086655087 0.007584547224116278 0.003830498164090325 0.007134246781600511 0.019864649932279464 0.026861897109628628 0.030779814180311397 0.030553241514008518 0.026704725712681582 0.034573281943765334 0.12906622433125647 0.46161247478503575 0.17159075163658133 0.0 0.0 0.0 0.0
0.0 0.011291873341919407 0.0 0.0020151055175007576 0.0 0.0 0.0 0.0 0.0075590657710752586 0.011269637465147954 0.008866331061565862 0.006158194433187309 0.003576856698709669 0.004474939671717017 0.017784460725735616 0.023080062998715543 0.02691693402879863 0.027852794679615888 0.02728029023579134 0.03502587982190102 0.1397199032328291 0.4820321119731565 0.16509555685264374 0.0 0.0 0.0 0.0 0.0 0.0 0.0 0.0
0.0 0.009487351184339994 0.0 0.0 0.0 0.0 0.0 0.0 0.008590547873328821 0.011215862884698995 0.008493766892236194 0.006222651129411643 0.003318410965901222 0.006413195371651247 0.017550113351354268 0.02505059997551104 0.02751658387781075 0.02912431921944962 0.027080726028347882 0.03813454410805514 0.1531675962438687 0.5160783491839239 0.11255538019879897 0.0
0.0 0.009439092650065092 0.0 0.0016641073655571858 0.0 0.0 0.0 0.0 0.007707032746022711 0.01118697296500067 0.008759073228251264 0.006215434105066735 0.0035287937376410573 0.004345549116770265 0.017379378210775745 0.024828074538181907 0.02889184293687147 0.0292446526963364 0.025444902141325103 0.03613241496596938 0.11486725400381341 0.547820295744368 0.12254512734097193 0.0 0.0 0.0
0.0 0.01727231946884051 0.0 0.003568718608904632 0.0017197066057361922 0.0 0.0 0.0 0.009014198686543297 0.011738698357845467 0.00935472129315245 0.007439162074065109 0.004145387573384836 0.004790062961208732 0.018625482979266625 0.025165025282576223 0.028820352143928838 0.03131679854055629 0.02687161128373655 0.034914799395934906 0.08223116971248365 0.20309626615478588 0.4799155172312389
0.0 0.00926235278722157 0.0 0.0015598068703389703 0.0 0.0 0.0 0.0 0.007392676331771781 0.011621521866118851 0.010073201158356127 0.006894872582557738 0.0028504126417618816 0.004719353702656484 0.018403085322530627 0.02501470259911763 0.028641820293380405 0.02933868250846105 0.025714634794642942 0.03893161265763314 0.10490846901054839 0.5422516031218482 0.13242119018434018 0.0 0.0 0.0
0.0 0.010182686390901257 0.0 0.001908678579134102 0.0 0.0 0.0 0.0 0.007620086870267366 0.01220151298658909 0.010483588735352422 0.00670415060242055 0.00397921510946748 0.004407916400324804 0.020178896742928217 0.027789100526541582 0.029949516977944787 0.03138985436485358 0.027447088365778728 0.036949598505169504 0.14232302060802504 0.49458861488752376 0.13189647174280508 0.0 0.0 0.0
0.0 0.0127225529476784 0.0 0.004911006633983713 0.003075768268362158 0.0 0.0 0.0 0.009849984159262602 0.014214765208610338 0.012045754789399314 0.009592582380015388 0.005160643359826594 0.00695975613649179 0.025641069124818838 0.033343682036991805 0.04271760440958375 0.03846936874063259 0.03341404065708555 0.048369199533039135 0.11222620164114341 0.5872860181053187
0.0 0.009660138738515067 0.0 0.0019221317028951673 0.0 0.0 0.0 0.0 0.008362052510840018 0.011448883369508878 0.008910654398661783 0.0062300951595173105 0.002661841737786835 0.005789993909646725 0.01951405453611351 0.026207486868074833 0.030618624844375657 0.029231130064249308 0.026541065752495454 0.03866184772139582 0.1211873580302337 0.4634592868743826 0.18959335221018764 0.0 0.0 0.0 0.0 0.0 0.0 0.0 0.0 0.0 0.0 0.0 0.0
0.0 0.008700178102639393 0.0 0.0 0.0 0.0 0.0 0.0 0.006284192631249873 0.012364281141476348 0.008952741626949276 0.005427775157476916 0.0027936790265725552 0.004104336841041903 0.017602986605629787 0.025757999517348057 0.029433557947966253 0.031995553223789115 0.02569023313483243 0.03660719673394105 0.14078134070864873 0.40366006759921647 0.23984387833904175 0.0 0.0 0.0
0.0 0.010633421841315068 0.0 0.0020218283236533114 0.0 0.0 0.0 0.0 0.0071019918963771385 0.011812198651972989 0.00916707390755942 0.006649733256635175 0.002263078461713091 0.00432635124663031 0.017609283109266318 0.02322466613404529 0.02715483277351967 0.02838687991513432 0.023795411121702484 0.034471799091405055 0.08540774890097012 0.3766436215505993 0.3293300782093537
0.0 0.00984328243412214 0.0 0.0019381536124692812 0.0 0.0 0.0 0.0 0.009480452288911171 0.01170262862800722 0.008554375078162323 0.007024909325949246 0.0028954842444169357 0.004956444050964796 0.019903735481273305 0.027105418340136984 0.03078880249481303 0.030674210489874808 0.029322563924073522 0.038105170305592476 0.12765079967881474 0.47070254840772563 0.16935101965530092 0.0 0.0 0.0 0.0 0.0 0.0
0.0 0.013681417833673057 0.0 0.000974947561772424 0.0 0.0 0.0 0.0 0.008012733433184064 0.012613193025880933 0.010874697097584806 0.00648919290275289 0.0029490906284985255 0.004550697113621731 0.019916829400408387 0.02637424787636073 0.030679457400477422 0.03145365001729767 0.026729855959208255 0.03738233910838264 0.10615759267773703 0.46742697958744583 0.193733076741106 0.0
0.0 0.013746795994704592 0.0 0.003080083780625619 0.00027390996301357966 0.0 0.0 0.0 0.008945792567879772 0.012574771934313275 0.009886871236958882 0.007492971849097128 0.0035516555012765592 0.005605028203152938 0.018527745166766932 0.026562762998010775 0.02908112982279849 0.0306833188842356 0.02686598778102549 0.042313340069528665 0.12817317141789575 0.4652412031993582 0.1673934579699025 0.0 0.0 0.0 0.0 0.0 0.0
0.0 0.012961507026588716 0.0 0.001711031845942902 0.0 0.0 0.0 0.0 0.008428620010519408 0.011833687125742549 0.008760047374272927 0.006759297410836576 0.00256428351908213 0.004044597128874083 0.016976804174516993 0.023825460057953045 0.028004053727547575 0.027605475183055554 0.024333098989169084 0.03217134379148618 0.07113964799621297 0.3240796201577138 0.3781223822831128 0.016679040618658655 0.0 0.0
0.0 0.012739099399822651 0.0 0.0044713115162992815 0.0028179876267451303 0.0 0.0 0.0 0.009109849049496523 0.012388187662381272 0.010336693889348124 0.00840760646178946 0.003453184862951902 0.005376328508638594 0.02003001149222121 0.027946087513820432 0.03446147577620151 0.032656877557850246 0.027845716342593533 0.0438459707295044 0.12652538631176052 0.3997227853957687 0.2178654381981892
0.0 0.015217683881949764 0.0 0.00469601885226781 0.0021914005864514577 0.0 0.0 0.0 0.008209267389122862 0.012143753172969117 0.009945027570629799 0.0074072513995610675 0.0035619476841495076 0.006281567374634365 0.01925038592049241 0.02635178128165588 0.03271496154164082 0.03135546300957363 0.027609559759760326 0.03660738952593095 0.09020759507571584 0.33535634346668997 0.3308926008682262
0.0 0.010661606349333493 0.0 0.002780994295245278 0.0 0.0 0.0 0.0 0.010259328600245964 0.012540981242264463 0.009758077655763924 0.008179081389667256 0.003195211313675775 0.0054750538484003245 0.018354934288473755 0.026384582642428867 0.029786344555537508 0.029409160348661992 0.027517883380373545 0.03455898998791928 0.09092974807193961 0.26936268631238214 0.37639869469791337 0.03444663935574278 0.0 0.0 0.0 0.0
0.0 0.010616133665431828 0.0 0.002893917402036154 0.0 0.0 0.0 0.0 0.007698795974799687 0.012022982722609545 0.008873817769553411 0.006430944890667304 0.0024059667273895633 0.004435097171878143 0.01777158374404411 0.025311464902012942 0.02915583568607174 0.030075489948818826 0.0258063024852938 0.039714066527341566 0.09444960860730148 0.41948856381063643 0.2608106854322359 0.0020387409215200268 0.0
0.0 0.01137747172308702 0.0 0.0023295977216803566 0.0 0.0 0.0 0.0 0.008747318029990663 0.011343414950497344 0.009427121591194864 0.007880389344667364 0.005037067113118627 0.005866834950263923 0.020184526697112643 0.03004195902225974 0.03834765075196909 0.03219636359832365 0.02826258621701123 0.04516243956629988 0.19101959421698592 0.5146996298975247 0.03807603313063009 0.0 0.0 0.0 0.0 0.0 0.0 0.0 0.0 0.0 0.0 0.0
0.0 0.011018281798661341 0.0 0.006077971130960063 0.0047311355953002995 0.0 0.0 0.0 0.008791469625181755 0.0123025464933238 0.010337269776610532 0.007703492783636278 0.0048156413555864395 0.006241035635866512 0.020633067900186847 0.02823914348015659 0.03570257546848381 0.03277374898137592 0.02851435343933986 0.03810305018904419 0.10354003782402611 0.42622462337002387 0.21425055352658426 0.0 0.0 0.0 0.0
0.0 0.01163819606060834 0.0 0.0 0.0 0.0 0.0 0.0 0.005536655377660478 0.011013241568088037 0.009265485755802055 0.0053863468642139836 0.0017956936894233486 0.0047142451758474604 0.015342029614502746 0.02176716226357484 0.025611002883236835 0.02558583662728442 0.022710309498545564 0.029643206377343388 0.07515287867871137 0.4284667578550986 0.2973697891938368 0.00900116100017258
0.0 0.012840512426007714 0.0 0.002822070093592582 0.0004617379042989809 0.0 0.0 0.0 0.008609518389893463 0.011848787380052468 0.008970922976271542 0.0067265662702762664 0.004410243842518244 0.00586181326748994 0.02001856098538814 0.027591627145168204 0.03197845478372671 0.03147220139374837 0.02686658337735813 0.041047817552636624 0.12133096084865068 0.4953032155966541 0.1418384041877296 0.0 0.0 0.0 0.0
0.0 0.010344395633734328 0.0 0.0005065652167503705 0.0 0.0 0.0 0.0 0.009394167313121768 0.011851229141225265 0.009196108788069668 0.005859341052261283 0.0036542340529841194 0.004660783318286207 0.017701933853464455 0.025223204610431604 0.029781702719819794 0.03150958265742164 0.027302796031660418 0.03459788242895806 0.13911446526949975 0.5011007226982102 0.13820088366443548 0.0
0.0 0.10099911914988186 0.0 0.01642088893980979 0.0 0.0 0.0 0.0 0.08193506715151792 0.11447543573183364 0.09268720902565546 0.06905869641465402 0.032016952888996954 0.05068111759739618 0.1846550805699376 0.2570704171073386
0.0 0.012526420159747389 0.0 0.0024163792688711105 0.0 0.0 0.0 0.0 0.00848072078099644 0.011105150265751275 0.008561167908900274 0.0070545942931054505 0.002596822993651932 0.004272996925277958 0.01723922978053298 0.02393967318980194 0.027692813142774917 0.028225874679125875 0.024919004229672845 0.03908412197783442 0.13428929731672848 0.5226285431563815 0.12496718842890753 0.0 0.0
0.0 0.011587483245714859 0.0 0.002266481463178618 0.0 0.0 0.0 0.0 0.008956102278836137 0.011515427770612135 0.008407278236664132 0.005825768789802398 0.0032744557402860975 0.004342924521506639 0.01566179318320069 0.022802823016659843 0.02503451985744728 0.025587118449287464 0.022266836963778413 0.02998965599324813 0.07619563624055886 0.4199789981754276 0.29426655917831324 0.012040135378676672 0.0 0.0
0.0 0.008235878785919245 0.0 0.0020786915203006755 0.0004588516033142726 0.0 0.0 0.0 0.00769689265735656 0.010937400393978518 0.008326700781729436 0.006678658414759591 0.003184866227409488 0.0065533763151762675 0.018498678296611042 0.025046614108664312 0.032819845841462136 0.029634592542684215 0.027149304053807933 0.038978033041449166 0.1695393452589393 0.5412497649332209 0.06293250378011042 0.0 0.0
0.0 0.0165910604334577 0.0 0.004361201047217979 0.0015938383486578684 0.0 0.0 0.0 0.008603091006415443 0.012150380879858097 0.009816883470714265 0.00690717622314845 0.004307468748712287 0.004928264697728501 0.018890349855433367 0.024655272980681615 0.031138364735772164 0.03234455404250105 0.02634887321843632 0.03431199239070418 0.10237946585813114 0.24675969497326974 0.40841011697282636 0.005501948446155888 0.0 0.0 0.0 0.0 0.0
0.0 0.013907474185314865 0.0 0.0017453823860828954 0.0 0.0 0.0 0.0 0.008140508207498637 0.01171862068492604 0.008593773243369419 0.00641054978172446 0.0027015858204916953 0.0046219099312928575 0.01757465856736919 0.026526959715496453 0.028284610894342022 0.031186086548735743 0.027415086598094 0.03386745114673905 0.09498124020947209 0.43590363847933034 0.24642046202544735 0.0 0.0 0.0 0.0 0.0 0.0 0.0 0.0 0.0 0.0 0.0 0.0
0.0 0.013470622142252725 0.0 0.0024761435082671607 0.0 0.0 0.0 0.0 0.008093269982934602 0.012398998185307226 0.00966901452474722 0.006900553754868051 0.0025753336150086555 0.004833852175064289 0.01753416580238325 0.02563689129082031 0.02817875365236405 0.02923632413250393 0.025524290434444607 0.03330545457497055 0.09564210443366224 0.2734278066876052 0.3961552498935476 0.014941169550298755 0.0
0.0 0.011566933542344126 0.0 0.0015019059822717804 0.0 0.0 0.0 0.0 0.008033217621523436 0.01149839689055823 0.008797060015896425 0.005800998615925196 0.002656074480099661 0.0041190020044421785 0.017155440333349592 0.024127936220294955 0.02643901468202215 0.028165269612016458 0.024269443252945243 0.03796279551768627 0.11040159144454717 0.5265612630045464 0.1509436552653194 0.0 0.0 0.0 0.0 0.0 0.0 0.0
0.0 0.0126056858778253 0.0 0.0014801819340905218 0.0 0.0 0.0 0.0 0.008099415793009771 0.011601347281647804 0.008438151332112885 0.00594463916810064 0.0020829370960085605 0.0033587435213664847 0.015786900172743645 0.023039149724309232 0.027208216004768714 0.029039995372785045 0.024432958188349542 0.03127577854981383 0.08756326547710343 0.3664055205172816 0.3216420574984921 0.019995054920832457 0.0 0.0
0.0 0.012127795627404734 0.0 0.0016582047451808761 0.0 0.0 0.0 0.0 0.008735809555211645 0.011345722375512709 0.00851250573421241 0.0060107673391796386 0.0025718266229075885 0.00472523213979383 0.016538140620156596 0.022423569537769677 0.025574870091777644 0.027238471527383408 0.023387079292587605 0.03168896514699048 0.08408779281816604 0.4829454950213429 0.23042775026656342 0.0 0.0 0.0 0.0
0.0 0.012469930096119951 0.0 0.00178040590864544 0.0 0.0 0.0 0.0 0.00630998075417635 0.011379224625919516 0.008091450551362364 0.005344282187493409 0.0020558258365895848 0.004865301064117398 0.016017905866888685 0.02317911309358334 0.02550485439132018 0.027164855870786698 0.02509486412699925 0.03542709522492889 0.0953455522382103 0.40640125945731864 0.29264134615855225 0.0009267509948932146 0.0
0.0 0.010951489180898067 0.0 0.0015881683977901307 0.0 0.0 0.0 0.0 0.009597575902379307 0.012462861208134902 0.008998793678321832 0.007223672635035688 0.002493387844523081 0.004508388424605691 0.01809529758127586 0.026240838437758474 0.030512066001888032 0.031119503094598315 0.02631451706023799 0.04021369986397775 0.10158810462834661 0.30558819752002403 0.36250343686637604
0.0 0.011529665128432936 0.0 0.0023879709318144486 0.0 0.0 0.0 0.0 0.009274942689775974 0.011617837467274982 0.008530138264823302 0.005846028693714807 0.0025177226362220607 0.003856008531915102 0.01828202209829497 0.024984972453601654 0.02713007867008952 0.02738092115842492 0.023506155017984 0.03249102634431008 0.08757089117706743 0.45528226575438285 0.2478113514277947
0.0 0.011033489801112822 0.0 0.0009426170028784111 0.0 0.0 0.0 0.0 0.006151087850231851 0.011088957413446014 0.008138969071461045 0.006080728413892305 0.0019202918414384482 0.0032583399567713066 0.015156641412419816 0.022623849610344214 0.025451877902598573 0.026017589931220917 0.02536196186702449 0.03247896843582326 0.0845758540779462 0.4724795483853243 0.24146613960532085 0.0057730859335824595
0.0 0.01230073201257539 0.0 0.003274729555739543 0.0010900235143808193 0.0 0.0 0.0 0.008027548242279836 0.012170801191117863 0.00969334226865869 0.006715642150358712 0.003349690982301606 0.005380904578795154 0.018863924780590662 0.025984066576878427 0.029137545909258 0.02912622288610538 0.026019495933866713 0.035130751367479084 0.09658557292517166 0.4290918151081774 0.24589116482810147 0.0021660236326360824
0.0 0.011021161075208057 0.0 0.0018798307420612014 0.0 0.0 0.0 0.0 0.0074789761592344945 0.011947461449531661 0.008579194489771345 0.006360917083981288 0.002871785525817333 0.004134035797362185 0.017582288356137666 0.026637954982065646 0.02834003470383854 0.02996042444536946 0.026144005480355736 0.03518943888017506 0.11232396899278718 0.46611447026748665 0.2034340499955286 0.0 0.0 0.0 0.0
0.0 0.013794454824882504 0.0 0.0011647250116757065 0.0 0.0 0.0 0.0 0.008802136478948872 0.014938998052799378 0.010801473446145455 0.006603510108959423 0.002438873370161559 0.004164073172006107 0.021329205746846595 0.028228344716919342 0.03385275653017957 0.0344479439884136 0.032120702537624474 0.04526958398678298 0.10983197842877428 0.6322112375545381
0.0 0.008140952080453087 0.0 0.0003367757497552248 0.0 0.0 0.0 0.0 0.00753739237695018 0.011766055796084467 0.008378887756535981 0.005485999776723912 0.002787718134087009 0.004709532558946028 0.016471740400077574 0.02417808987601083 0.0306492344275748 0.02810925400866673 0.025205425541547692 0.03475207655043788 0.1456998770959144 0.5089328900454178 0.13685809629681714 0.0
0.0 0.010364160487976106 0.0 0.0005520955349388508 0.0 0.0 0.0 0.0 0.006482264501881219 0.012437293032540223 0.008048865263523183 0.004871408386312904 0.0013462204869980465 0.004434936475210102 0.016613796655312082 0.02610036123898356 0.02743063865295476 0.029034771056114336 0.027754079506807947 0.03208033413693913 0.08924270812506185 0.27242529774913365 0.3900063093579387 0.04077445772535288 0.0
0.0 0.010126292516205414 0.0 0.0019982740346190238 0.0 0.0 0.0 0.0 0.00702938883886948 0.01158084433472106 0.009686736279635628 0.00580470910909911 0.002476581154260575 0.004159308894922396 0.017149513476532707 0.024912476577555975 0.0288742591621649 0.029362944923584162 0.025466589296741955 0.03623800632454524 0.12058477732244927 0.42591037463783615 0.2386389215242596 0.0
0.0 0.012883019423594133 0.0 0.0023888188338605392 0.0 0.0 0.0 0.0 0.007531066304778861 0.011431286320797865 0.009166868155812458 0.007066120987836564 0.002989038963311978 0.0044026077804205825 0.018378164290326602 0.0237954903390187 0.02857646941918406 0.02798380530602649 0.028269804597642553 0.037870369460639625 0.08161158894333231 0.3955022440019823 0.29195920716145835 0.008194028147339154 0.0
0.0 0.011789846167341808 0.0 0.003235506055789534 0.00023874632895325675 0.0 0.0 0.0 0.00849851316242353 0.012783434146708468 0.009201276678803948 0.006221285300571677 0.002593470810977248 0.0054619729348582636 0.02031821053645691 0.027490453709596845 0.033595779040517255 0.031044672373105264 0.030103149862855727 0.03517805763907681 0.10237408643541134 0.3807419967533954 0.2765302056962783 0.0025993346670223046 0.0
0.0 0.012230051874902446 0.0 0.001958810165854363 0.0 0.0 0.0 0.0 0.007617009886653228 0.011816322693953607 0.008460622994363322 0.006832701701070296 0.002148581193051389 0.004930173347015624 0.017561802916433444 0.024157591963637735 0.029993765495941665 0.031092040221666933 0.025940483088287735 0.03272807431494032 0.1018916426365728 0.42974727272723334 0.25089305119344135 0.0
0.0 0.010431839930710396 0.0 0.0029898822695986244 0.0001513323582882378 0.0 0.0 0.0 0.007910177478261537 0.011689261269349329 0.010036971377747056 0.0066224658642121785 0.0036997220793248365 0.004428557283768157 0.018688397717525815 0.02610236216537027 0.029600026089236245 0.028720596442840814 0.02587391754995663 0.03485782280666672 0.10542986793558255 0.4142087212356891 0.25700247750061206 0.0015555990478166935 0.0 0.0 0.0 0.0 0.0 0.0
0.0 0.07948211614737466 0.0 0.012818544445160415 0.0 0.0 0.0 0.0 0.04853965017350584 0.07848259259388145 0.055642313100622794 0.039432703708657056 0.013512292179066165 0.03151093606918386 0.10844584601836042 0.16167281576773748 0.18209576841325592 0.18836441073437823
0.0 0.01048974607248972 0.0 0.002356659508362217 0.0 0.0 0.0 0.0 0.007964251290601873 0.01149651012591625 0.00839738266420422 0.007125142410796937 0.0030840059854906916 0.005144263734622241 0.018792327377736288 0.026533829026647696 0.033994813986605324 0.031202859588150028 0.027417411475385168 0.036447350827367116 0.14322520819249232 0.4903923199813204 0.1359359161989652 0.0 0.0 0.0 0.0 0.0 0.0 0.0
0.0 0.010155879327309072 0.0 0.0014270441033911493 0.0 0.0 0.0 0.0 0.007496855473647573 0.010746149844298006 0.008206317701629101 0.00701632874016894 0.002987880286435169 0.004383281331115783 0.018620793874006225 0.02510036892904738 0.02955414551045904 0.030940120051529206 0.026741212561485095 0.034169758019764664 0.15383196937381485 0.5321996983858341 0.09642219504833298 0.0 0.0 0.0 0.0 0.0
0.0 0.010123996394776987 0.0 0.0014697208509570827 0.0 0.0 0.0 0.0 0.009068988624131328 0.011719043021648818 0.00868463470485263 0.006090643637819297 0.0023766304832736167 0.004455389371582092 0.01918579311674802 0.025499266055943097 0.029805181134872547 0.030292411564753662 0.026509973623930837 0.034399167196671826 0.07995700737445625 0.4038397858373298 0.2965223654001277 0.0
0.0 0.009778864869806338 0.0 0.0028344187143368544 0.0 0.0 0.0 0.0 0.00940274323394043 0.012382719012134117 0.011112455811456465 0.008533977414923769 0.004770528585960134 0.005621881136601285 0.023142928217370583 0.030465554842431287 0.03621848198590981 0.033699871001377536 0.0299372283422461 0.04531708834869335 0.20511890028301036 0.5316623565351511
0.0 0.015788389621667193 0.0 0.004827967884552684 0.0034210797619991097 0.0 0.0 0.0 0.008304094103370772 0.011850563517173372 0.010027405489038228 0.007563601172697009 0.004417802140519358 0.005490838649824285 0.020134383083973195 0.026709679323142076 0.03432799994400369 0.03142278238998933 0.027388997412585332 0.04221032555182681 0.10489742436018402 0.3976262459499858 0.2435904180178989 0.0
0.0 0.011672565341698575 0.0 0.0034846041159759976 0.0019250253099979406 0.0 0.0 0.0 0.010005016579893 0.011971072543037451 0.011151563443869037 0.008736033234960994 0.004962616099429335 0.006998371274659267 0.02204108498940581 0.028329550067121827 0.034172922255253854 0.03245721307434021 0.028380320900541628 0.04705683483382101 0.16347895571442725 0.49231526148396654 0.0808609871941471 0.0 0.0 0.0 0.0 0.0 0.0 0.0 0.0
0.0 0.014277724639428809 0.0 0.0032470974132857685 0.0008692481604969088 0.0 0.0 0.0 0.008430450082590203 0.012263344086969148 0.010018445991832464 0.0069645521752734075 0.004198827068049759 0.005718766720969039 0.01871400182783882 0.027331457259963186 0.03161267869832351 0.032185618282689975 0.03159282688251605 0.03989952360800687 0.1188120347812939 0.35001432197145926 0.2838490786785016 0.0 0.0
0.0 0.014521614417553955 0.0 0.003331074556594436 0.00023785933339522648 0.0 0.0 0.0 0.008879737910750626 0.012744878392136378 0.01007173640823827 0.007381192179636472 0.0031031751529484626 0.0054131051487650034 0.019223081971682453 0.028211273815374697 0.03136341350582041 0.031667160660553174 0.029800109809764445 0.03589235690074114 0.10365091340339938 0.42609959857074003 0.22840771621357114 0.0 0.0 0.0 0.0 0.0 0.0 0.0 0.0
0.0 0.016510717342138412 0.0 0.004162340868068131 0.0018696528819791014 0.0 0.0 0.0 0.00745591387190827 0.011266482469346938 0.01013964261114214 0.0064752426603676356 0.0038508779312978253 0.004603732804968379 0.01732262870171236 0.025068821819973757 0.02934855416062174 0.029650306427468815 0.02505760901231575 0.0329704093127192 0.0847508238974139 0.35498417228638474 0.334512069352665
0.0 0.010882415203140292 0.0 0.0014563829663169338 0.0 0.0 0.0 0.0 0.007530118856832062 0.011777955478243281 0.008325417005452702 0.006398251529898859 0.0035319458688978975 0.004601144210228467 0.018187719079501903 0.023905133996467574 0.029128271420112407 0.030961515814501073 0.02619793133355203 0.03410554725429777 0.12194793692360027 0.45836209071693146 0.20270022076214358 0.0 0.0 0.0 0.0 0.0 0.0 0.0 0.0 0.0 0.0 0.0 0.0 0.0 0.0
0.0 0.5118217836299168 0.0 0.1101166775399269 0.0 0.0 0.0 0.0 0.3780614791507286
0.0 0.017732154172641113 0.0 0.005579889936209063 0.004532068085499489 0.0 0.0 0.0 0.009263877002740508 0.013363789481816525 0.010525120564078018 0.009001964918459582 0.004598029942530337 0.007752960738525813 0.021611117120901944 0.02806710384659863 0.03160512594581131 0.034373308306087265 0.03055875893978331 0.04193604476569692 0.13917180365411708 0.3458604664013083 0.24446641438576416
0.0 0.01582620756260744 0.0 0.00415131288775216 0.0015187804685680027 0.0 0.0 0.0 0.009283395754982098 0.011377152947561742 0.009316220642133832 0.007189344432589265 0.00317304889428274 0.004715371513098278 0.017179498833083576 0.02605147757057139 0.030069714365644953 0.03036053815973232 0.025785984235995738 0.032875771609417265 0.09043936438431305 0.3673597598542289 0.31015421718352265 0.003172837120817245
0.0 0.011519088479639242 0.0 0.0029756263421760326 0.000595472468740683 0.0 0.0 0.0 0.00846066085081925 0.011458460122848466 0.010609076478985593 0.007774054288103176 0.00377977816693236 0.004977403717188065 0.019959779326681436 0.02668175682706948 0.030711172013639373 0.03103647475502211 0.02737498414043826 0.03383111395865032 0.07536054464911265 0.3150209191502975 0.3677175448245866 0.010156087832157828 0.0 0.0 0.0
0.0 0.008323271840530454 0.0 0.002966363850650211 0.0009277131802326575 0.0 0.0 0.0 0.008189136992074821 0.010872818156227546 0.009124745603628607 0.007317993155642994 0.0034606703417550213 0.005229804668210601 0.017424549860204572 0.026386137797197104 0.029656475753710783 0.03200687567080804 0.026737856298002467 0.04591100361482733 0.15020555055427462 0.5533088962706011 0.0619501349236831 0.0 0.0 0.0
0.0 0.01388151845602093 0.0 0.0037280479973393404 0.0006291033431624526 0.0 0.0 0.0 0.008499569671395207 0.01272622442344106 0.01009866438668475 0.007026629975461922 0.0029898190653409305 0.005304923360426204 0.018115471535432626 0.025884335166114218 0.031782232030298625 0.030625141486367163 0.025903260914172308 0.03596131665884711 0.08585475351011833 0.3900906323465827 0.2908983539983242
0.0 0.013434585907587423 0.0 0.00264195523140242 0.0005047826412888568 0.0 0.0 0.0 0.008630670147697436 0.011089143640267952 0.008851300536570164 0.006641050088781542 0.0030295827149379355 0.004903932208910676 0.01813390676651197 0.024877744764329184 0.029493755535203354 0.028510496951087854 0.028546603532163047 0.0375674176490896 0.12553614152536885 0.5331968466331841 0.11441008203770134 0.0
0.0 0.010770422233196016 0.0 0.003126879690140391 0.0005128575086627161 0.0 0.0 0.0 0.00807756621683263 0.011583403352525737 0.009257229457731986 0.007764580001203992 0.0035268180365347324 0.005389892091456472 0.019204329820250433 0.02664544467071828 0.031278274004253884 0.02948864461759114 0.0304395676750009 0.03858347361178337 0.12502700753474771 0.4753777432852726 0.16394586464653785 0.0 0.0 0.0 0.0 0.0 0.0 0.0 0.0 0.0 0.0 0.0 0.0 0.0 0.0
0.0 0.014876231081006384 0.0 0.004860803575867297 0.003955729698409538 0.0 0.0 0.0 0.008489486742917926 0.011926671764622598 0.009663758753661336 0.007924689784496406 0.0038013391254047156 0.005840212765016201 0.019254179581805204 0.025758351120968002 0.02991157529846645 0.0303004838059951 0.02693310379974692 0.03436707958679431 0.1096709493861871 0.39613967745481654 0.25632567506096376 0.0 0.0
0.0 0.013297863938397625 0.0 0.001095520144396266 0.0 0.0 0.0 0.0 0.009372072297654953 0.014635584845478005 0.011269824414568258 0.007856358212628867 0.0034182121061458685 0.005370360703077153 0.022144824431481996 0.02901056585018684 0.03298104446050672 0.03524025451094398 0.032548601152444886 0.041533904027474665 0.1108190112146025 0.6294059957420467
0.0 0.007700690365478038 0.0 0.0 0.0 0.0 0.0 0.0 0.0063956208002874295 0.011355075159494453 0.00842981524165588 0.0056504775142300736 0.002106310427363949 0.0034506527147074384 0.017632712085634834 0.025067552083009058 0.027159236045076127 0.028743655631386252 0.027817393841898103 0.037670295664429324 0.1606271569652381 0.5161630553793634 0.1140302985980203 0.0 0.0
0.0 0.013625286725389037 0.0 0.004425222305880556 0.0036989520157711935 0.0 0.0 0.0 0.008587134321146746 0.012036864472118616 0.010204485604713648 0.007780810730113772 0.004320908258129684 0.007801812036053315 0.022835069770841116 0.030353728326699893 0.03528698165533967 0.033290126386216035 0.02963084881026127 0.04285576157693705 0.16798162594013843 0.4737564138921322 0.09152796556964621 0.0 0.0 0.0 0.0 0.0 0.0
0.0 0.01234613940825738 0.0 0.0010895056012962781 0.0 0.0 0.0 0.0 0.008809335463220127 0.011369172033145043 0.00893899020043728 0.006953803648279778 0.002992306191738947 0.0061353283640723415 0.017947908716479794 0.023641279697324328 0.028923627704616317 0.02852168441671781 0.02601048821026543 0.036878089792948446 0.0921620513237362 0.46878192590154855 0.2184983618044993 0.0 0.0 0.0 0.0 0.0 0.0 0.0 0.0 0.0 0.0 0.0 0.0 0.0 0.0 0.0 0.0 0.0
0.0 0.010169275268580389 0.0 0.0009491184199379442 0.0 0.0 0.0 0.0 0.006733618396446531 0.011191684247475806 0.008558269242553646 0.005360585110923096 0.002712296099539644 0.004608180823802479 0.015513804633796988 0.024607594923343922 0.026468436533835463 0.02798973264312279 0.024771754412531304 0.03142519634634157 0.09258036136602234 0.4861596169150061 0.22020047309164045 0.0
0.0 0.014350803778272437 0.0 0.004788605580985097 0.00268810385857181 0.0 0.0 0.0 0.008857962435021237 0.01206225443161731 0.010918570155777274 0.0079330987463444 0.00410381678902247 0.007365413488693713 0.01958968985938836 0.026936584145259 0.030942358804566864 0.030219423105552937 0.026052012072873873 0.03798524658007383 0.12467471939842933 0.43366387128470385 0.19686746386766643 0.0 0.0 0.0 0.0 0.0
0.0 0.015500423215510208 0.0 0.00496572877627325 0.00476481438383087 0.0 0.0 0.0 0.010098660456924228 0.012825619817972072 0.012321707127810055 0.01051388269069085 0.005168453436381136 0.007714981013957161 0.022142383894756198 0.028279014051822433 0.03476079769070717 0.03597466444532345 0.02984666787250809 0.04817488109211343 0.1394936309311788 0.37518612621041075 0.2022675611927389
0.0 0.15000553770817676 0.0 0.09585621338413451 0.07453523319518408 0.002697417050362859 0.0 0.0 0.13811224303140018 0.18493636689474371 0.15668003686311385 0.1250178592247936 0.07215906873361866
0.0 0.01116310706360945 0.0 0.0012535666022121745 0.0 0.0 0.0 0.0 0.006970104220907563 0.011604733307527239 0.00866988926743134 0.005383759248091893 0.0021911967576832983 0.0032198612131526675 0.015576535525214331 0.022041474568291735 0.025430391219115858 0.02678004701193609 0.023066183022414293 0.02963713596123298 0.09149472303218789 0.3879055269854318 0.31787412396213127 0.009737639478897412 0.0 0.0 0.0
0.0 0.010919673361645876 0.0 0.0038748101812461477 0.003446301029843394 0.0 0.0 0.0 0.009415400982995469 0.011994104470602077 0.009896240181280753 0.008325650513687572 0.0059216210370475805 0.0069323213867435755 0.02263655291481107 0.031762184866458494 0.033646088756201134 0.032405808919959186 0.029196047694734578 0.04397586683543487 0.22063118174086974 0.4780799372642575 0.03694020637223192 0.0 0.0 0.0 0.0 0.0 0.0
0.0 0.012428304700148789 0.0 0.0019445044761692554 0.0 0.0 0.0 0.0 0.00866059955881931 0.011479892647411259 0.008201237421440247 0.00554905053768692 0.00250061053550166 0.004692535652240186 0.01635672867590314 0.023265625634862626 0.02619971146497494 0.027299756092816374 0.025846336944056445 0.031052662326637937 0.0941405287319572 0.4832240487818634 0.21715786430818224 0.0 0.0 0.0
0.0 0.01068361959158782 0.0 6.855777530447007e-05 0.0 0.0 0.0 0.0 0.00755451577215453 0.012126367225933103 0.008360700335612758 0.005420284441089006 0.0018450958601782647 0.003912036636137418 0.016048843896363112 0.023621449527492334 0.025795348338520357 0.027304223940634306 0.026761225898685757 0.03278633477634247 0.09511991974744721 0.45587690909848455 0.24671456557763427 0.0
0.0 0.009412903916356139 0.0 0.0006324721742805974 0.0 0.0 0.0 0.0 0.007958522866196612 0.011312846855463885 0.008634355911720208 0.005796633965698913 0.0021756784588832416 0.003876791324901616 0.015904981260004256 0.02224907961390727 0.026044858674492202 0.02671284536112814 0.023518909851194255 0.03268897730716769 0.0952885195450028 0.48486241971628247 0.22266906986483512 0.0002601318386967763
0.0 0.010802834056623066 0.0 0.006013943152441507 0.004666925425777132 0.0 0.0 0.0 0.008741383868353405 0.012561263964574632 0.010452392319630991 0.008776006326739179 0.004693703733434878 0.006731191147772056 0.020570240217146613 0.028174320589192933 0.032898577166764406 0.03215580494430002 0.028629035433276537 0.04163455127599503 0.10887403345600587 0.436011536329539 0.1976122549422383
0.0 0.012395136769747996 0.0 0.0 0.0 0.0 0.0 0.0 0.008841702800918103 0.014364459716349053 0.01239302180176104 0.007582951547784414 0.003210895480167239 0.004894007146737795 0.01945666957729286 0.0280397276196975 0.03377501723651138 0.03330805532505157 0.029450785342966555 0.042701966196087335 0.11227818316322437 0.6373074183446403
0.0 0.013449057527018318 0.0 0.001709425272356492 0.0 0.0 0.0 0.0 0.00797287084523007 0.01227896574257624 0.008945993493969096 0.007057535692058238 0.003928227923873562 0.005051081704243614 0.01996701267047139 0.029805129965716045 0.03464534537040173 0.033785487695338554 0.02934444824870294 0.04631260119570738 0.11477486038131149 0.4039370152094452 0.22703493940358346
0.0 0.013831562360742795 0.0 0.0024957750732488453 0.0 0.0 0.0 0.0 0.008769507140828468 0.012383943632199834 0.009474309004280337 0.00752277685302645 0.003338824618603085 0.00467667891851771 0.018384403211727435 0.02797162485917448 0.0348220028157764 0.03280218054046489 0.027355831606762002 0.03904491576055407 0.10298421976968598 0.4520606618301727 0.2020807803340915 0.0 0.0 0.0 0.0 0.0 0.0 0.0 0.0 0.0 0.0
0.0 0.012980599528910333 0.0 0.0014371679536248339 0.0 0.0 0.0 0.0 0.008621150095342544 0.011713016406214381 0.009418800765721012 0.006767662198346129 0.0032223351731026878 0.004498371671660944 0.01741597650255984 0.024834536885174185 0.029267350804667948 0.029814010281849677 0.02656839599302048 0.03601778880880229 0.09829246847366854 0.5107825505373311 0.16834781634198792 0.0 0.0 0.0 0.0 0.0
0.0 0.00956054433138099 0.0 0.00012177446766555528 0.0 0.0 0.0 0.0 0.007158449877759674 0.012025319490674305 0.008271980219251407 0.005484073649533469 0.0028639361543957797 0.003227046095312395 0.015975089332842207 0.024105271765919294 0.027930565581575223 0.028700419044104426 0.025561877378731286 0.03287579175212364 0.10217767762407144 0.542239047743888 0.15172113396725376 0.0 0.0
0.0 0.010698352318882874 0.0 0.0 0.0 0.0 0.0 0.0 0.00765508304241982 0.01184153238641437 0.00912092507464104 0.00656632449606284 0.002370758023843965 0.0036650855461792687 0.018067148160119794 0.02537425690241988 0.029086486673337537 0.031163832542322006 0.025757668472141622 0.03394049027092946 0.088293246267526 0.3845723746746846 0.3118264335752212
0.0 0.01596753916347915 0.0 0.001552871440133735 0.0 0.0 0.0 0.0 0.010641021820164303 0.01541840602340839 0.01101921094399045 0.008852231888096558 0.0031006165670714432 0.0048137933794977945 0.022591152711710315 0.02977569609664406 0.03383013117292681 0.03541210833708015 0.03184437964107438 0.0441305310981985 0.1402491968970437 0.5908011107470642
0.0 0.012694205985055823 0.0 0.0017432191305350485 0.0 0.0 0.0 0.0 0.007815464047238433 0.010939928198281991 0.008014131641915313 0.0062580236863557254 0.002858590540167291 0.004654418704343814 0.017360049379395573 0.02359272800105158 0.027001666932993912 0.029365634947929438 0.025154361112243475 0.04081467173468076 0.13955562748972042 0.4844961236966498 0.1576811532827077
0.0 0.01589643407162354 0.0 0.0041625206599740705 0.0013186551876425618 0.0 0.0 0.0 0.00901905796084856 0.011437226895523336 0.00911643713394688 0.0069390114823475605 0.0032488793948620685 0.004469024052681458 0.01756286360249876 0.024685696982702746 0.028661531998110615 0.028533252644464817 0.024777878985846286 0.03585557014218487 0.07064853705048577 0.31014801125662983 0.3537640757130625 0.03975533320281244 0.0 0.0 0.0
0.0 0.011820372955766082 0.0 0.00035433724790980106 0.0 0.0 0.0 0.0 0.0065483494064806184 0.013082526842827165 0.00923890870155896 0.005703971014336993 0.001791291431477105 0.003557734422022084 0.017753615797928907 0.027506350237029815 0.03092840609243321 0.03165806624912158 0.027949683404628733 0.03756642265579428 0.08138183559558566 0.27153292139239354 0.42162520485285776
0.0 0.009560984276903281 0.0 0.002200185636682739 0.0 0.0 0.0 0.0 0.008212216780753899 0.011512659602214403 0.010460784852035892 0.007202490281051323 0.0032858024681614822 0.005317993866387357 0.01902182243220218 0.026768471281863274 0.03170005139674244 0.031013222761340588 0.027628013820538512 0.04127978518785465 0.11201471672460943 0.46467283844203006 0.1881479586128507 0.0 0.0 0.0 0.0 0.0 0.0 0.0
0.0 0.013484521188458934 0.0 0.0 0.0 0.0 0.0 0.0 0.004984591436193097 0.011619322908477432 0.00807578583814433 0.004486930155467169 0.0019936086136505588 0.004164354187673103 0.015602892762551663 0.02435135680610578 0.02915233719444917 0.028786061136180475 0.02484482360762079 0.032639590736674884 0.11993928655353026 0.5449913738124494 0.13088316153255375 0.0 0.0 0.0 0.0
0.0 0.012002041635538648 0.0 0.0020763706161388068 0.0 0.0 0.0 0.0 0.008079002154040575 0.010986330226614499 0.00886070204750648 0.00708764744549758 0.003384188297730581 0.00516495911983342 0.01864877621126784 0.025224530268728094 0.027959021541144248 0.02911529004811245 0.029416984458865775 0.03980176513223297 0.1417160547123233 0.5410088957503186 0.08946743887338185 0.0 0.0
0.0 0.009968272674823897 0.0 0.0023218385471013656 0.0 0.0 0.0 0.0 0.007860108789533325 0.011542547270681294 0.009316864700315538 0.006408764923458524 0.0034206977255731227 0.004908094135621901 0.019956337970292035 0.0274433606185229 0.029808221947397236 0.03273022651604098 0.029279197550898858 0.039939962161592416 0.13840808334224355 0.49599165452510074 0.13069576500433566 0.0 0.0
0.0 0.010573982784042065 0.0 0.0015151246455312678 0.0 0.0 0.0 0.0 0.008283135888623805 0.011963508195231702 0.008503299766353433 0.006157984966567257 0.003183985129295923 0.005435495413448037 0.01762811086451426 0.024302198822011182 0.028902717651753753 0.029336845615219972 0.02472651638665318 0.03423854131346704 0.10829053153471933 0.4410117754218273 0.2359462440066371 0.0
0.0 0.0 0.0 0.0
0.0 0.015421371925489546 0.0 0.004940452051481915 0.00368018685026668 0.0 0.0 0.0 0.009316011673171018 0.01202007828182515 0.010310016586163071 0.008710899668008374 0.004218820515057476 0.007411599227521349 0.0207086430458432 0.02792000573185942 0.030388975643557 0.02998370540120014 0.027602316545803134 0.038260527944790214 0.11912952091009633 0.43372967131091256 0.196247195081308 0.0
0.0 0.012500067252229902 0.0 0.0017922655966324192 0.0 0.0 0.0 0.0 0.007878008797250627 0.011650384409353998 0.008771039448277123 0.00733159610361804 0.0030323489756956985 0.004861769836457195 0.018579488652689526 0.025929345123308384 0.03003777494123955 0.030364029181765752 0.0263672766662643 0.036584269268285736 0.10278605477396015 0.4795422426287273 0.19199203676711113 0.0 0.0 0.0 0.0 0.0
0.0 0.008940372025601398 0.0 0.0 0.0 0.0 0.0 0.0 0.0070866535928300325 0.012008351530839213 0.0088337899867976 0.005710258560582213 0.0028170252424245066 0.003900281889400845 0.01814668187253046 0.025822808883375483 0.029548739807565488 0.03014733820109155 0.02536085263906293 0.037936742774172694 0.10864128423276316 0.48424829213012005 0.19085052507067238 0.0 0.0
0.0 0.013442485683480996 0.0 0.0022250443867441634 0.0 0.0 0.0 0.0 0.007956372203499013 0.011938019464547464 0.008805670299000319 0.00753195194424439 0.004043572680641141 0.0051396221022989115 0.018547848175092023 0.02631011387200873 0.02934160837540757 0.031628566449001035 0.026869050034186836 0.04311441771618537 0.0952248225618396 0.4658672546789812 0.20201357779809911 0.0 0.0
0.0 0.00856511450192032 0.0 0.0031146083017834373 0.002058564241436497 0.0 0.0 0.0 0.008201890237096585 0.011006649682081334 0.01054752360625611 0.00906847439989386 0.005629021646845728 0.006942493613888473 0.02275303606910427 0.03239814092012984 0.037710812791218136 0.03477254589309861 0.0322784943170425 0.052704137768388615 0.3559169349716431 0.36136226588882425 0.00496928972595756 0.0
0.0 0.013474405954180068 0.0 0.0023278905881356144 0.0 0.0 0.0 0.0 0.008503740081504976 0.011602974432072559 0.009302549202577764 0.00706400736287888 0.00431792042963808 0.006384026782145229 0.0175728682687774 0.024521707604329625 0.028819264991454877 0.02858407127487934 0.025962844670715225 0.03447908574948924 0.10517153464307927 0.4507298796995886 0.22118122671956666 0.0 0.0 0.0
0.0 0.06152761387230759 0.0 0.017204124990506886 0.001498746387848243 0.0 0.0 0.0 0.04071088600702935 0.06252582388002127 0.051668357688160006 0.0424594552678807 0.018492872574234112 0.03528119866024691 0.0961012037175778 0.1261293786720735 0.15094537185727533 0.15682966430985867 0.13862529357648756
0.0 0.0090720665219466 0.0 0.0032782411407278503 0.0008981805116576576 0.0 0.0 0.0 0.00887591359688689 0.012522589595832502 0.011347087272171449 0.00968038856740697 0.005610897937506445 0.007153532609858621 0.022850726170140778 0.03012704535114519 0.03715398405431861 0.03809012520419974 0.02982334772122737 0.04981670614143532 0.14265627882988052 0.4375660022127744 0.14347688487992283 0.0
0.0 0.05014328253991175 0.0 0.0 0.0 0.0 0.0 0.0 0.0395885647040092 0.053354695778044636 0.038518211849010026 0.028233298933953415 0.013774845899647743 0.021758842182693836 0.0784574469487328 0.11327008454683801 0.12450384943422928 0.1314377598985839 0.11244688819961096 0.19451222228424556
0.0 0.01371682356544192 0.0 0.0017612270815336969 0.0 0.0 0.0 0.0 0.007860094843821388 0.012527400692080535 0.009314321548933122 0.006283443455332701 0.0028998872878667394 0.004091510747087546 0.01866753254740449 0.028349525992499548 0.03528461638136729 0.032834245377869095 0.03157899141905214 0.04225655725886398 0.09437691116633892 0.32348624566179873 0.32167219208695047 0.013038471217070515 0.0 0.0 0.0 0.0 0.0 0.0 0.0 0.0 0.0
0.0 0.011282833955649106 0.0 0.002482659044258113 0.000658213272358419 0.0 0.0 0.0 0.009217253957501734 0.01173890026142037 0.00949300841895592 0.00731759832000511 0.004226963711061125 0.006459438519737916 0.020621236167771787 0.0271718292702992 0.03177272086077299 0.030898119834072982 0.026450096668091554 0.03929369613616497 0.1288725617145247 0.5573760371887932 0.0746668311840075 0.0
0.0 0.07108675154664876 0.0 0.020548996309734606 0.004361969159421372 0.0 0.0 0.0 0.05466477434874411 0.07075251853223814 0.059517929046531366 0.04407824927330594 0.020485729196605757 0.029791224122276666 0.10836765289136159 0.1527358702955037 0.1808066561225804 0.18280166926963642
0.0 0.010383455042931328 0.0 0.0032403506173443956 0.0 0.0 0.0 0.0 0.010151203759823204 0.012972619010904515 0.010501253326642916 0.008342474944408224 0.00385187350967135 0.005419311395023931 0.021789743064028685 0.02893582380874886 0.03231722981509808 0.032803366039807616 0.028500444894216576 0.03884615479904905 0.10986545850970053 0.4754977778294574 0.1665814579824211 0.0 0.0 0.0 0.0 0.0
0.0 0.01663220250499552 0.0 0.003981097703731958 0.001255161946061693 0.0 0.0 0.0 0.009158788867715461 0.012134891273828049 0.009782084798174256 0.007057683422560359 0.0031754722762335212 0.004799122934189987 0.020266330269574452 0.027253856255671283 0.029776617374706854 0.03250652007135212 0.02687571216400717 0.03628967001516173 0.08907497005765136 0.3542155407162126 0.31202829238496255 0.0037359832888898717 0.0 0.0 0.0
0.0 0.016926394719888504 0.0 0.002814027570331766 0.0 0.0 0.0 0.0 0.012963189763815315 0.01639727496650463 0.013091603295742334 0.009940034375134854 0.005258996473221146 0.006171175355185495 0.025241561622706438 0.034974551969057334 0.03819892328758287 0.03938974390540712 0.035160513908104284 0.05293725756646591 0.129166203229646 0.5613685458061942
0.0 0.013378688749758932 0.0 0.0028423290632699893 4.948818654998507e-05 0.0 0.0 0.0 0.010477188766195827 0.012501507926682776 0.010274153188442449 0.00769122963290922 0.004435742425719484 0.006180409264894575 0.02154782528103229 0.029120157704586973 0.03301300301281605 0.03291965276680373 0.027950599371464224 0.044959154244423746 0.16277421548067764 0.4398485874094486 0.14003606590388148 0.0 0.0 0.0 0.0 0.0
0.0 0.00833694060167179 0.0 0.0024787804379128456 0.0006511281061084577 0.0 0.0 0.0 0.008372657551948848 0.011757063053447052 0.010500126417317427 0.008087370875226365 0.005198743360115314 0.006152655287809141 0.021013370218580872 0.028203886501457907 0.03377962873189492 0.03204484923033271 0.03197441172538719 0.043960875706257486 0.180866847709827 0.5309583721542857 0.03566229086081517
0.0 0.012402048115777106 0.0 0.0014837645329267824 0.0 0.0 0.0 0.0 0.007367465763181453 0.011664901217785188 0.008530134525265786 0.006258976229394173 0.0035092150687337097 0.0042494322804477805 0.017689305478806944 0.02536175967468848 0.029600351385917278 0.030011348304324125 0.025659438398950053 0.037144124010143845 0.10556373895521327 0.44776897943836247 0.225735015035118 0.0
0.0 0.012073755707808312 0.0 0.0026991324164212455 0.0 0.0 0.0 0.0 0.009194303674033207 0.013050398502164318 0.009483259920961903 0.007754021583192504 0.003767919192423382 0.005769583215059601 0.018978172118851215 0.027351710638032375 0.029477151667422426 0.03125478107716042 0.025979749815163003 0.03567031157825102 0.08695432037398589 0.25288496811608885 0.42765645870673075
0.0 0.048951585027119965 0.0 0.0020693696812853647 0.0 0.0 0.0 0.0 0.027974763443352528 0.05612143782632307 0.037124618649212425 0.02946104467515246 0.008468980027916968 0.015769471934243367 0.08640021507597095 0.11169682179418597 0.14489929565775997 0.13799996596328226 0.13486792913892282 0.15819449371938976
0.0 0.013561504999771755 0.0 0.0031965378884490302 0.001095743186194573 0.0 0.0 0.0 0.008476499159382284 0.012209696135010882 0.010115269323703834 0.007905957635566967 0.00485595292248376 0.006036736723619541 0.020628239123687938 0.02801979542223486 0.03652314008060181 0.033220904760235835 0.02916908623924799 0.042393128860594716 0.10789331488196671 0.4806509415301701 0.15404754952354302 0.0 0.0 0.0 0.0
0.0 0.012791750761424118 0.0 0.0023809862515421147 0.0 0.0 0.0 0.0 0.008660431439375869 0.012404777691396201 0.009752614302948357 0.007092441830521274 0.0028754725684652393 0.004702588378859287 0.01933626678145272 0.025021895599968667 0.02920868155951288 0.030433300347456345 0.026668508545650504 0.03610583356747829 0.09601754998131971 0.28475116623930014 0.37987055466009095 0.011925177824043183 0.0 0.0 0.0 0.0 0.0 0.0 0.0 0.0 0.0
0.0 0.013160722354553624 0.0 0.00341938893907119 0.0010179755521015654 0.0 0.0 0.0 0.009646545218688135 0.011687678032688747 0.009590760347267512 0.007519369045685937 0.0036737086047498113 0.005259851330046946 0.019351561704982572 0.02775496865863384 0.031589107944380336 0.030675508438221123 0.027506965958044558 0.03845698657450901 0.11069074052110826 0.5424778071605437 0.10652035210609562
0.0 0.22633120467479478 0.0 0.05713331551486551 0.0056695024799458225 0.0 0.0 0.0 0.19918165064484514 0.2714139725484902 0.24027031764426451
0.0 0.010157653513436272 0.0 0.0016077733941078417 0.0 0.0 0.0 0.0 0.009008683020914357 0.012469539441443243 0.008915042490948558 0.007706698905093816 0.004036061520927445 0.0046444513021487 0.019062118313007498 0.024683036879794482 0.02973103484195844 0.02989003336825234 0.024701562712724185 0.041290202716852346 0.11420232456811992 0.4780599635384465 0.17983381787484584 0.0 0.0 0.0 0.0
0.0 0.010994113037393106 0.0 0.0021822972017930646 0.0 0.0 0.0 0.0 0.00765191878514535 0.01157096017206874 0.008795359477570552 0.006733377816475604 0.002337700459716293 0.0042159808318428995 0.016647481941484445 0.023752059956980463 0.02924666528388661 0.028722754685529612 0.027407650012177216 0.031991355644351786 0.08143197461244714 0.4531808493238606 0.2531374992127067 0.0 0.0 0.0 0.0 0.0 0.0 0.0 0.0 0.0 0.0 0.0 0.0 0.0 0.0 0.0 0.0 0.0 0.0
0.0 0.011253456722664633 0.0 0.0 0.0 0.0 0.0 0.0 0.008014697173259804 0.012636580396000279 0.00905045115590372 0.00630130980094268 0.0023661027828764235 0.004490033956239581 0.018178431890975857 0.024227271320876338 0.027539214874462984 0.029429464636841606 0.026051508533747558 0.03894028299255389 0.09530411121547816 0.41814928572156784 0.2680677951399058
0.0 0.014163038135256838 0.0 0.0032476123922919637 0.0 0.0 0.0 0.0 0.009137815987875823 0.012790620772618822 0.011224623176502205 0.00709234448400996 0.004158537683992641 0.005477109713558791 0.01935320231222451 0.02747922692516852 0.03395927483912847 0.031136101415318113 0.028160282733334256 0.03577185901637327 0.0925820413488813 0.2784677516871708 0.3658749309514132 0.019923624744183282 0.0 0.0 0.0
0.0 0.010175034577233535 0.0 0.002148731599536363 0.0 0.0 0.0 0.0 0.007971551769753546 0.012374714720804529 0.009319578244627723 0.0069914896508131525 0.0027063046455531713 0.004692880642725686 0.01785587924746145 0.025302842206421355 0.02755949078516818 0.029258172938873128 0.024503817883048097 0.03871960604405586 0.10918900008946275 0.4464259720286261 0.22480493132588275 0.0 0.0 0.0 0.0 0.0
0.0 0.014931710205508606 0.0 0.0023369341509045416 0.0 0.0 0.0 0.0 0.007799199781576821 0.012359603528096893 0.010898674660930165 0.00761588898591518 0.0031428456442418244 0.00527489501455304 0.020314982622277267 0.026723322572085102 0.03377208682157754 0.03223168201795278 0.027501892164840575 0.035239489121973916 0.10380597011535707 0.42376821820449234 0.23228260272643628 0.0 0.0 0.0 0.0 0.0
0.0 0.012013036746624248 0.0 0.0005801175688556794 0.0 0.0 0.0 0.0 0.006151349558301377 0.011658490658688476 0.008188908168632788 0.0053438183472612364 0.001921444154421898 0.003056203834139253 0.01753924071832494 0.02378519341903517 0.0264595452052286 0.027062853019370354 0.02406772032892565 0.03156457048375977 0.08203834338575088 0.3965266579422736 0.3122381495496144 0.009804355345913892
0.0 0.8450409279359867 0.0 0.1549589764319989 0.0
0.0 0.012582049076304919 0.0 0.0023543221238543255 0.0 0.0 0.0 0.0 0.007423649509110439 0.011689130052024252 0.00988821895017989 0.00609956602335843 0.002295976657029922 0.005260950975029451 0.0173177314671761 0.022675484686968065 0.027299029936723077 0.027718365922090895 0.022704230502330332 0.03189711948622065 0.10590946552438735 0.5002134810299304 0.18667122654928234 0.0
0.0 0.012790176792878293 0.0 0.002992236946574426 0.0013278010089433035 0.0 0.0 0.0 0.008660602572664019 0.012060597937256891 0.009856245782219377 0.008617738073380852 0.004598146356338147 0.008189441383631113 0.020371364894427847 0.028764215277907575 0.03442887728122595 0.03234615256239929 0.029820142511197054 0.05442762753860234 0.14626261133326873 0.5281162662754476 0.056369753913355566
0.0 0.009342529159451959 0.0 0.002642337008324342 0.0 0.0 0.0 0.0 0.007975458159715695 0.011862129544446258 0.009081939475076491 0.0070497452158634795 0.0031651468094945016 0.006110534620769256 0.019017503489183775 0.02704388937010853 0.0349544796114308 0.03173261704563899 0.026763117261572232 0.03669092507574235 0.09395660293616141 0.4361236224778038 0.2340631079200873 0.0024243132560364832 0.0 0.0
0.0 0.010111054684550055 0.0 0.00228009343786837 0.0 0.0 0.0 0.0 0.008251493141891338 0.011994435276319812 0.008641515109370317 0.0058180600868563805 0.0024646611450503822 0.004193588968112182 0.01695408795358006 0.02372585558521955 0.027864756495347646 0.02734174284210347 0.023567800035716405 0.030993454427625244 0.09650195583177133 0.38439717683232266 0.30938526982212905 0.005512996717663907
0.0 0.011070525700933939 0.0 0.004201399955958142 0.0030843582876078903 0.0 0.0 0.0 0.008178634277756395 0.011174355583883114 0.008971806896062964 0.006902723627388841 0.0045131123402438605 0.005440336523586427 0.019234166366824915 0.027694971276012573 0.03209801714103798 0.03003671788978265 0.02721026379376129 0.03936643718917872 0.08807662601035937 0.3967312982006274 0.26719298617988696 0.008821261185683228 0.0 0.0
0.0 0.011730783161501139 0.0 0.002578203594975444 0.0008844623470863152 0.0 0.0 0.0 0.00838797071393606 0.012015505763804737 0.010185807687895971 0.007925639170580628 0.005623449937462893 0.006479852398668005 0.022234971492154268 0.027676688745073758 0.038577343911582844 0.03443551584659761 0.02770138513067692 0.052649871990978425 0.2104764898270338 0.5204360567339592
0.0 0.012964861829821898 0.0 0.0019752892667397677 0.0 0.0 0.0 0.0 0.008195749631547664 0.011390158099052791 0.008842943423483827 0.006354137470417007 0.0039503842187471406 0.005109540179151201 0.01678319204248934 0.024753902353367302 0.026981903644725438 0.028573535617769628 0.02415629310902689 0.034400988721170256 0.09417239472048237 0.5166811360349349 0.17471358810292664 0.0 0.0 0.0 0.0 0.0 0.0 0.0 0.0
0.0 0.013660668713121209 0.0 0.002838431131027222 0.0008369589736775796 0.0 0.0 0.0 0.009128651804940466 0.01131933144594383 0.008974862358734867 0.006326583951589081 0.0027234306994673757 0.004110713089095285 0.017558076386974278 0.024345197321317232 0.028128561192274647 0.02836832194545641 0.02406704614876646 0.03290416536829392 0.07007722920836944 0.4082109436498437 0.30092155409896815 0.005499270983608787
0.0 0.08815904952347119 0.0 0.0031447457089518 0.0 0.0 0.0 0.0 0.05510273581918069 0.09688764439760586 0.06998627618038972 0.04895946899611663 0.018473040481395548 0.032574399907568496 0.13560338077055076 0.20807846711762856 0.2430307781427296
0.0 0.0956916474060661 0.0 0.0 0.0 0.0 0.0 0.0 0.071466410493283 0.13627239179815412 0.09409546121017251 0.07101789317310499 0.02888205016469053 0.036276621621561686 0.19571631142893478 0.27058119491473687
0.0 0.016044211743791302 0.0 0.0034479015294694407 0.0006292198483056832 0.0 0.0 0.0 0.007812228782966536 0.011558963232204988 0.008942878321620891 0.006889935873635144 0.003422429359126386 0.00471428339155294 0.018351828194514072 0.02466128240345405 0.02897409290794272 0.02947368612159063 0.025293376218544696 0.03283675196762351 0.0816639927729543 0.31886091455852017 0.3707835010674674 0.005638520104145528 0.0 0.0 0.0
0.0 0.009656579817847257 0.0 0.0 0.0 0.0 0.0 0.0 0.00744828430571389 0.01369055034596738 0.009650934462307472 0.005995037927453989 0.0018379409588019087 0.004354684412544565 0.02161140997369176 0.030328937779779994 0.03557123416394612 0.03638099242461999 0.030303815260845038 0.047403185121107125 0.1388317372296916 0.6069346739721131
0.0 0.012909353684577024 0.0 0.002193975853427098 0.0 0.0 0.0 0.0 0.009049423138396668 0.012049016071150824 0.009013377260369474 0.006697222232603649 0.003064018126322157 0.004292895811543823 0.017555409045339292 0.025134842885727524 0.02902118574687258 0.028970565105540504 0.026756777053539613 0.033238020253006616 0.09045164463655388 0.41374487327626147 0.2758573982283682 0.0 0.0
0.0 0.010206435575813345 0.0 0.0005425885317862764 0.0 0.0 0.0 0.0 0.007380741194028737 0.011780298184578734 0.009756201813083915 0.006199036740416466 0.003488788662337783 0.0038875297808399 0.017432892119331012 0.024810631754941553 0.028744697060802956 0.029066523244838795 0.028288926332355115 0.036329896682992385 0.1435881650453278 0.5161905986269243 0.12230604712360725 0.0 0.0 0.0
0.0 0.013288406601928466 0.0 0.002454557571294946 0.0 0.0 0.0 0.0 0.00902073487751988 0.014638458427784856 0.012578894961369979 0.008834269111934535 0.004644690014199269 0.005155445999119537 0.021994224152165797 0.028912795546786323 0.03496073928438412 0.035990691299200725 0.032593025333764 0.04747504569104249 0.11894564269033077 0.6085123764497995
0.0 0.013911249199443988 0.0 0.002683753821381924 0.00023776659463051788 0.0 0.0 0.0 0.008787603818408271 0.012024758825477187 0.009174168730302948 0.006484698738607696 0.00260796119799504 0.005312006238061827 0.017828142243544048 0.024814073219273734 0.02856354888513054 0.02928071479251202 0.02531549520478787 0.032092359030198775 0.06885967964966055 0.3139292273820821 0.384249435983896 0.013843354852880083 0.0 0.0 0.0 0.0 0.0 0.0
0.0 0.01051931547508215 0.0 0.0 0.0 0.0 0.0 0.0 0.007820756157200893 0.014328477059486231 0.009465390989347051 0.005808147745214938 0.0022261868786128576 0.00378828181251836 0.019740297934624833 0.02612256740748369 0.032056972973315175 0.031106295359594294 0.027623175013146414 0.04140752521729076 0.13569389352620187 0.6322927145181664
0.0 0.07989346987568235 0.0 0.015617631866832467 0.0 0.0 0.0 0.0 0.0596454412463929 0.08883186461013705 0.0669040147211807 0.05181831018734307 0.02817444694835299 0.03874963554206261 0.1432563558326146 0.19765201606785074 0.22945680133975843
0.0 0.012207014060409138 0.0 0.0024516479841756593 0.0 0.0 0.0 0.0 0.009220548753522207 0.011674637749004754 0.009250666351965631 0.006680387576740309 0.003868248212605582 0.006068236185668829 0.01809423805496342 0.025438899099956076 0.029222218986802245 0.029689147893601695 0.02529937230873345 0.03434856678544227 0.11717726905117623 0.4148064522641798 0.2445024470983137
0.0 0.011719007752380073 0.0 0.002166147354285519 0.0 0.0 0.0 0.0 0.007734157820740757 0.011380201626704394 0.008501432165784346 0.006605048349115273 0.003116976383022769 0.00458045051438252 0.018515694253202375 0.02375562473423044 0.029033984999316566 0.028851940414042983 0.02522507263728139 0.037184929983999325 0.11190344502839873 0.5563847480428353 0.11334113644996859 0.0 0.0
0.0 0.013874935297359352 0.0 0.0031501537727815004 0.000482572783559344 0.0 0.0 0.0 0.01058673487106203 0.013573214127750107 0.01109473868261697 0.00778045111305069 0.004294681255637952 0.006516983053438783 0.021514938374993707 0.028892403487144128 0.03171781956652677 0.03177200156580118 0.02915963923798535 0.043293057708439255 0.13871219060451018 0.6035834827360967
0.0 0.016799101592300813 0.0 0.0049763069576418675 0.0027404095376078355 0.0 0.0 0.0 0.010413144662611899 0.01264270525184021 0.010778735881472587 0.008508406256030842 0.004477843062738077 0.006539082367950694 0.01971389318477417 0.027442229294530995 0.03099804465276712 0.03171592601988639 0.02684990501462367 0.035850626557449784 0.09468690851147604 0.24635708416758773 0.3921463796796759 0.016363265662845235 0.0
0.0 0.011852529096730981 0.0 0.002569241491236007 0.0 0.0 0.0 0.0 0.008192002017361382 0.012237570297248703 0.00897784028244533 0.007783466659152425 0.0030342489382392005 0.004762809190048124 0.019019666849436515 0.02617236366618622 0.03334722807600269 0.030916216945942605 0.0269492650748527 0.03527829889061526 0.10586220761196531 0.4382102364892874 0.2248348068614203 0.0 0.0 0.0
0.0 0.009076215957248052 0.0 0.00015393330840775287 0.0 0.0 0.0 0.0 0.007182335800943182 0.012877931242620657 0.008273496173489107 0.006298508253176746 0.0026874478983060523 0.003912838216632481 0.018188460200093463 0.026777197569500404 0.028918371945036693 0.03029035881102292 0.02578300345756151 0.03593622311670264 0.08352291975432723 0.4086555566823473 0.28337345875823683 0.008091741162382482 0.0 0.0 0.0 0.0 0.0 0.0 0.0 0.0
0.0 0.009097953136693891 0.0 0.0 0.0 0.0 0.0 0.0 0.007693471240155978 0.011900617267640167 0.008392544628479869 0.006128507519237084 0.0017639290347817166 0.0038483253096772848 0.016305534864381018 0.021889612108433164 0.026725057834125376 0.02692912906551159 0.022909578229997857 0.033848640127000625 0.10841233935565049 0.5417711795265744 0.15238357916530615 0.0 0.0 0.0 0.0
0.0 0.012428315635925107 0.0 0.001995856176430012 0.0 0.0 0.0 0.0 0.007581232920204628 0.012091252964060656 0.00903140916985537 0.0064759828575227385 0.0023256676068852096 0.0036571948187087556 0.017460953297376347 0.025126583944579374 0.027326123170263276 0.028989850880489772 0.02758500689501342 0.033716447737297595 0.08822597428002088 0.3778986621397067 0.3180834838943272
0.0 0.013188364268092612 0.0 0.002429411387790704 0.0 0.0 0.0 0.0 0.007695468106883893 0.011677716115219146 0.009288494298916669 0.006598074102496453 0.003685870495482046 0.0044034859833398604 0.01940560161490381 0.02553761543504834 0.029754992425551553 0.0302422880402931 0.025897075759789886 0.038616369643043456 0.09579016221775395 0.43046276330635524 0.24532624522087873 0.0 0.0
0.0 0.012155146967495775 0.0 0.0013257713967027593 0.0 0.0 0.0 0.0 0.00919455539049667 0.011275379703892105 0.00864824023154506 0.0058774235368261075 0.0028428801177064586 0.005265463331821304 0.01692102227331806 0.024461817089237625 0.02841391863580184 0.028026545420547524 0.025935896831424263 0.03959623749444148 0.11022349525009255 0.5220788730616882 0.14775733175827577 0.0
0.0 0.0125904384342949 0.0 0.0023193349588579385 0.0 0.0 0.0 0.0 0.008063688247067456 0.012067227124629123 0.009391993391870255 0.006773561160728875 0.002716921593971202 0.006274142493501867 0.017999521993327116 0.025944652923756636 0.032788565334807465 0.03251132673201995 0.027408825636846247 0.037959770221870345 0.11021943400475022 0.47944497669270103 0.17552561745269418
0.0 0.016091496367001596 0.0 0.005123663038557444 0.0035164901679589303 0.0 0.0 0.0 0.009672050859860946 0.011813289987121962 0.010186138787716407 0.008370229247947667 0.004269299813844393 0.006458524382293966 0.020749021807593707 0.026970626851843777 0.029605156314523165 0.0304674429889154 0.027111072045566384 0.03544253842004661 0.09801700499692742 0.4716134624384492 0.18452248991297818 0.0
0.0 0.011580915769499862 0.0 0.0028855949684166754 0.0 0.0 0.0 0.0 0.008958143685101099 0.012935975392867375 0.009365564085656888 0.007900236321018888 0.004158256277172359 0.005376818866329886 0.02020647084095201 0.02616289093879754 0.030507249936975595 0.03142931143102209 0.026874483148437236 0.042498229833578774 0.0864785353743577 0.2658440513674118 0.3905181581308903 0.016319111883558484 0.0 0.0 0.0 0.0
0.0 0.06442408224040973 0.0 0.01178398143128165 0.0 0.0 0.0 0.0 0.05102691754705892 0.07211064588980119 0.05541115951041432 0.04098207659154126 0.018111039364886304 0.03499170384168751 0.12055854364536726 0.1628250170878661 0.18821590383597472 0.17955891954803857
0.0 0.009054617742096052 0.0 0.0 0.0 0.0 0.0 0.0 0.005163952396753437 0.011872191974839786 0.008130027665434131 0.004378213640825147 0.0007107752048167073 0.002227147138597129 0.0161112928494455 0.023271452833630656 0.027186135512010132 0.028023604822470558 0.0241550791562213 0.03259253106130437 0.11429058513841153 0.4400746914213494 0.25275769984676605
0.0 0.009314597467361305 0.0 0.0016604489633733862 0.0 0.0 0.0 0.0 0.007103330787845485 0.011449594611187993 0.008322612379867124 0.005872651150162884 0.003328023137200158 0.004556308612527843 0.016896394155877226 0.025965366603075357 0.028736420516072843 0.028976077313332137 0.025010084368141703 0.03465694345801177 0.11374834886974351 0.5480420915558505 0.1263607045128615 0.0 0.0 0.0 0.0
0.0 0.010737441396230691 0.0 0.0015318291810004255 0.0 0.0 0.0 0.0 0.0075446010457830386 0.01174422183501351 0.00879961833940621 0.006621494641916595 0.0029818256220032475 0.005603608164794596 0.017064398773735518 0.024184791108517022 0.02692780777181465 0.028616100405849512 0.028009696728011957 0.04112859671883824 0.15352024799066782 0.48229788309897154 0.14268583561330356
0.0 0.013911769948538783 0.0 0.001950611620050221 0.0 0.0 0.0 0.0 0.007589256862148732 0.011635083747670407 0.008554597437869198 0.006183675415230419 0.002490947474742886 0.003875852953349399 0.018133488170121406 0.025323797855531634 0.028307310961842285 0.02867357263599887 0.02810560669858193 0.033537329179502515 0.0884824977068788 0.3564043043401458 0.3160004103694809 0.020839885058889677
0.0 0.015539223280240448 0.0 0.005111451974656401 0.004679556100888496 0.0 0.0 0.0 0.009069247583467362 0.012258263962695913 0.010600209455803542 0.00798174968698362 0.005083296104962621 0.006470433124326898 0.01985660509661558 0.027226569505511566 0.03461282074283666 0.033832930838723525 0.029169481002756056 0.042966868308353515 0.09446495309635515 0.4064467714359657 0.23462956708320204 0.0 0.0 0.0 0.0 0.0 0.0
0.0 0.010086420662183876 0.0 0.0025834597034745444 0.0 0.0 0.0 0.0 0.009495513712134236 0.012074775760318882 0.009802731058130334 0.00785042709341051 0.003425228737893459 0.006881765954468486 0.019831323800616068 0.02830873216895709 0.03170782412501787 0.031111861435447793 0.027044240693672783 0.03835969308010088 0.144783995622465 0.47370284840389004 0.14294915643146527 0.0 0.0
0.0 0.012003026989898146 0.0 0.0017587514098357689 0.0 0.0 0.0 0.0 0.00804366598888216 0.011812857693456942 0.008519995457737897 0.006788234627339968 0.002835026739600444 0.004374263235830342 0.015757776771942244 0.023543485319618876 0.026427171294604476 0.026501782122195047 0.024046874633727944 0.035328798307114016 0.10970063574562423 0.4004503380062415 0.27107957288777496 0.011027741219125012 0.0
0.0 0.010393359288919522 0.0 0.0018876138321124352 0.0 0.0 0.0 0.0 0.009409253651467619 0.011500850062682864 0.008516561172038495 0.006998469192319622 0.0032423839864331853 0.005053495866249825 0.018239255608533476 0.025541390713537428 0.028532637412620413 0.02909993072731548 0.025145236859412973 0.03785869151407571 0.10315275707973778 0.5272364761358372 0.14819163537823235 0.0 0.0 0.0 0.0 0.0 0.0 0.0
0.0 0.01247515604610567 0.0 0.0037012818558442807 0.0006408184123822924 0.0 0.0 0.0 0.009745003723503407 0.012280887061641188 0.010870160381354407 0.0074340344495476066 0.0032557256109083357 0.004865280344528155 0.018234911343372025 0.026133240887850732 0.02828989585175701 0.029060175067522197 0.024875260963750534 0.03421999997950297 0.08207099364086018 0.36657026909371276 0.3252769036797989
0.0 0.010269458997534108 0.0 0.0025426318074752655 0.0 0.0 0.0 0.0 0.008412326814942982 0.012486074134011498 0.009212306861349745 0.0073387000802832 0.003824078988012563 0.004173773384848469 0.019697583098911845 0.027119149207000967 0.03322029428516678 0.033086825987007164 0.026524151646442378 0.0416360242470941 0.11017285515774525 0.43268000377120003 0.21760375991697137 0.0 0.0 0.0
0.0 0.015837152561505963 0.0 0.003475555750327685 0.00022673331819631276 0.0 0.0 0.0 0.01001626073704932 0.01331069558731848 0.010507314531970834 0.007436876517932987 0.0035868963602786767 0.0049875804414605636 0.020611932061697792 0.028314642015134707 0.03262077266649347 0.03172766652132945 0.02737980452000442 0.0359884478778163 0.11284201761834714 0.2945797312367151 0.34076483716265815 0.005785080747972348 0.0 0.0 0.0 0.0
0.0 0.012714745049315258 0.0 0.001270054413779872 0.0 0.0 0.0 0.0 0.008091785008737775 0.011837856367604817 0.008953393040204798 0.006343899263152682 0.002629586306404441 0.0047095738645378535 0.016943342256191336 0.02613452427840983 0.02964678525774591 0.030204106485172213 0.025915149536205596 0.03619896846857132 0.11764302687723459 0.4400979372428512 0.22066526470866232
0.0 0.009894628910144287 0.0 0.0 0.0 0.0 0.0 0.0 0.006685351211953087 0.011957308733457945 0.008602687310329087 0.005508124851813902 0.001576718082388484 0.004745385901430775 0.016250417148748596 0.021674832792961826 0.026432205805727665 0.02700663148443858 0.02362539301094367 0.03066928391419723 0.08537732740699101 0.41053751499109903 0.30254598292363977 0.006910203936188975 0.0 0.0 0.0
0.0 0.010113154516311831 0.0 0.0026731919328671565 0.0 0.0 0.0 0.0 0.007138423752114478 0.010810581839253491 0.008484560883838348 0.007131034519241739 0.002939729723161732 0.0049021691204029555 0.018403460181345966 0.02517764282197413 0.029094025675483384 0.029310906926563577 0.025494474347056078 0.03747578567354608 0.14168519785272846 0.5410952569975803 0.09807040173612781 0.0 0.0 0.0 0.0
0.0 0.011260368219506343 0.0 0.0017996080394522085 0.0 0.0 0.0 0.0 0.007695769507494363 0.01192937800664109 0.008458730616215633 0.005420440819371515 0.0024936526537165217 0.004067652582958262 0.015951970258094486 0.024701500900176723 0.027323569016029135 0.028616009646555675 0.024779717054993957 0.03248182777576313 0.07710172783743106 0.35041792076104394 0.3436115830285139 0.021888571694065804 0.0
0.0 0.010849113123845563 0.0 0.0017298002332445963 0.0 0.0 0.0 0.0 0.009719427565728814 0.012167481077050853 0.008934392040021768 0.0068977470765970205 0.0032803515978515278 0.00471460360051501 0.020072930501808632 0.026400192482583264 0.029066107057601022 0.0319702686063052 0.025818375288948814 0.03722931127678137 0.1005854326262067 0.43693379563414425 0.23363066861812856 0.0
0.0 0.014253549476625549 0.0 0.005139935128400437 0.0036170941216590235 0.0 0.0 0.0 0.008154204561758267 0.012443785817030546 0.01148590894500822 0.009047601699209526 0.004208409785638665 0.005824004282261175 0.021137393773444917 0.028452327676828655 0.03336994154682312 0.03451153699842236 0.028706280503137418 0.03783709755790658 0.12051113966282877 0.43579015488262496 0.18550963194750064 0.0
0.0 0.013117806152406293 0.0 0.002166395012933232 0.0 0.0 0.0 0.0 0.008053272211267315 0.011920041724390292 0.009105009314890474 0.007071168726559873 0.003184178045418432 0.0053004042341328545 0.019019834453837786 0.024586801192153267 0.027705245668595252 0.02941993217022881 0.026034783369606407 0.04171830237539473 0.11023467516684388 0.4509312431651126 0.21043090542999868 0.0 0.0 0.0
0.0 0.011179107701494464 0.0 0.0036834017451785094 0.0014539086345613055 0.0 0.0 0.0 0.009694260598622753 0.011489852832788064 0.009532120976033153 0.007056433655115706 0.004370205248865275 0.005779183909166851 0.017919542080584553 0.024526042681014732 0.02908784829257413 0.02871197756820711 0.02551662488302452 0.03276279414857455 0.10380824851076186 0.4628863979302099 0.21054204702911686
0.0 0.011166214787112399 0.0 0.0024519436515500785 0.0 0.0 0.0 0.0 0.009390154491632038 0.013772857786648402 0.011191935448006975 0.008440909170962765 0.003977846189475775 0.007913607816504045 0.024380989844588245 0.03472920419689343 0.03981326125379511 0.03761611898182066 0.032467871497162085 0.046997625770168146 0.13716800648958166 0.5785214507580612
0.0 0.01086449208063129 0.0 0.002927063400329899 0.0011466052330939755 0.0 0.0 0.0 0.008940393500786488 0.012199927830489099 0.009929318558007352 0.008189849620878818 0.003935113489398892 0.007875078865490147 0.02189736305437379 0.029868435576828053 0.03260311859899135 0.032006569917722084 0.02921050745808602 0.048875965784199935 0.17855220629518578 0.5609779890868761
0.0 0.011110341342308512 0.0 0.0013539361187292732 0.0 0.0 0.0 0.0 0.00782850337242447 0.01102080817367097 0.008204671113888375 0.005967528272297206 0.003366266463577381 0.003682614815929697 0.017717630144552965 0.02468351964058554 0.026708693304056588 0.028144728704457753 0.026899939025686815 0.03148950981976252 0.10727214263617907 0.5109242376597875 0.17362492793125708 0.0 0.0 0.0 0.0
0.0 0.009978995434133999 0.0 0.002314798798029895 0.0 0.0 0.0 0.0 0.007934881800849943 0.011781652598839683 0.009905470265254492 0.007331775442460385 0.0026316057757018903 0.004805248805963585 0.019669703378145248 0.026834012575738392 0.030439129256846324 0.030227610693053648 0.02517296460726174 0.03336428926863909 0.07732315542566 0.4467321363113456 0.253552568001611 0.0 0.0 0.0
0.0 0.009859238601494394 0.0 0.0026667396185045757 0.0006044637659556392 0.0 0.0 0.0 0.008620642712071351 0.011524183645754915 0.009024961138208781 0.00736714299986071 0.003551079533256635 0.005646645232966659 0.017291405912302247 0.024957345022909368 0.028257346214484877 0.027772948759210648 0.024150460878766072 0.03617583779877782 0.09634573919576087 0.5047846312550942 0.1813991861567097 0.0
0.0 0.010755529476645752 0.0 0.0038616941488312526 0.001204839025624187 0.0 0.0 0.0 0.008326944271377729 0.012785096274987343 0.010023889914887412 0.008604672459905443 0.0045847626367391805 0.005352718155848895 0.021297328116180195 0.028312898088444914 0.032983307974252286 0.03325546179030543 0.028781856457990706 0.041299090802793696 0.14443303204270602 0.604136876658198
0.0 0.04209191329080569 0.0 0.008767251749860474 0.0 0.0 0.0 0.0 0.042141889028459584 0.051934958551215896 0.04106806824439619 0.02781149800439513 0.01781291084794672 0.02636412375618796 0.0792856478814946 0.11194231388452747 0.12585544796536619 0.1352595868739314 0.12604766234095813 0.16361672079135547
0.0 0.014243922051989454 0.0 0.0032509426253055696 0.0 0.0 0.0 0.0 0.013983322047521438 0.016959589765150766 0.012915412339060042 0.010488460149564664 0.0050317521815268496 0.009950013669706007 0.028507593541854517 0.03797546034453477 0.04905657506646042 0.045130791405967756 0.03796148830298215 0.052160425524254934 0.17529086750113854 0.4870933811820058
0.0 0.014163180509967984 0.0 0.003470079188629827 0.0015688081127352943 0.0 0.0 0.0 0.008444025965145366 0.012008317342191667 0.009578817095655407 0.008009327412322355 0.004310228545466773 0.006179035337625968 0.021390351853157404 0.028865387703731656 0.03323163656938261 0.0329265679613017 0.030715361624110683 0.04561245017931764 0.2183848332544571 0.4346320697962811 0.08650951994362728 0.0 0.0
0.0 0.014831480381315622 0.0 0.004618262905172428 0.0033190870196237623 0.0 0.0 0.0 0.008363874400208445 0.011308787450778646 0.010570281315129123 0.007913632224173984 0.004691815598450972 0.0061252642730060015 0.018729170329168224 0.024346834076834446 0.02927145641115823 0.029524723431292137 0.027221521403861474 0.036652854623275825 0.09451788866783824 0.4649651879286204 0.20302787600420943 0.0 0.0 0.0 0.0 0.0 0.0 0.0 0.0 0.0 0.0 0.0 0.0
0.0 0.01074119165991971 0.0 0.0009764207766876244 0.0 0.0 0.0 0.0 0.006251844196425049 0.011253604559394167 0.008046450053808914 0.00670608372868995 0.002037389451945124 0.00413598620411903 0.01661373676808885 0.02593288724695156 0.02880638956561563 0.029075386801149822 0.0257569421161775 0.03594205062861874 0.13719098049390843 0.49652593906269005 0.1540067151433569 0.0
0.0 0.011954479596294696 0.0 0.004167647027409153 0.0012632169615919388 0.0 0.0 0.0 0.008944740729988512 0.011722242465655485 0.010446892824242613 0.007119284897519803 0.003959150857676917 0.005266536494530526 0.01851508915070439 0.02540474699310638 0.029203038538854868 0.029770557151539763 0.024879609332723294 0.032089126567103894 0.08613616299732159 0.33458231551423795 0.3423423918294909 0.012232768470379966 0.0 0.0 0.0 0.0
0.0 0.013843739802152965 0.0 0.002736805521646308 0.0 0.0 0.0 0.0 0.008177780445857884 0.011685849552054785 0.009414780508146738 0.006869163219825731 0.0030011734750147643 0.004902911029866446 0.018943651301278258 0.024565361904172932 0.02774743678353896 0.029364860117103597 0.0250464398437643 0.036684737966603084 0.12357175823681998 0.4599932310328601 0.19345031767048446 0.0 0.0 0.0
0.0 0.011375081695829787 0.0 0.0038080352315400965 0.0013971238870994275 0.0 0.0 0.0 0.010043046779673534 0.0116948070840201 0.01006175520274138 0.008754436552642006 0.003986612356546088 0.006433895182442358 0.019959556370312072 0.025288489070211636 0.028538239484152933 0.0300935378614676 0.029643250029439638 0.04299268916675506 0.1005913097692377 0.42244715117757753 0.232890981485593
0.0 0.010654410650025675 0.0 0.0004925043636303445 0.0 0.0 0.0 0.0 0.008539214093960502 0.01264125430705816 0.010127211094530427 0.006946530989554281 0.0028682045216941584 0.00613615687366555 0.019485772420791476 0.027699302298129214 0.030400171716350264 0.03209003997971313 0.029750502639440977 0.03925811811464891 0.13433414412761188 0.6285764600812879
0.0 0.012508743701881497 0.0 0.0016785180333861347 0.0 0.0 0.0 0.0 0.0085849429463726 0.01330113264912549 0.009372864345190845 0.007678304939094714 0.003009769086216469 0.004386688411843339 0.02102760089537147 0.030504394524992873 0.03401573083154565 0.033896191253639164 0.029617873548637944 0.03853500876538122 0.08716348959922217 0.27225969022303836 0.3764413519506296 0.016017702541143382 0.0
0.0 0.012651272898158426 0.0 0.0028160521803421035 0.0 0.0 0.0 0.0 0.00825661996809513 0.01148271011812327 0.00905765924161696 0.006528326963457255 0.0026225846806838694 0.004683428701290381 0.017437551843645677 0.02365209185556425 0.02760141629040648 0.027915634860860624 0.026869083933190215 0.03310528439962932 0.08244080302761796 0.44129676564854714 0.26158271186427334
0.0 0.012250273633577379 0.0 0.0027353515375383606 0.0 0.0 0.0 0.0 0.007313282624607464 0.011574607378885354 0.008232450863602407 0.005622252781243552 0.0031519731280783424 0.0038509934315208503 0.016700809642766146 0.022897764162360255 0.026654941109111163 0.026896258654965824 0.023524903860319513 0.03118967521178723 0.08917147655460632 0.44378502545981524 0.26444795843018654 0.0
0.0 0.016737821977714378 0.0 0.004122667674362596 0.0019599642565451794 0.0 0.0 0.0 0.00830522685161032 0.01230888981324758 0.009988798246346726 0.00836498246205903 0.0036140346387218344 0.005219529651809315 0.019317455744308633 0.026005167279137736 0.028840748272789346 0.0291464939008636 0.025941730219047984 0.03555540357160204 0.08214356814765882 0.2118527010433551 0.4414804292622854 0.029094385328427657 0.0 0.0
0.0 0.00974778377814707 0.0 0.0016987484314841211 0.0 0.0 0.0 0.0 0.009485959972471468 0.011724845561767935 0.009093938423892826 0.006564929715733574 0.0027364170105130883 0.004913838395993484 0.01745550873777772 0.025339567333332615 0.029224748339067446 0.02904202790697867 0.026909790201273136 0.03610776372850777 0.08271186697035846 0.40569087165123546 0.28151643492446354 0.010034957358417512 0.0 0.0 0.0
0.0 0.00969986363891791 0.0 0.0028817990325486495 0.0005123409875012552 0.0 0.0 0.0 0.007967017313619594 0.011391986972439632 0.008355482374039951 0.006614333528319545 0.0027291255521156113 0.004872383460348617 0.01827126960351554 0.025543104689681136 0.02984221943573871 0.02961979317184345 0.025221861014888013 0.03352863139847948 0.12406731469152318 0.4504960121895335 0.2083854593864212 0.0 0.0 0.0
0.0 0.015898868002566697 0.0 0.005072759919976418 0.004549880960353338 0.0005849201582881492 0.0 0.0 0.007968216638257846 0.011960583989247894 0.009752040101817338 0.008603339663426952 0.004599064479683414 0.005965384036692292 0.020563159142011685 0.027019926615703772 0.0322576239195099 0.031206966181922563 0.02722044849585519 0.048057754211579755 0.15553654370965478 0.4808403252810171 0.10234219293772459 0.0 0.0 0.0 0.0 0.0 0.0
0.0 0.012836194527039867 0.0 0.0024115017547924325 0.0 0.0 0.0 0.0 0.00828819383035069 0.012188263588660922 0.009248403967689391 0.007596498044625517 0.004744121185534275 0.005781582731700743 0.02013977315772474 0.02906543190934101 0.03370032870775838 0.031676480248266775 0.02961533193630501 0.04214528986395169 0.10496035340023309 0.4889407337536349 0.15666151581758675
0.0 0.014505075682370888 0.0 0.002680408026022902 0.0 0.0 0.0 0.0 0.009057966931663494 0.01228746745742178 0.0099901910739326 0.007310378512190284 0.004392070100567421 0.006840333895702694 0.019453917290792086 0.027081516992958726 0.03125242173531182 0.03149589219303643 0.029123661743228488 0.0358665379850086 0.09839903332816197 0.4261692203892644 0.23409390499732666
0.0 0.013480678518749472 0.0 0.0021586443817996517 0.0 0.0 0.0 0.0 0.00872841806417502 0.011730506277273872 0.01063795742448125 0.00720140601592781 0.0037616302835053513 0.005432442553624174 0.019510025473214992 0.026566625832946437 0.03120967531776386 0.03095021547839718 0.027628734294803607 0.039787324460092297 0.12117526840660041 0.5035242834453668 0.1365161622201616 0.0 0.0 0.0 0.0 0.0 0.0 0.0 0.0 0.0 0.0 0.0
0.0 0.015964161693377023 0.0 0.004655206239964676 0.002224728204600478 0.0 0.0 0.0 0.008500428633552753 0.012132677178277217 0.010231242149794643 0.007820942388716248 0.003628722244363838 0.0061315996340071295 0.02131546941980796 0.028208003041703265 0.03566399783129172 0.03268504540476703 0.027274794588280363 0.041882444855777724 0.08747526784864502 0.34158855294031387 0.306121146354127 0.006495567705256972
0.0 0.009437719618180336 0.0 0.0025220966692476956 0.0005930141979382784 0.0 0.0 0.0 0.008458940297504644 0.01177757580436734 0.010374782925916322 0.007097910133379213 0.0042026810662753695 0.006352159052911627 0.019408675660369117 0.026956285113759134 0.031013327908159364 0.030814391679645614 0.028217385987442098 0.03967511567524543 0.12335339796241372 0.5061954342560434 0.1335491044241629
0.0 0.010860494295285267 0.0 0.0026137831936813303 0.0 0.0 0.0 0.0 0.008256267358818273 0.011777047801938407 0.01048845542104009 0.007377735556400902 0.0036447632790356983 0.006802010594580154 0.018750167361391828 0.02598497700463314 0.03005667680574106 0.03162990106522907 0.0264510196289229 0.03560013058435543 0.1132418061312714 0.4708894766190216 0.18557528578255528 0.0
0.0 0.01303297624267017 0.0 0.0025861565727441126 0.0 0.0 0.0 0.0 0.008957066775126078 0.012232664651795025 0.008951195361253843 0.0065822929393103986 0.003178068483738816 0.005726439667208383 0.018303292282207256 0.025977620851641514 0.02804998136045318 0.029424969421601308 0.025650774866911103 0.03313637772794809 0.09854983519110352 0.39393003700313717 0.28573024901234395
0.0 0.010804853452961276 0.0 0.0020979846346219685 0.0 0.0 0.0 0.0 0.008382433933883044 0.011708465563474229 0.008877987210334353 0.006478281684078871 0.0038003267866523627 0.004626836787083298 0.0189381554843257 0.026536974420377935 0.030799973049369257 0.031195686550177057 0.028402256033168087 0.038375474337760826 0.09353934724559708 0.47008117283775247 0.20535378839973165 0.0 0.0 0.0 0.0
0.0 0.013720322593419754 0.0 0.0033202476205890187 0.000611896677402171 0.0 0.0 0.0 0.008993082614798887 0.012519182549453884 0.00961875015287301 0.006877895567904409 0.0029113976281657477 0.005260909836280671 0.01897310958216884 0.026343105140953744 0.030237685863482116 0.032088261657002175 0.02704718327360127 0.036804597662315176 0.12787694729908333 0.4696505965945392 0.16714482604157727 0.0 0.0 0.0 0.0 0.0
0.0 0.008670103826386508 0.0 0.0003459806963342384 0.0 0.0 0.0 0.0 0.007560792525603845 0.011259048647170549 0.008044456696656157 0.005554844398058373 0.0025112208161743705 0.005185944230381975 0.019221426306368694 0.026748122924289994 0.031534726196167887 0.03084599774880264 0.02671827095167905 0.0394708403409439 0.18146075373980947 0.5144750063547744 0.08039246210926891 0.0 0.0 0.0 0.0 0.0 0.0 0.0 0.0
0.0 0.012850988839819652 0.0 0.0012197621617790766 0.0 0.0 0.0 0.0 0.009898330522322788 0.012643036358122306 0.010885598151735934 0.006844797703512908 0.0027875493854812796 0.004807300839371191 0.019509447378160568 0.024938591385554827 0.029645499667206192 0.031731166175610816 0.0275797782090428 0.037065107787058064 0.10734806651696494 0.4329821773908337 0.22726279986882367 0.0 0.0 0.0 0.0 0.0 0.0 0.0 0.0 0.0 0.0 0.0 0.0 0.0 0.0 0.0 0.0 0.0 0.0 0.0 0.0 0.0 0.0 0.0 0.0 0.0 0.0
0.0 0.01296315523054227 0.0 0.0026335344197092785 0.0 0.0 0.0 0.0 0.0083083731138223 0.01154371215799478 0.008562946638996951 0.006022545198299415 0.003500429453306749 0.004185453125375438 0.016594738459446853 0.02574629433818149 0.028604556131673956 0.03070624001835154 0.025173269102899954 0.035114368159780446 0.12000332764753048 0.4437772071810169 0.2165598480667843 0.0
0.0 0.010258975192875915 0.0 0.0017949303120724255 0.0 0.0 0.0 0.0 0.007991333863818286 0.011819222910802282 0.008459773610131468 0.005941966330741702 0.0023281272676297536 0.0038691068089690005 0.019242228617785864 0.026233705475846983 0.03020440920360631 0.03195999636693312 0.025605650717448514 0.03623986890350226 0.08126189743574755 0.39676478708863133 0.29563450461922036 0.004389513681791775 0.0
0.0 0.011670747405921847 0.0 0.00435240894430538 0.0015538626087306258 0.0 0.0 0.0 0.008382073944239116 0.012363509027461105 0.010008440792023328 0.008460901746255701 0.003893682897991492 0.006074559922212608 0.01990197377560812 0.028024603150699972 0.03176973331553648 0.031161039383872262 0.03167275076823903 0.04346406659138081 0.09133310674419692 0.25868403320977207 0.3969279308337509 0.00030057322664451294
0.0 0.01766269311337889 0.0 0.0027670765044219147 0.0 0.0 0.0 0.0 0.009632962908762765 0.015066848938720354 0.011018797408800745 0.007383678996312623 0.0027923879312889777 0.0044137497002470025 0.020271516734771164 0.031517108142067866 0.03498331305866383 0.03812256239941721 0.030738793058927787 0.04663289350988872 0.12194181171926063 0.6050538038541045
0.0 0.01249284098614836 0.0 0.0006145999947162617 0.0 0.0 0.0 0.0 0.006899459383881057 0.011520219914703917 0.00828853321997881 0.006649900487005296 0.0027796658231027224 0.0040640443199449075 0.01745531103244818 0.0263474176773961 0.029790355641593817 0.03002872816336377 0.026054026453575137 0.03562406167394035 0.10265930483962656 0.5188378206681472 0.1598937081883767 0.0 0.0
0.0 0.01307820800766346 0.0 0.0018905923975471365 0.0 0.0 0.0 0.0 0.008939659132275407 0.011759344322218618 0.010329852903412356 0.006058167013890105 0.002832823403200919 0.005499003253736854 0.01697948519731727 0.023738388116179426 0.029684663881986977 0.030908424686245797 0.02704061893749163 0.03740870486042864 0.0951483677159798 0.43230131332735794 0.24640238127282627 0.0
0.0 0.012288746673075456 0.0 0.002774170180880869 0.0 0.0 0.0 0.0 0.007891462297651303 0.011329431565604833 0.008527963659842002 0.006067988103003528 0.0031403560816929592 0.005082469945139667 0.01768196589834038 0.023885947141511446 0.029770490845983603 0.030493644336123796 0.0243941872222918 0.034368019992618695 0.10143903703472873 0.4887360234340882 0.19212809404084677 0.0 0.0 0.0 0.0
0.0 0.011283731583359482 0.0 0.0035731112913837577 0.0008581069315705418 0.0 0.0 0.0 0.008707700809809595 0.01118714686027047 0.008639010843551542 0.006083267165878716 0.0036284355046815224 0.00440067125404767 0.017076546629424934 0.025380611005841103 0.027323600633961144 0.028740707790515723 0.02485746217391504 0.03163032774448637 0.09150389902766363 0.41455135627564865 0.2800409078402547 0.00053339707244653 0.0 0.0 0.0 0.0
0.0 0.012531019111068449 0.0 0.0010117950010061958 0.0 0.0 0.0 0.0 0.007252121813492426 0.011457645426250223 0.008868855021922216 0.006351331946132314 0.0029832629667385095 0.004248233191447662 0.01730491375446157 0.023783590065197625 0.02736922822273892 0.02821595169638248 0.025280435961691976 0.03421137785175621 0.11718666574108778 0.5453215128347939 0.12662205791106318 0.0 0.0 0.0
0.0 0.01320848103177104 0.0 0.0019735968741300585 0.0 0.0 0.0 0.0 0.010177821093504605 0.01317181497020891 0.011554597040495085 0.008272454749916136 0.003600533991764205 0.006765810569180085 0.021553705421526684 0.0316038820524115 0.03457909160360627 0.03491473715252626 0.030541952853811647 0.0493354743109999 0.11237366932697883 0.6163723752014658
0.0 0.011178631479408242 0.0 0.002244217832791377 0.0 0.0 0.0 0.0 0.008521964110114966 0.012641206728527875 0.008987764123666584 0.006833787025195243 0.003138395066102025 0.004963845542740879 0.019054084148378718 0.024578012875319428 0.029270325307214008 0.029834390412228122 0.028502153476935268 0.04118354250668934 0.13052119170976845 0.4921209700519329 0.14642551597853568
0.0 0.2517278677055926 0.0 0.049502276988840466 0.0 0.0 0.0 0.0 0.18296903715620488 0.29007873808418216 0.22572204265100987
0.0 0.00892299931510428 0.0 0.0 0.0 0.0 0.0 0.0 0.007440842692492056 0.011084345906992909 0.007586510951450569 0.005568793373124514 0.002614026000942676 0.003296941726672201 0.018025694729909027 0.024118474963256913 0.028304935531637404 0.028634940551440655 0.02433392950654886 0.040463500798470185 0.15151712339660986 0.5473293637331548 0.09075757534271806
0.0 0.016159154277070393 0.0 0.004269616637777487 0.0024982903789184338 0.0 0.0 0.0 0.008261363485228903 0.011786989016143085 0.01076841508872707 0.008447173953005439 0.003597805937003492 0.005392467264363878 0.019402088323027727 0.026701046393732483 0.030181560681396807 0.03082337778298887 0.02659447364949983 0.03772926502347983 0.08112209981093974 0.3516034588155627 0.3138762239792959 0.010785127879890893
0.0 0.014734990576780443 0.0 0.004288621102503122 0.0025159511850976137 0.0 0.0 0.0 0.008209087477194012 0.012142696255765422 0.010412323592705131 0.008102967648226114 0.004480399747664063 0.00788027625144448 0.02156416152205381 0.028697760288606853 0.033961047893273553 0.035209337091697504 0.02928509061088873 0.04015308131684525 0.14315486001595193 0.4456236858141933 0.14958366000406448 0.0 0.0 0.0 0.0 0.0 0.0 0.0 0.0 0.0 0.0 0.0 0.0 0.0 0.0 0.0 0.0 0.0
0.0 0.016265645308587297 0.0 0.0033589372503660384 0.0009126856000435264 0.0 0.0 0.0 0.009473376903280213 0.011676012305577419 0.00963114370780038 0.006865515536016881 0.0030873104406968794 0.005286041931963584 0.01835810502177055 0.025586696483346102 0.028102876940002484 0.031105423712449586 0.025467249005534705 0.03277060036334438 0.07677775464745133 0.27266366403941633 0.4226109591649334
0.0 0.009797069153088478 0.0 0.0 0.0 0.0 0.0 0.0 0.006058957322275903 0.01182369199397115 0.008039600716557245 0.005717151956719276 0.002284004674597456 0.003246091670468993 0.01588170167319257 0.02297284317506273 0.026645965377117515 0.02856822689872798 0.02394448106968035 0.035591893705859655 0.12385312324841316 0.4806715854805193 0.19490361034669798 0.0 0.0 0.0
0.0 0.011618214499861147 0.0 0.001265412378582124 0.0 0.0 0.0 0.0 0.006703749928601701 0.011369461060461694 0.008107902306458255 0.0062276017678939335 0.002493401166345757 0.0035413762946609854 0.015940914244350804 0.022606850991782564 0.025237250459360986 0.02684720966963974 0.026398470336010303 0.03237126855551759 0.10157051303340074 0.4274084827069632 0.26797507107626795 0.002316847985901389 0.0 0.0
0.0 0.008702965888693038 0.0 0.0003240054920840409 0.0 0.0 0.0 0.0 0.009286317270920707 0.011254854840473325 0.009934531924259356 0.007263592982566895 0.004011993235584274 0.007342680937327567 0.020407790243531867 0.028539431950490794 0.034455860564048826 0.03191107859437837 0.02765742652819982 0.0406934968984531 0.2048535175145628 0.5256286236036503 0.027731830092037422
0.0 0.016614898505649178 0.0 0.0010939113873758123 0.0 0.0 0.0 0.0 0.010048372107777983 0.01934183951595826 0.013353435526116153 0.010113946728257288 0.004767152219664535 0.005583657875222138 0.02564161766012321 0.03515259284324155 0.04245049325450104 0.04566564564615577 0.03866567851476177 0.0560502227335484 0.15274938543704183 0.5227071475868345
0.0 0.010329726711637162 0.0 0.0015392712709995052 0.0 0.0 0.0 0.0 0.008621386233051077 0.011336421488487472 0.008631246245090441 0.006791329509405005 0.0028003339818618972 0.004374562448243214 0.019314846637956695 0.02587532054975118 0.033040719218546274 0.03233325486447039 0.02546477727005015 0.03684619709132347 0.12723081055347962 0.5471671837444203 0.09830261066183647 0.0
0.0 0.08394293755044684 0.0 0.02227083217405197 0.007091005353164832 0.0 0.0 0.0 0.05870358367807732 0.08436277228625697 0.06607003263074904 0.05147235552395287 0.03150177752592813 0.0505228087326746 0.13808594552906164 0.19125739790578383 0.21471853992056197
0.0 0.013667987462718266 0.0 0.0020005295048276845 0.0 0.0 0.0 0.0 0.008052712971349057 0.011611321212297195 0.0093173548980997 0.006568045609267705 0.0027772269433939283 0.004255888763505563 0.0161634176819501 0.023604817493107482 0.027818505150879892 0.028250475205416032 0.024617539687309863 0.031993214754400964 0.08369898337033095 0.45639002580509935 0.24921195192996484
0.0 0.010596818613622418 0.0 0.0053279561743780875 0.003923684695627813 0.0 0.0 0.0 0.008357734930839128 0.01147961400180235 0.009541060854907564 0.007721612350200838 0.003893150997513514 0.005394294406707026 0.01991628376666396 0.025013170665920792 0.032357268087763194 0.030202227538306682 0.029621367468323927 0.04388510907890653 0.11263268238448607 0.504433039406003 0.13570292301978998 0.0 0.0 0.0 0.0 0.0 0.0
0.0 0.014562931895945413 0.0 0.001801315675330924 0.0 0.0 0.0 0.0 0.007864189316658826 0.011757989213902203 0.010507312268042083 0.007147535310077615 0.003565192338426897 0.005062443807406475 0.0180662369528779 0.025761534725454616 0.03300713647678638 0.03128566692342193 0.02809210729437994 0.039418466296115645 0.15353078089273797 0.4802963165364578 0.12827284248074594 0.0 0.0
0.0 0.009227125438160741 0.0 0.00035531066295692515 0.0 0.0 0.0 0.0 0.009430779540740576 0.012125897346822052 0.010142552450639934 0.006798481816154214 0.0026487136718083364 0.0043205080964828 0.01895453186202536 0.02638640837192248 0.028897178733466856 0.03048647039117963 0.026439005207831965 0.035610948621544326 0.1226104160294981 0.4913839418387051 0.16418172834288736 0.0 0.0 0.0 0.0 0.0 0.0 0.0 0.0 0.0
0.0 0.009593801037723743 0.0 0.006004995912996722 0.0048620814115872555 5.030282903480725e-05 0.0 0.0 0.007813218243184813 0.011392780166784355 0.010728271689138556 0.00779215365206482 0.004127230034252675 0.007241479530813591 0.021071796538654125 0.02767591175493806 0.03266180252438024 0.031124166181887434 0.030576993443767318 0.03830254200707432 0.14936420826659982 0.49612630987937717 0.10348995338465439 0.0 0.0
0.0 0.010157427604575067 0.0 0.00044025879074850694 0.0 0.0 0.0 0.0 0.00804415893883002 0.012740842269295215 0.009164736737129368 0.005835730075877192 0.002018854445554193 0.0033494127422313644 0.017554042397049593 0.025705682185754076 0.02778592332066901 0.03068492235921175 0.025027793619451934 0.03929413482458989 0.127279609306771 0.3647695262016181 0.2813872713488136 0.00875967121693754
0.0 0.011350987291228886 0.0 0.001535313469925079 0.0 0.0 0.0 0.0 0.008712598508110648 0.011804704710298675 0.009658616896581953 0.00731221110864598 0.0034728802325275352 0.006898822575417498 0.019491232107898725 0.029235510071290747 0.032801079254946915 0.030865443996975057 0.029558711300954322 0.043392508167977704 0.11469826022519018 0.5112693222618859 0.12794179625844448
0.0 0.010429875880587578 0.0 0.0 0.0 0.0 0.0 0.0 0.007690772701444811 0.01199930030425905 0.008214449061706116 0.005939394114762217 0.001934402521102013 0.004801494546887382 0.017308564175684372 0.024174984983436027 0.027829056671324716 0.0290504914326474 0.025371408024114733 0.03511654880774193 0.13246984000115303 0.5046748014363414 0.1529946137761303
0.0 0.010077989517944223 0.0 0.0020049450281946204 0.0 0.0 0.0 0.0 0.006981005602161592 0.011915110052791802 0.008337769634892876 0.005767626412404245 0.0018933877357553278 0.003796403573656666 0.01671135866960123 0.02565581789937278 0.02873302130827128 0.03084151609840752 0.024671237211231205 0.033873581820512595 0.07150428026817765 0.30878682002607283 0.3922188531890929 0.016229274352124574 0.0 0.0 0.0
0.0 0.011765138069899383 0.0 0.0017918615800546615 0.0 0.0 0.0 0.0 0.007687807539779125 0.011662785551432879 0.008989478117151006 0.006012575661923834 0.002553688410670365 0.005218893514329382 0.017393176197119956 0.026377287385866935 0.029862766901728753 0.030172363649061354 0.027272895006011873 0.03826031321215072 0.10534742610089301 0.43485074568201837 0.23478079587079673
0.0 0.24739762518095412 0.0 0.034545708273795085 0.0 0.0 0.0 0.0 0.15911530511557448 0.24568607537369602 0.18453726669404516 0.12871798686966832
0.0 0.03778806580802516 0.0 0.00662716691614698 0.0 0.0 0.0 0.0 0.027179543195714893 0.038079737737846224 0.02849785969357904 0.02166320472418303 0.009211213200772637 0.016237331946643906 0.05948535033210733 0.08266773924892423 0.09684448461888545 0.09294919358295309 0.08335911532193313 0.11944179935509407 0.27996818926850064
