0.0 0.0016859086234201936 0.0 0.0 0.0 0.0 0.0 0.25291039531372334 0.5148640179341437 0.23053967668906483 0.0 0.0 0.0 0.0 0.0 0.0 0.0 0.0 0.0 0.0 0.0 0.0 0.0 0.0 0.0 0.0 0.0 0.0 0.0 0.0 0.0 0.0 0.0 0.0 0.0 0.0 0.0 0.0 0.0 0.0 0.0 0.0 0.0 0.0 0.0 0.0 0.0 0.0 0.0
0.0 0.009436273176897535 0.0 0.0 0.0 0.0 0.00016330670426330802 0.18302926100199277 0.6914553564469543 0.11591580151527602 0.0 0.0 0.0 0.0 0.0 0.0 0.0 0.0 0.0 0.0 0.0 0.0 0.0 0.0 0.0 0.0 0.0 0.0 0.0 0.0 0.0 0.0 0.0 0.0 0.0 0.0
0.0 0.0 0.0 0.0
0.0 0.9999996677784225 0.0 0.0
0.0 0.9999997967145393 0.0 0.0
0.0 0.9999997197518807 0.0 0.0 0.0 0.0
0.0 0.002503303297244902 0.0 0.0 0.0 0.0 0.0028426405994683543 0.2065743477627763 0.516932680270543 0.2711470268561764 0.0 0.0 0.0 0.0 0.0 0.0 0.0 0.0 0.0 0.0 0.0 0.0 0.0 0.0 0.0 0.0 0.0 0.0 0.0 0.0 0.0 0.0 0.0 0.0 0.0 0.0 0.0 0.0 0.0 0.0 0.0 0.0 0.0 0.0 0.0 0.0 0.0 0.0 0.0 0.0 0.0 0.0 0.0 0.0 0.0 0.0 0.0 0.0 0.0 0.0 0.0 0.0 0.0 0.0 0.0 0.0 0.0 0.0 0.0 0.0 0.0 0.0 0.0 0.0 0.0 0.0 0.0
0.0 0.9999991734172307 0.0
0.0 0.004750151694468099 0.0 0.0 0.0 0.0 0.0 0.20253079537030477 0.6225528192046351 0.17016623254414046 0.0 0.0 0.0 0.0 0.0 0.0 0.0 0.0 0.0 0.0 0.0 0.0 0.0 0.0 0.0 0.0 0.0 0.0 0.0
0.0 0.0052585854961076876 0.0 0.0 0.0 0.0 0.0 0.16839392398542002 0.5256419424343133 0.30070554708832 0.0 0.0 0.0 0.0 0.0 0.0 0.0 0.0 0.0 0.0 0.0 0.0 0.0 0.0 0.0 0.0 0.0 0.0 0.0 0.0 0.0 0.0
0.0 0.9999998538039364 0.0 0.0
0.0 0.9999995173771237 0.0 0.0 0.0
0.0 0.0 0.0 0.0
0.0 0.9999999053116769 0.0 0.0 0.0
0.0 0.013488599523601636 0.0 0.0 0.0 0.0 0.0 0.24370691135090322 0.565264608234919 0.17753987939759863 0.0 0.0 0.0 0.0 0.0 0.0 0.0 0.0 0.0 0.0 0.0 0.0 0.0 0.0 0.0 0.0 0.0 0.0 0.0 0.0 0.0 0.0 0.0 0.0 0.0 0.0 0.0 0.0 0.0 0.0 0.0 0.0 0.0 0.0 0.0 0.0 0.0
0.0 0.999999900143096 0.0
0.0 0.013760360881566881 0.0 0.0 0.0 0.0 0.0 0.251207616226681 0.5909797882380322 0.1440522331345314 0.0 0.0 0.0 0.0 0.0 0.0 0.0 0.0 0.0 0.0 0.0 0.0 0.0 0.0 0.0 0.0 0.0 0.0 0.0 0.0 0.0 0.0 0.0 0.0 0.0 0.0 0.0 0.0 0.0 0.0 0.0 0.0 0.0
0.0 0.0006777192989677153 0.0 0.0 0.0 0.0 0.0 0.1973180738436891 0.6453546747551541 0.15664953088541275 0.0 0.0 0.0 0.0 0.0 0.0 0.0 0.0 0.0 0.0 0.0 0.0 0.0 0.0 0.0 0.0 0.0 0.0 0.0
0.0 0.9999995683271339 0.0 0.0 0.0
0.0 0.9999999165871127 0.0
0.0 0.003879917270701153 0.0 0.0 0.0 0.0 0.0 0.1838794598245639 0.6427295820700653 0.16951103961000805 0.0 0.0 0.0 0.0 0.0 0.0 0.0 0.0 0.0 0.0 0.0 0.0 0.0 0.0 0.0 0.0 0.0 0.0 0.0 0.0 0.0 0.0 0.0 0.0 0.0 0.0 0.0 0.0 0.0 0.0 0.0 0.0 0.0 0.0 0.0 0.0 0.0 0.0 0.0 0.0 0.0 0.0 0.0 0.0 0.0 0.0 0.0 0.0 0.0 0.0 0.0 0.0 0.0 0.0 0.0 0.0 0.0 0.0 0.0
0.0 0.0 0.0
0.0 0.9999999123324135 0.0
0.0 0.0 0.0 0.0 0.0
0.0 0.9999978615707766 0.0 0.0 0.0
0.0
0.0 0.9999999059388975 0.0
0.0 0.0 0.0 0.0 0.0 0.0 0.0 0.20452791920235833 0.6410327479145607 0.15443933173697813 0.0 0.0 0.0 0.0 0.0 0.0 0.0 0.0 0.0 0.0 0.0 0.0 0.0 0.0 0.0 0.0 0.0 0.0 0.0 0.0 0.0 0.0 0.0 0.0 0.0 0.0 0.0 0.0 0.0 0.0 0.0
0.0 0.0009480019730006415 0.0 0.0 0.0 0.0 0.0 0.18076368408988047 0.6025190352250988 0.21576927749589736 0.0 0.0 0.0 0.0 0.0 0.0 0.0 0.0 0.0 0.0 0.0 0.0 0.0 0.0 0.0 0.0 0.0 0.0 0.0 0.0 0.0 0.0 0.0 0.0 0.0 0.0 0.0 0.0 0.0 0.0 0.0 0.0 0.0 0.0 0.0 0.0 0.0
0.0 0.0043432311388041074 0.0 0.0 0.0 0.0 0.0 0.2189095986659278 0.5702368972379577 0.20651027173381778 0.0 0.0 0.0 0.0 0.0 0.0 0.0 0.0 0.0 0.0 0.0 0.0 0.0 0.0 0.0 0.0 0.0 0.0 0.0 0.0 0.0 0.0 0.0 0.0 0.0 0.0 0.0 0.0 0.0 0.0 0.0 0.0 0.0 0.0 0.0 0.0 0.0 0.0 0.0 0.0 0.0 0.0 0.0 0.0 0.0 0.0 0.0 0.0 0.0 0.0 0.0 0.0 0.0 0.0 0.0 0.0 0.0 0.0 0.0 0.0 0.0 0.0 0.0 0.0 0.0 0.0 0.0 0.0 0.0 0.0 0.0 0.0 0.0
0.0 0.9999985068442838 0.0
0.0 0.0 0.0 0.0 0.0
0.0 0.0146490818837041 0.0 0.0 0.0 0.0 0.0 0.1973293513553613 0.6185560602630262 0.16946550533895138 0.0 0.0 0.0 0.0 0.0 0.0 0.0 0.0 0.0 0.0 0.0 0.0 0.0 0.0 0.0 0.0 0.0
0.0 0.999999851753831 0.0 0.0
0.0 0.0 0.0 0.0
0.0 0.0008439742803822946 0.0 0.0 0.0 0.0 0.0 0.1999533513037952 0.6099738850293801 0.18922878815446179 0.0 0.0 0.0 0.0 0.0 0.0 0.0 0.0 0.0 0.0 0.0 0.0 0.0 0.0 0.0 0.0 0.0 0.0 0.0 0.0 0.0 0.0 0.0 0.0 0.0 0.0 0.0 0.0 0.0
0.0 0.9999998865975842 0.0 0.0
0.0 0.006076129357603859 0.0 0.0 0.0 0.0 0.0 0.20210198015254247 0.5900989009390175 0.2017229883890553 0.0 0.0 0.0 0.0 0.0 0.0 0.0 0.0 0.0 0.0
0.0 0.0 0.0 0.0 0.0 0.0 0.0 0.20111688769611188 0.6717174398092681 0.12716567129643666 0.0 0.0 0.0 0.0 0.0 0.0 0.0 0.0 0.0 0.0 0.0 0.0 0.0 0.0 0.0
0.0 0.9999990073727687
0.0 0.0014116948614042806 0.0 0.0 0.0 0.0 0.0 0.1785772476508493 0.5187792799613136 0.30123177650294636 0.0 0.0 0.0 0.0 0.0 0.0 0.0 0.0 0.0 0.0 0.0 0.0 0.0 0.0 0.0 0.0 0.0
0.0 0.0013709932693895292 0.0 0.0 0.0 0.0 0.0 0.17575673641331344 0.7194292211097985 0.10344304802568326 0.0 0.0 0.0 0.0 0.0 0.0 0.0
0.0 0.0 0.0 0.0
0.0 0.0037715763797052182 0.0 0.0 0.0 0.0 0.0 0.18147076812304422 0.6366088888463781 0.178148765485329 0.0 0.0 0.0 0.0 0.0 0.0 0.0 0.0 0.0 0.0 0.0 0.0 0.0 0.0 0.0 0.0 0.0 0.0 0.0 0.0
0.0 0.9999998667915437 0.0
0.0 0.9999997268236417 0.0 0.0
0.0 0.014720126535968757 0.0 0.0 0.0 0.0 0.0 0.21392820131783993 0.5694995058660173 0.2018521650810905 0.0 0.0 0.0 0.0 0.0 0.0 0.0 0.0 0.0 0.0 0.0 0.0 0.0 0.0 0.0 0.0 0.0 0.0 0.0 0.0 0.0 0.0 0.0
0.0 0.9999986858744927 0.0
0.0 0.006088086840471497 0.0 0.0 0.0 0.0 0.0 0.19714006212786975 0.6198411675903882 0.17693068219322403 0.0 0.0 0.0 0.0 0.0 0.0 0.0 0.0 0.0 0.0 0.0 0.0 0.0
0.0 0.0 0.0 0.0
0.0 0.0027374210180908616 0.0 0.0 0.0 0.0 0.0 0.17080848205151283 0.5156660723648857 0.3107880235332689 0.0 0.0 0.0 0.0 0.0 0.0 0.0 0.0 0.0 0.0 0.0 0.0 0.0 0.0 0.0 0.0 0.0 0.0 0.0 0.0 0.0 0.0 0.0 0.0 0.0 0.0 0.0 0.0 0.0 0.0 0.0 0.0 0.0 0.0 0.0 0.0 0.0 0.0
0.0 0.009508499704547417 0.0 0.0 0.0 0.0 0.0 0.17654276364734228 0.6822049657495541 0.13174376977168897 0.0 0.0 0.0 0.0 0.0 0.0 0.0 0.0 0.0 0.0 0.0 0.0 0.0 0.0 0.0 0.0 0.0 0.0 0.0 0.0 0.0 0.0 0.0 0.0 0.0 0.0 0.0 0.0 0.0 0.0 0.0 0.0 0.0 0.0
0.0 0.003624500701685308 0.0 0.0 0.0 0.0 0.0 0.26595535524659397 0.5469842061614621 0.18343593637316422 0.0 0.0 0.0 0.0 0.0 0.0 0.0 0.0 0.0 0.0 0.0 0.0 0.0 0.0 0.0 0.0 0.0 0.0 0.0 0.0 0.0 0.0 0.0 0.0 0.0 0.0
0.0 0.002418780831774078 0.0 0.0 0.0 0.0 0.0 0.26186337077746474 0.5301105799936248 0.20560726692510178 0.0 0.0 0.0 0.0 0.0 0.0 0.0 0.0 0.0 0.0 0.0 0.0 0.0 0.0 0.0 0.0 0.0 0.0 0.0 0.0 0.0 0.0 0.0 0.0 0.0
0.0 0.0017044145154385397 0.0 0.0 0.0 0.0 0.0 0.17972192108090448 0.5120483006208044 0.3065253626916594 0.0 0.0 0.0 0.0 0.0 0.0 0.0 0.0 0.0 0.0 0.0 0.0 0.0 0.0 0.0 0.0 0.0
0.0 0.0 0.0 0.0 0.0 0.0 0.0 0.20557584188134423 0.6429680709222979 0.1514560860336003 0.0 0.0 0.0 0.0 0.0 0.0 0.0 0.0 0.0 0.0 0.0 0.0 0.0 0.0 0.0 0.0 0.0 0.0 0.0 0.0 0.0 0.0 0.0 0.0 0.0 0.0 0.0 0.0
0.0 0.01588508639200816 0.0 0.0 0.0 0.0 0.0 0.22018201873628082 0.6435983898314375 0.12033450381648667 0.0 0.0 0.0 0.0 0.0 0.0 0.0 0.0 0.0 0.0 0.0 0.0 0.0 0.0 0.0 0.0 0.0 0.0 0.0 0.0 0.0 0.0 0.0 0.0 0.0 0.0 0.0 0.0 0.0 0.0 0.0 0.0 0.0 0.0 0.0 0.0 0.0 0.0 0.0 0.0 0.0 0.0 0.0 0.0 0.0 0.0 0.0 0.0 0.0 0.0 0.0 0.0 0.0 0.0
0.0 0.010345992960096596 0.0 0.0 0.0 0.0 0.0 0.20284155191998374 0.5890776628970029 0.19773479107511693 0.0 0.0 0.0 0.0 0.0 0.0 0.0 0.0 0.0 0.0 0.0 0.0 0.0
0.0 0.015392747912905137 0.0 0.0 0.0 0.0 0.0001530151231018366 0.2542099546374106 0.5716156063531309 0.15862867444018472 0.0 0.0 0.0 0.0 0.0 0.0 0.0 0.0 0.0
0.0 0.9999999113106509 0.0 0.0 0.0
0.0 0.003625046673440361 0.0 0.0 0.0 0.0 0.0 0.21951647072292207 0.6327945986064888 0.14406388271580986 0.0 0.0 0.0 0.0 0.0 0.0 0.0 0.0 0.0 0.0 0.0 0.0 0.0 0.0 0.0 0.0 0.0 0.0 0.0 0.0 0.0 0.0 0.0 0.0 0.0 0.0 0.0 0.0 0.0 0.0 0.0 0.0
0.0 0.999999827304426
0.0 0.010158152403320549 0.0 0.0 0.0 0.0 0.0 0.24738451224987154 0.4902347092466403 0.25222262468535267 0.0 0.0 0.0 0.0 0.0 0.0 0.0 0.0 0.0 0.0 0.0 0.0 0.0 0.0 0.0 0.0 0.0 0.0 0.0 0.0 0.0 0.0 0.0 0.0 0.0 0.0 0.0 0.0 0.0 0.0 0.0 0.0 0.0 0.0 0.0 0.0 0.0 0.0 0.0 0.0 0.0 0.0 0.0 0.0 0.0 0.0 0.0 0.0 0.0 0.0 0.0 0.0 0.0 0.0 0.0 0.0 0.0 0.0 0.0 0.0 0.0 0.0 0.0 0.0 0.0 0.0 0.0 0.0 0.0 0.0 0.0 0.0 0.0 0.0 0.0 0.0 0.0 0.0 0.0 0.0 0.0 0.0 0.0 0.0 0.0 0.0 0.0 0.0 0.0 0.0
0.0 0.9999997479482288 0.0
0.0 0.9999979744583114 0.0 0.0
0.0 0.9999999274016336 0.0
0.0
0.0 0.0 0.0 0.0 0.0 0.0 0.0 0.21224471076824225 0.5797572872262743 0.20799800081876896 0.0 0.0 0.0 0.0 0.0 0.0 0.0 0.0 0.0 0.0 0.0 0.0 0.0 0.0 0.0 0.0 0.0 0.0 0.0 0.0 0.0 0.0 0.0 0.0 0.0 0.0 0.0 0.0 0.0 0.0 0.0 0.0 0.0 0.0 0.0 0.0
0.0 0.000908838747687405 0.0 0.0 0.0 0.0 0.0 0.2138119133494124 0.5941382219907486 0.19114102473508576 0.0 0.0 0.0 0.0 0.0 0.0 0.0 0.0 0.0 0.0 0.0 0.0 0.0 0.0 0.0 0.0 0.0 0.0 0.0 0.0 0.0 0.0 0.0 0.0 0.0 0.0 0.0 0.0 0.0 0.0 0.0 0.0
0.0 0.9999992808838745
0.0 0.9999999308971965
0.0 0.9999999294483063 0.0 0.0
0.0 0.01611491515859562 0.0 0.0 0.0 0.0 0.0 0.21512929798109515 0.6046428734186028 0.16411291220908855 0.0 0.0 0.0 0.0 0.0 0.0 0.0 0.0 0.0 0.0 0.0 0.0 0.0 0.0 0.0 0.0 0.0 0.0 0.0 0.0 0.0 0.0 0.0 0.0 0.0 0.0 0.0 0.0 0.0 0.0 0.0 0.0 0.0 0.0 0.0 0.0 0.0 0.0 0.0 0.0 0.0 0.0 0.0 0.0 0.0
0.0 0.002892455626700597 0.0 0.0 0.0 0.0 0.0 0.21744699233252948 0.6918313043269297 0.08782924650648381 0.0 0.0 0.0 0.0 0.0 0.0 0.0 0.0 0.0 0.0 0.0 0.0 0.0 0.0 0.0 0.0 0.0 0.0 0.0 0.0 0.0 0.0 0.0 0.0 0.0 0.0 0.0 0.0 0.0 0.0 0.0
0.0 0.004039816859474869 0.0 0.0 0.0 0.0 0.0 0.19592104140798508 0.5591431466557372 0.24089599389899763 0.0 0.0 0.0 0.0 0.0 0.0 0.0 0.0 0.0 0.0 0.0 0.0 0.0 0.0 0.0 0.0 0.0 0.0 0.0 0.0 0.0 0.0 0.0 0.0
0.0 0.9999995374651606 0.0
0.0 0.999999558924704 0.0 0.0
0.0 0.9999998615947712 0.0 0.0
0.0 0.9999997268747842 0.0 0.0
0.0 0.9999998179942224 0.0
0.0 0.001970078252637499 0.0 0.0 0.0 0.0 0.0 0.21004716995086198 0.6296852743722932 0.15829747626265178 0.0 0.0 0.0 0.0 0.0 0.0 0.0 0.0 0.0
0.0
0.0 0.0014243785934957645 0.0 0.0 0.0 0.0 0.0 0.19748228428428455 0.6212350855771761 0.17985825036164133 0.0 0.0 0.0 0.0 0.0 0.0 0.0 0.0 0.0 0.0 0.0
0.0 0.99999991501596 0.0 0.0
0.0 0.001042250030978204 0.0 0.0 0.0 0.0 0.0003671305049429112 0.20208057006084224 0.7126036357435331 0.08390641252247777 0.0 0.0 0.0 0.0 0.0 0.0 0.0 0.0 0.0 0.0 0.0 0.0 0.0 0.0 0.0 0.0 0.0 0.0
0.0 0.9999992513790636 0.0 0.0
0.0 0.0 0.0 0.0 0.0 0.0 0.0 0.18284988031331306 0.6726522410449735 0.14449787742234016 0.0 0.0 0.0 0.0 0.0 0.0
0.0 0.9999999013025573 0.0 0.0
0.0 0.9999999041291421 0.0 0.0
0.0 0.9999999132857698
0.0 0.9999998261848598 0.0 0.0
0.0 0.0019842741508710477 0.0 0.0 0.0 0.0 0.0 0.18813318158147568 0.6276409150953465 0.18224162795430154 0.0 0.0 0.0 0.0 0.0 0.0 0.0 0.0 0.0 0.0 0.0 0.0 0.0 0.0 0.0 0.0
0.0 0.0
0.0 0.9790124314715863 0.0 0.0 0.0 0.0 0.02098749869700218
0.0 0.0023786763652122655 0.0 0.0 0.0 0.0 0.0002738362889539069 0.21098988596819412 0.6333564459973182 0.1530011541991197 0.0 0.0 0.0 0.0 0.0 0.0 0.0 0.0 0.0 0.0 0.0 0.0 0.0 0.0 0.0 0.0 0.0 0.0 0.0 0.0 0.0
0.0 0.00159494963090312 0.0 0.0 0.0 0.0 0.0 0.20967271429968432 0.6155450823062227 0.1731872525175546 0.0 0.0 0.0 0.0 0.0 0.0 0.0 0.0 0.0 0.0
0.0 0.012028877279222278 0.0 0.0 0.0 0.0 0.0 0.2112630305405209 0.6466966298520065 0.1300114611906749 0.0 0.0 0.0 0.0 0.0 0.0 0.0 0.0 0.0 0.0 0.0 0.0 0.0 0.0 0.0 0.0 0.0 0.0 0.0 0.0 0.0 0.0 0.0 0.0 0.0 0.0 0.0 0.0 0.0 0.0
0.0 0.9999949990850164 0.0 0.0
0.0 0.0006369740260362622 0.0 0.0 0.0 0.0 0.0006860224454068185 0.20821220700615636 0.6593997273124637 0.13106506804477455 0.0 0.0 0.0 0.0 0.0 0.0 0.0 0.0 0.0 0.0 0.0 0.0 0.0 0.0
0.0 0.9999998778827077
0.0 0.007828113794350961 0.0 0.0 0.0 0.0 0.0 0.21603286019994367 0.6098585666843369 0.16628045808747405 0.0 0.0 0.0 0.0 0.0 0.0 0.0 0.0
0.0 0.015211753102739527 0.0 0.0 0.0 0.0 0.0 0.24242064327916962 0.5699437232262055 0.17242387890108118 0.0 0.0 0.0 0.0 0.0 0.0 0.0 0.0 0.0 0.0 0.0 0.0 0.0 0.0 0.0 0.0 0.0 0.0 0.0 0.0 0.0 0.0 0.0 0.0 0.0 0.0 0.0 0.0 0.0 0.0 0.0 0.0 0.0 0.0 0.0 0.0 0.0 0.0 0.0 0.0 0.0 0.0 0.0 0.0 0.0 0.0 0.0 0.0 0.0 0.0 0.0 0.0 0.0
0.0 0.0015900140845886918 0.0 0.0 0.0 0.0 0.0 0.20573750045820366 0.5960394161519724 0.19663306810916592 0.0 0.0 0.0 0.0 0.0 0.0 0.0 0.0 0.0 0.0 0.0 0.0 0.0 0.0 0.0 0.0 0.0 0.0 0.0 0.0 0.0 0.0 0.0 0.0
0.0 0.00214955374845827 0.0 0.0 0.0 0.0 0.0024512512635575297 0.22898851054062994 0.6121977056698051 0.15421297748127044 0.0 0.0 0.0 0.0 0.0 0.0 0.0 0.0 0.0 0.0 0.0 0.0 0.0 0.0 0.0 0.0 0.0 0.0 0.0 0.0 0.0 0.0 0.0 0.0 0.0 0.0 0.0 0.0 0.0 0.0 0.0 0.0
0.0 0.9999988543149689
0.0 0.003547935317716641 0.0 0.0 0.0 0.0 0.0 0.1927374279074116 0.6623635134018209 0.14135112218952195 0.0 0.0 0.0 0.0 0.0 0.0 0.0 0.0 0.0 0.0 0.0 0.0 0.0 0.0 0.0 0.0 0.0 0.0 0.0 0.0 0.0 0.0 0.0 0.0 0.0 0.0 0.0 0.0 0.0 0.0 0.0 0.0 0.0 0.0 0.0 0.0 0.0 0.0 0.0
0.0 0.9999998895300642 0.0 0.0
0.0 0.9999998228776938
0.0 0.9999996730421126
0.0 0.9999998087959331
0.0 0.9999998083147817 0.0 0.0 0.0
0.0 0.9999999016569102 0.0 0.0 0.0
0.0 0.9999998750736255 0.0 0.0 0.0
0.0 0.0 0.0
0.0 0.0018038710339088751 0.0 0.0 0.0 0.0 0.0 0.18410240568597236 0.7051601428918602 0.10893357916389344 0.0 0.0 0.0 0.0 0.0 0.0 0.0 0.0 0.0 0.0 0.0 0.0 0.0 0.0 0.0 0.0 0.0 0.0 0.0 0.0 0.0 0.0 0.0 0.0 0.0 0.0
0.0 0.0 0.0 0.0 0.0 0.0 0.0 0.20878228718030023 0.6343350306001344 0.15688268102428837 0.0 0.0 0.0 0.0 0.0 0.0 0.0 0.0 0.0 0.0 0.0 0.0 0.0 0.0 0.0 0.0 0.0 0.0 0.0 0.0
0.0 0.0 0.0 0.0 0.0 0.0 0.0 0.22198232917131627 0.6402548461415932 0.13776282344209248 0.0 0.0 0.0 0.0 0.0 0.0 0.0 0.0 0.0 0.0 0.0 0.0 0.0 0.0 0.0 0.0 0.0
0.0 0.0020486712906804577 0.0 0.0 0.0 0.0 0.0 0.17539288535102285 0.5284355753591486 0.2941228670106394 0.0 0.0 0.0 0.0 0.0 0.0 0.0 0.0 0.0 0.0 0.0 0.0 0.0 0.0 0.0 0.0 0.0 0.0 0.0 0.0 0.0 0.0 0.0 0.0 0.0 0.0 0.0 0.0 0.0 0.0
0.0 0.00473241128279996 0.0 0.0 0.0 0.0 0.0007661155862007863 0.208632508879414 0.6094403568023289 0.17642860627249168 0.0 0.0 0.0 0.0 0.0 0.0 0.0 0.0 0.0 0.0 0.0 0.0 0.0 0.0 0.0 0.0 0.0 0.0 0.0 0.0
0.0 0.016893765943408173 0.0 0.0 0.0 0.0 0.0007719490165102331 0.20810594264893187 0.584105568559746 0.19012277265262617 0.0 0.0 0.0 0.0 0.0 0.0 0.0 0.0 0.0 0.0 0.0 0.0 0.0 0.0 0.0 0.0 0.0 0.0 0.0 0.0 0.0 0.0 0.0 0.0 0.0 0.0 0.0 0.0 0.0 0.0 0.0 0.0 0.0 0.0 0.0 0.0 0.0 0.0 0.0 0.0 0.0 0.0 0.0 0.0 0.0 0.0 0.0
0.0 0.9999993559320528 0.0 0.0 0.0 0.0
0.0 0.9999999205437375 0.0 0.0
0.0 0.9999998180677416
0.0 0.003138620255062594 0.0 0.0 0.0 0.0 0.0 0.1916296564014308 0.6240226515736745 0.18120907058313668 0.0 0.0 0.0 0.0 0.0 0.0 0.0 0.0 0.0 0.0 0.0 0.0 0.0 0.0 0.0 0.0 0.0 0.0 0.0 0.0 0.0 0.0 0.0 0.0 0.0 0.0 0.0 0.0 0.0 0.0 0.0 0.0 0.0 0.0 0.0 0.0 0.0 0.0 0.0 0.0 0.0 0.0 0.0 0.0 0.0 0.0 0.0 0.0 0.0 0.0 0.0 0.0 0.0 0.0 0.0 0.0 0.0 0.0 0.0 0.0 0.0 0.0 0.0 0.0 0.0 0.0 0.0 0.0 0.0 0.0 0.0 0.0 0.0 0.0 0.0 0.0 0.0
0.0 0.9999994388155101 0.0 0.0
0.0 0.004930102842740761 0.0 0.0 0.0 0.0 0.00027131698148428075 0.1667121796326778 0.5391584008879903 0.28892799864671515 0.0 0.0 0.0 0.0 0.0 0.0 0.0 0.0 0.0 0.0 0.0 0.0 0.0 0.0 0.0 0.0 0.0 0.0
0.0 0.9999995647716744 0.0
0.0 0.016576872989074818 0.0 0.0 0.0 0.0 0.0 0.17860389620189776 0.6714936666421158 0.13332556301978246 0.0 0.0 0.0 0.0 0.0 0.0 0.0 0.0 0.0 0.0 0.0 0.0 0.0 0.0 0.0 0.0 0.0 0.0 0.0 0.0 0.0 0.0 0.0 0.0 0.0 0.0 0.0 0.0 0.0 0.0
0.0 0.0 0.0 0.0 0.0 0.0 0.0 0.2010814836291286 0.632597334830552 0.16632118036198115 0.0 0.0 0.0 0.0 0.0 0.0 0.0 0.0 0.0 0.0 0.0 0.0
0.0 0.005193717544260857 0.0 0.0 0.0 0.0 0.0 0.17906440742004376 0.6293749416768291 0.1863669321859843 0.0 0.0 0.0 0.0 0.0 0.0
0.0 0.0003861564665552636 0.0 0.0 0.0 0.0 0.0 0.20205965817038513 0.59217705972596 0.20537712444913667 0.0 0.0 0.0 0.0 0.0 0.0 0.0 0.0 0.0 0.0 0.0 0.0 0.0
0.0 0.0029393727579472752 0.0 0.0 0.0 0.0 0.0011493152851035269 0.1913225588505987 0.6652811830400784 0.13930756891417373 0.0 0.0 0.0 0.0 0.0 0.0 0.0 0.0
0.0 0.9999999195490081 0.0 0.0 0.0
0.0 0.0 0.0 0.0
0.0 0.9999987966489311 0.0 0.0
0.0 0.013602500019030368 0.0 0.0 0.0 0.0 0.0 0.19651962619029015 0.6949785288254254 0.0948993437789329 0.0 0.0 0.0 0.0 0.0 0.0 0.0 0.0 0.0 0.0 0.0 0.0 0.0 0.0 0.0 0.0 0.0 0.0 0.0 0.0 0.0 0.0 0.0 0.0 0.0 0.0 0.0 0.0 0.0 0.0 0.0 0.0 0.0 0.0 0.0 0.0 0.0 0.0 0.0 0.0 0.0 0.0 0.0 0.0 0.0 0.0 0.0 0.0 0.0 0.0 0.0 0.0 0.0 0.0 0.0 0.0 0.0 0.0 0.0 0.0 0.0 0.0 0.0 0.0 0.0 0.0 0.0 0.0 0.0 0.0 0.0 0.0
0.0 0.9999998577295713 0.0 0.0
0.0 0.012644083944357237 0.0 0.0 0.0 0.0 0.0 0.2110147582578913 0.5936992921494139 0.18264186446239702 0.0 0.0 0.0 0.0 0.0 0.0 0.0 0.0 0.0 0.0 0.0 0.0 0.0 0.0 0.0 0.0 0.0 0.0 0.0 0.0 0.0 0.0 0.0
0.0 0.0032234739345469226 0.0 0.0 0.0 0.0 0.0 0.21634528089436056 0.624256536309619 0.15617470767096045 0.0 0.0 0.0 0.0 0.0 0.0 0.0 0.0 0.0 0.0 0.0 0.0 0.0 0.0 0.0 0.0 0.0 0.0 0.0 0.0 0.0 0.0 0.0 0.0 0.0 0.0
0.0
0.0 0.0 0.0 0.0 0.0
0.0 0.9999998589540446 0.0 0.0 0.0
0.0 0.9999994946100965 0.0 0.0
0.0 0.0 0.0 0.0 0.0 0.0 0.0 0.20448700659130079 0.6888768824945563 0.10663610972865989 0.0 0.0 0.0 0.0 0.0 0.0 0.0 0.0 0.0 0.0 0.0 0.0 0.0 0.0 0.0 0.0 0.0 0.0 0.0 0.0 0.0 0.0 0.0
0.0 0.0007186424032415775 0.0 0.0 0.0 0.0 0.0 0.2019543163556294 0.63774249419227 0.15958454587032034 0.0 0.0 0.0 0.0 0.0 0.0 0.0 0.0 0.0 0.0 0.0 0.0 0.0 0.0 0.0 0.0 0.0 0.0 0.0 0.0 0.0 0.0 0.0 0.0 0.0 0.0 0.0 0.0 0.0 0.0 0.0 0.0 0.0 0.0 0.0 0.0 0.0 0.0 0.0 0.0
0.0 0.9999996237307773 0.0 0.0
0.0 0.9999995445562915 0.0 0.0 0.0 0.0
0.0 0.9999993801901911 0.0 0.0 0.0
0.0 0.0 0.0 0.0 0.0 0.0 0.0 0.17670068301974667 0.5224070860370396 0.30089222993113063 0.0 0.0 0.0 0.0 0.0 0.0 0.0 0.0 0.0
0.0 0.9999997610443301 0.0 0.0
0.0 0.9999994445656597
0.0 0.9999996367925613 0.0 0.0 0.0
0.0 0.0 0.0 0.0 0.0 0.0 0.0 0.19562014523106513 0.6663815219172894 0.13799833163021877 0.0 0.0 0.0 0.0 0.0 0.0 0.0 0.0 0.0 0.0 0.0 0.0 0.0 0.0 0.0 0.0 0.0 0.0 0.0 0.0 0.0 0.0 0.0 0.0 0.0 0.0
0.0 0.9999999255520841 0.0
0.0 0.0005433140364748518 0.0 0.0 0.0 0.0 0.0 0.208222380626012 0.632618729475979 0.1586155746731088 0.0 0.0 0.0 0.0 0.0 0.0 0.0 0.0 0.0 0.0 0.0 0.0 0.0 0.0 0.0 0.0 0.0 0.0 0.0 0.0 0.0 0.0 0.0 0.0
0.0 0.0 0.0 0.0 0.0 0.0 0.0 0.2077338204058047 0.6191932538156166 0.17307292459091758 0.0 0.0 0.0 0.0 0.0 0.0 0.0 0.0 0.0 0.0 0.0 0.0 0.0 0.0 0.0 0.0 0.0 0.0 0.0 0.0 0.0 0.0 0.0 0.0 0.0 0.0 0.0
0.0 0.0022337701285966988 0.0 0.0 0.0 0.0 0.0 0.16007517700291443 0.5425808217832866 0.29511023011402837 0.0 0.0 0.0 0.0 0.0 0.0 0.0 0.0 0.0 0.0 0.0 0.0 0.0 0.0 0.0 0.0 0.0 0.0 0.0 0.0 0.0 0.0 0.0 0.0 0.0 0.0 0.0 0.0 0.0 0.0 0.0 0.0 0.0 0.0 0.0 0.0 0.0
0.0 0.013937803926842475 0.0 0.0 0.0 0.0 0.0011640360497337258 0.2204054549187528 0.6587953538557829 0.10569735005645574 0.0 0.0 0.0 0.0 0.0 0.0 0.0 0.0 0.0 0.0 0.0 0.0 0.0 0.0 0.0 0.0 0.0 0.0 0.0 0.0 0.0 0.0 0.0 0.0 0.0 0.0 0.0 0.0 0.0 0.0 0.0 0.0 0.0 0.0 0.0 0.0 0.0 0.0 0.0 0.0 0.0 0.0
0.0 0.008816381995943867 0.0 0.0 0.0 0.0 0.004094661243156423 0.2432692294800616 0.643335067302678 0.10048465839905231 0.0 0.0 0.0 0.0 0.0 0.0 0.0 0.0 0.0 0.0 0.0 0.0 0.0 0.0 0.0 0.0 0.0 0.0 0.0 0.0 0.0 0.0 0.0 0.0 0.0 0.0 0.0 0.0 0.0 0.0 0.0 0.0 0.0 0.0 0.0 0.0 0.0 0.0 0.0 0.0 0.0 0.0 0.0 0.0 0.0 0.0 0.0 0.0 0.0
0.0 0.004148414626883602 0.0 0.0 0.0 0.0 0.0 0.2079834584421946 0.6323689319413528 0.15549919381273625 0.0 0.0 0.0 0.0 0.0 0.0 0.0 0.0 0.0 0.0 0.0 0.0 0.0 0.0 0.0 0.0 0.0 0.0 0.0 0.0 0.0 0.0 0.0 0.0 0.0 0.0 0.0 0.0 0.0 0.0 0.0 0.0 0.0 0.0 0.0 0.0 0.0 0.0 0.0 0.0 0.0 0.0 0.0 0.0 0.0 0.0 0.0 0.0 0.0 0.0 0.0 0.0 0.0 0.0 0.0 0.0 0.0
0.0 0.0 0.0 0.0 0.0 0.0 0.0 0.1887763832381093 0.6801436517385839 0.13107996381038986 0.0 0.0 0.0 0.0 0.0 0.0 0.0 0.0 0.0 0.0 0.0 0.0 0.0 0.0 0.0 0.0 0.0 0.0 0.0 0.0 0.0 0.0 0.0 0.0 0.0 0.0 0.0 0.0 0.0 0.0 0.0 0.0 0.0 0.0 0.0 0.0 0.0 0.0 0.0 0.0 0.0 0.0 0.0 0.0 0.0 0.0 0.0 0.0 0.0 0.0
0.0 0.0 0.0 0.0 0.0 0.0 0.0 0.1920637773527268 0.6037260226492899 0.20421019878586694 0.0 0.0 0.0 0.0 0.0 0.0 0.0 0.0 0.0 0.0 0.0 0.0 0.0 0.0 0.0 0.0 0.0 0.0 0.0 0.0 0.0 0.0 0.0 0.0 0.0 0.0 0.0 0.0 0.0 0.0 0.0
0.0 0.014369833712533331 0.0 0.0 0.0 0.0 8.582924192055636e-05 0.18367889605590682 0.687599077209375 0.11426636264379661 0.0 0.0 0.0 0.0 0.0 0.0 0.0 0.0 0.0 0.0 0.0 0.0 0.0 0.0 0.0 0.0 0.0 0.0 0.0 0.0 0.0 0.0 0.0 0.0 0.0 0.0 0.0 0.0 0.0 0.0 0.0 0.0 0.0 0.0
0.0 0.0028506734465158037 0.0 0.0 0.0 0.0 0.0 0.1819499084504492 0.710734727123022 0.1044646898389145 0.0 0.0 0.0 0.0 0.0 0.0 0.0 0.0 0.0 0.0 0.0 0.0 0.0 0.0 0.0 0.0 0.0 0.0
0.0 0.9999990743900793 0.0
0.0 0.0017385146752021475 0.0 0.0 0.0 0.0 0.0 0.21354531070411528 0.5898589934450676 0.19485717995118892 0.0 0.0 0.0 0.0 0.0 0.0 0.0 0.0 0.0 0.0 0.0 0.0 0.0 0.0 0.0 0.0 0.0 0.0 0.0 0.0 0.0 0.0 0.0 0.0
0.0 0.9999999324312168 0.0 0.0 0.0
0.0 0.011439535705863337 0.0 0.0 0.0 0.0 0.0 0.2189239917276278 0.6433589914573009 0.12627747990076071 0.0 0.0 0.0 0.0 0.0 0.0 0.0 0.0 0.0 0.0 0.0 0.0 0.0 0.0 0.0 0.0 0.0 0.0
0.0 0.0016876611653410868 0.0 0.0 0.0 0.0 0.0010564154414686186 0.2747700939820486 0.5644783723806011 0.15800745547539446 0.0 0.0 0.0 0.0 0.0 0.0 0.0 0.0
0.0 0.9999996410375381 0.0
0.0 0.0029898080100787014 0.0 0.0 0.0 0.0 0.0 0.17100906088039475 0.5351889841210399 0.2908121460159769 0.0 0.0 0.0 0.0 0.0 0.0 0.0 0.0 0.0 0.0 0.0 0.0 0.0 0.0 0.0 0.0 0.0 0.0 0.0 0.0 0.0 0.0 0.0 0.0 0.0 0.0 0.0 0.0 0.0 0.0 0.0 0.0 0.0 0.0 0.0 0.0 0.0 0.0 0.0
0.0 0.9999997238424239 0.0 0.0 0.0
0.0 0.002177712348922651 0.0 0.0 0.0 0.0 0.0 0.19441929095890104 0.6224233187064048 0.18097967677992732 0.0 0.0 0.0 0.0 0.0 0.0 0.0 0.0 0.0 0.0 0.0 0.0 0.0 0.0 0.0 0.0
0.0 0.9999997218473561 0.0
0.0 0.9999995117164893 0.0 0.0
0.0 0.00951790485918338 0.0 0.0 0.0 0.0 0.0 0.19051199555692902 0.6478836681364072 0.15208643030424987 0.0 0.0 0.0 0.0 0.0 0.0 0.0 0.0 0.0 0.0 0.0 0.0 0.0 0.0 0.0
0.0 0.9999998913929657 0.0 0.0
0.0 0.001194983914954314 0.0 0.0 0.0 0.0 0.0 0.19576228183365432 0.6652499552574562 0.13779277786638353 0.0 0.0 0.0 0.0 0.0 0.0 0.0 0.0 0.0 0.0 0.0 0.0 0.0 0.0 0.0 0.0 0.0 0.0 0.0 0.0 0.0 0.0 0.0 0.0 0.0 0.0 0.0 0.0 0.0 0.0 0.0 0.0
0.0 0.999999534229244 0.0 0.0 0.0
0.0 0.0 0.0 0.0 0.0 0.0 0.0 0.2018247607458313 0.6278282400007016 0.1703469980026793 0.0 0.0 0.0 0.0 0.0 0.0 0.0 0.0 0.0 0.0 0.0 0.0 0.0 0.0 0.0 0.0 0.0 0.0
0.0 0.0 0.0
0.0 0.0 0.0 0.0
0.0 0.01173179176466443 0.0 0.0 0.0 0.0 0.0 0.25351117561867687 0.5167467230464011 0.21801030813361602 0.0 0.0 0.0 0.0 0.0 0.0 0.0 0.0 0.0 0.0 0.0 0.0 0.0 0.0 0.0 0.0 0.0 0.0 0.0 0.0 0.0 0.0 0.0 0.0 0.0 0.0 0.0 0.0 0.0 0.0 0.0 0.0
0.0 0.9999997853802813
0.0 0.012222280623235876 0.0 0.0 0.0 0.0 0.00029265517396537375 0.21757455509182927 0.6157907603471857 0.15411974760947159 0.0 0.0 0.0 0.0 0.0 0.0 0.0 0.0 0.0 0.0 0.0 0.0 0.0 0.0 0.0 0.0 0.0 0.0 0.0 0.0 0.0 0.0 0.0 0.0 0.0 0.0 0.0 0.0
0.0 0.003825743482662566 0.0 0.0 0.0 0.0 0.0 0.17076634216183217 0.51565744402426 0.3097504692896826 0.0 0.0 0.0 0.0 0.0 0.0 0.0 0.0 0.0 0.0 0.0 0.0 0.0 0.0
0.0 0.999999847485857 0.0
0.0 0.00548777989520819 0.0 0.0 0.0 0.0 0.0 0.20908951021907515 0.6326867954673963 0.15273591325416083 0.0 0.0 0.0 0.0 0.0 0.0 0.0 0.0 0.0 0.0 0.0 0.0 0.0 0.0
0.0 0.9999991213393558 0.0
0.0
0.0 0.0030417848786058596 0.0 0.0 0.0 0.0 0.0 0.18271793477167209 0.5199285661106284 0.2943117132021299 0.0 0.0 0.0 0.0 0.0 0.0 0.0 0.0 0.0 0.0 0.0 0.0 0.0 0.0
0.0 0.0016484209779534125 0.0 0.0 0.0 0.0 0.0 0.22895625730707705 0.6277078183652878 0.14168750207825145 0.0 0.0 0.0 0.0 0.0 0.0 0.0 0.0 0.0 0.0 0.0 0.0 0.0 0.0 0.0 0.0 0.0 0.0 0.0 0.0 0.0 0.0 0.0 0.0 0.0 0.0 0.0 0.0 0.0 0.0 0.0 0.0 0.0 0.0 0.0
0.0 0.0022251232142080665 0.0 0.0 0.0 0.0 0.0 0.2228950238405974 0.5390043169640698 0.2358755344577411 0.0 0.0 0.0 0.0 0.0 0.0 0.0 0.0 0.0 0.0 0.0 0.0 0.0 0.0 0.0 0.0 0.0 0.0 0.0 0.0 0.0 0.0 0.0 0.0 0.0 0.0 0.0 0.0 0.0 0.0 0.0 0.0 0.0 0.0 0.0 0.0 0.0 0.0 0.0 0.0 0.0 0.0 0.0 0.0 0.0 0.0 0.0 0.0 0.0 0.0 0.0 0.0 0.0 0.0 0.0 0.0 0.0 0.0 0.0 0.0 0.0 0.0 0.0 0.0 0.0 0.0 0.0 0.0 0.0 0.0 0.0 0.0
0.0 0.0 0.0
0.0 0.0035601087191424277 0.0 0.0 0.0 0.0 0.0 0.2537081376011311 0.5165131306505086 0.22621862158739428 0.0 0.0 0.0 0.0 0.0 0.0 0.0 0.0 0.0 0.0 0.0 0.0 0.0 0.0 0.0 0.0 0.0 0.0 0.0 0.0 0.0 0.0 0.0 0.0 0.0 0.0 0.0 0.0 0.0 0.0
0.0 0.9999999343584426 0.0
0.0 0.0 0.0 0.0
0.0 0.009217369508199902 0.0 0.0 0.0 0.0 0.0 0.21554698683895535 0.6211416127189211 0.1540940296790409 0.0 0.0 0.0 0.0 0.0 0.0 0.0 0.0 0.0 0.0 0.0 0.0 0.0 0.0 0.0 0.0 0.0 0.0 0.0 0.0 0.0 0.0 0.0
0.0 0.0 0.0 0.0
0.0 0.004674518702685013 0.0 0.0 0.0 0.0 0.0 0.24744137089833715 0.4988218830161184 0.24906222597767733 0.0 0.0 0.0 0.0 0.0 0.0 0.0 0.0 0.0 0.0 0.0 0.0 0.0 0.0 0.0 0.0 0.0 0.0 0.0 0.0
0.0 0.9999994292508675 0.0 0.0
0.0 0.008867084999736704 0.0 0.0 0.0 0.0 4.2916262816974666e-05 0.2541897875947912 0.5491884578127715 0.18771175191235603 0.0 0.0 0.0 0.0 0.0 0.0 0.0 0.0 0.0 0.0 0.0 0.0 0.0 0.0
0.0 0.9999993325577115 0.0
0.0 0.01396678388098734 0.0 0.0 0.0 0.0 0.0 0.2011916218205558 0.599898345050785 0.18494324808719842 0.0 0.0 0.0 0.0 0.0 0.0 0.0 0.0 0.0 0.0 0.0 0.0 0.0 0.0 0.0 0.0 0.0 0.0 0.0 0.0 0.0 0.0 0.0 0.0 0.0 0.0 0.0 0.0 0.0 0.0 0.0 0.0 0.0 0.0 0.0 0.0 0.0 0.0 0.0 0.0 0.0 0.0 0.0 0.0 0.0 0.0 0.0 0.0 0.0 0.0 0.0 0.0 0.0 0.0 0.0 0.0 0.0 0.0 0.0 0.0 0.0 0.0 0.0 0.0 0.0 0.0 0.0 0.0 0.0 0.0 0.0 0.0 0.0 0.0 0.0 0.0 0.0 0.0 0.0 0.0 0.0 0.0 0.0 0.0
0.0 0.0 0.0 0.0 0.0 0.0 0.0 0.2176650114431499 0.6020342763952498 0.1803007109408758 0.0 0.0 0.0 0.0 0.0 0.0 0.0 0.0 0.0 0.0 0.0 0.0
0.0 0.002006121757793693 0.0 0.0 0.0 0.0 0.0 0.21189307319134842 0.6297016100518811 0.15639919382247522 0.0 0.0 0.0 0.0 0.0 0.0 0.0 0.0 0.0 0.0 0.0 0.0 0.0 0.0 0.0 0.0
0.0 0.002771837268924943 0.0 0.0 0.0 0.0 0.0008877188013837522 0.20750621320019602 0.6771042491822088 0.11172998037696405 0.0 0.0 0.0 0.0 0.0 0.0 0.0 0.0 0.0 0.0 0.0 0.0 0.0 0.0 0.0 0.0 0.0 0.0 0.0 0.0 0.0 0.0
0.0 0.007635845148671235 0.0 0.0 0.0 0.0 0.002079065760424573 0.20894429282516663 0.6151473399013264 0.16619345517392292 0.0 0.0 0.0 0.0 0.0 0.0 0.0 0.0 0.0 0.0 0.0 0.0 0.0 0.0
0.0 0.009271342288690716 0.0 0.0 0.0 0.0 0.0 0.1850359114779045 0.7135530971539377 0.0921396479139264 0.0 0.0 0.0 0.0 0.0 0.0 0.0 0.0 0.0 0.0 0.0 0.0 0.0 0.0 0.0 0.0 0.0 0.0 0.0 0.0 0.0 0.0 0.0 0.0 0.0 0.0 0.0 0.0 0.0 0.0 0.0 0.0 0.0 0.0 0.0 0.0 0.0 0.0 0.0 0.0 0.0 0.0 0.0 0.0 0.0 0.0 0.0 0.0 0.0 0.0 0.0 0.0 0.0 0.0 0.0 0.0 0.0 0.0 0.0 0.0 0.0 0.0 0.0 0.0 0.0 0.0 0.0 0.0
0.0 0.9999988173256795 0.0 0.0
0.0 0.0 0.0 0.0 0.0 0.0 0.0 0.20989497478431385 0.6237715980914309 0.1663334259375536 0.0 0.0 0.0 0.0 0.0 0.0 0.0 0.0 0.0 0.0 0.0 0.0 0.0 0.0 0.0 0.0 0.0 0.0 0.0 0.0 0.0 0.0 0.0
0.0 0.017077935575425005 0.0 0.0 0.0 0.0 0.0 0.21332638347354416 0.6074899649206565 0.162105714822178 0.0 0.0 0.0 0.0 0.0 0.0 0.0 0.0 0.0 0.0 0.0 0.0 0.0 0.0 0.0 0.0 0.0 0.0 0.0 0.0 0.0 0.0 0.0 0.0 0.0 0.0 0.0 0.0 0.0 0.0 0.0 0.0 0.0 0.0 0.0 0.0 0.0 0.0 0.0 0.0 0.0 0.0 0.0 0.0 0.0 0.0 0.0 0.0 0.0 0.0 0.0 0.0 0.0 0.0 0.0 0.0 0.0 0.0 0.0 0.0 0.0 0.0 0.0
0.0 0.010691155893890638 0.0 0.0 0.0 0.0 0.0 0.2185725766214515 0.6297386125076894 0.14099765377450577 0.0 0.0 0.0 0.0 0.0 0.0 0.0 0.0 0.0 0.0 0.0 0.0 0.0 0.0 0.0
0.0 0.9999989574239779 0.0 0.0
0.0 0.0 0.0 0.0
0.0 0.9999999273902439
0.0 0.9999999022428269
0.0 0.0011723500866563264 0.0 0.0 0.0 0.0 0.0 0.1952999476867709 0.68776997357366 0.11575772744716901 0.0 0.0 0.0 0.0 0.0 0.0 0.0 0.0 0.0 0.0 0.0 0.0 0.0 0.0 0.0 0.0 0.0 0.0 0.0 0.0 0.0 0.0 0.0 0.0 0.0 0.0 0.0 0.0 0.0 0.0 0.0 0.0 0.0 0.0 0.0 0.0 0.0 0.0 0.0 0.0 0.0 0.0 0.0 0.0 0.0 0.0 0.0 0.0 0.0 0.0 0.0 0.0 0.0 0.0
0.0 0.002616148503909529 0.0 0.0 0.0 0.0 0.0 0.20319446852203815 0.5611013444495733 0.2330880373112328 0.0 0.0 0.0 0.0 0.0 0.0 0.0 0.0 0.0 0.0 0.0 0.0
0.0 0.9999999365291768 0.0 0.0 0.0 0.0
0.0 0.006792986828635889 0.0 0.0 0.0 0.0 0.006611096908554246 0.24915890680191724 0.6862143234089679 0.0512226844777145 0.0 0.0 0.0 0.0 0.0 0.0 0.0 0.0 0.0 0.0 0.0 0.0 0.0 0.0 0.0 0.0 0.0 0.0 0.0 0.0 0.0 0.0 0.0 0.0 0.0 0.0 0.0 0.0 0.0 0.0 0.0 0.0 0.0 0.0
0.0 0.9999989969127095 0.0 0.0 0.0
0.0 0.007579693567011898 0.0 0.0 0.0 0.0 0.0 0.20836201689417194 0.6049451727667862 0.17911311562900523 0.0 0.0 0.0 0.0 0.0 0.0 0.0 0.0 0.0 0.0 0.0 0.0 0.0 0.0 0.0 0.0 0.0 0.0
0.0 0.9999998106261105 0.0
0.0 0.0 0.0
0.0 0.9999999375650371 0.0 0.0
0.0 0.0
0.0 0.9999995690312663 0.0
0.0 0.9999996895627822 0.0
0.0 0.0 0.0 0.0 0.0 0.0 0.0 0.20075318794340563 0.6381731242200759 0.16107368665045302 0.0 0.0 0.0 0.0 0.0 0.0 0.0 0.0 0.0 0.0 0.0 0.0 0.0 0.0 0.0 0.0 0.0 0.0 0.0 0.0 0.0 0.0 0.0 0.0 0.0 0.0 0.0
0.0 0.004317879733606777 0.0 0.0 0.0 0.0 0.0 0.20522835810584777 0.6499977143866806 0.14045604650837662 0.0 0.0 0.0 0.0 0.0 0.0 0.0 0.0 0.0 0.0 0.0 0.0 0.0 0.0 0.0 0.0 0.0 0.0 0.0 0.0
0.0 0.0 0.0 0.0 0.0 0.0 0.0 0.205029907853021 0.654829215520335 0.14014087547973095 0.0 0.0 0.0 0.0 0.0 0.0 0.0 0.0 0.0 0.0 0.0 0.0 0.0 0.0 0.0 0.0 0.0 0.0 0.0 0.0
0.0 0.003990012098094108 0.0 0.0 0.0 0.0 0.0 0.20321646699141407 0.6280111030570366 0.16478241664049387 0.0 0.0 0.0 0.0 0.0 0.0 0.0 0.0 0.0 0.0 0.0 0.0 0.0 0.0 0.0 0.0 0.0 0.0 0.0 0.0 0.0 0.0 0.0 0.0 0.0 0.0 0.0 0.0 0.0 0.0 0.0 0.0 0.0 0.0 0.0 0.0 0.0 0.0 0.0 0.0 0.0 0.0 0.0 0.0 0.0 0.0 0.0 0.0 0.0 0.0 0.0 0.0 0.0 0.0 0.0 0.0 0.0 0.0 0.0 0.0 0.0 0.0 0.0 0.0 0.0 0.0 0.0 0.0 0.0 0.0 0.0 0.0 0.0 0.0 0.0 0.0 0.0 0.0 0.0 0.0 0.0 0.0 0.0 0.0 0.0 0.0
0.0 0.0092588260972522 0.0 0.0 0.0 0.0 0.0 0.18030062293416763 0.6949883022554301 0.11545224754446716 0.0 0.0 0.0 0.0 0.0 0.0 0.0 0.0 0.0 0.0 0.0 0.0 0.0 0.0 0.0 0.0 0.0 0.0 0.0 0.0 0.0 0.0 0.0 0.0 0.0 0.0 0.0 0.0 0.0 0.0 0.0 0.0 0.0 0.0 0.0 0.0 0.0 0.0 0.0 0.0 0.0 0.0 0.0 0.0 0.0 0.0 0.0 0.0 0.0 0.0 0.0
0.0 0.010931320212523826 0.0 0.0 0.0 0.0 0.0 0.19746925945410573 0.6596605240068798 0.131938895187253 0.0 0.0 0.0 0.0 0.0 0.0 0.0 0.0 0.0 0.0 0.0 0.0 0.0 0.0 0.0 0.0 0.0 0.0 0.0 0.0 0.0 0.0 0.0 0.0 0.0
0.0 0.004991657667898075 0.0 0.0 0.0 0.0 0.0024541523098270237 0.2022211739835566 0.6887743201320652 0.10155869478470993 0.0 0.0 0.0 0.0 0.0 0.0 0.0 0.0 0.0 0.0 0.0 0.0 0.0 0.0 0.0 0.0 0.0 0.0 0.0 0.0 0.0 0.0 0.0 0.0 0.0 0.0 0.0 0.0 0.0 0.0 0.0
0.0 0.004845890891144442 0.0 0.0 0.0 0.0 0.0 0.26588790078810803 0.5503826789312888 0.17888352791025997 0.0 0.0 0.0 0.0 0.0 0.0 0.0 0.0 0.0 0.0 0.0 0.0 0.0 0.0 0.0 0.0 0.0 0.0 0.0 0.0
0.0 0.004263683593769353 0.0 0.0 0.0 0.0 0.0 0.24657383714185366 0.5414012302449464 0.20776124747104643 0.0 0.0 0.0 0.0 0.0 0.0 0.0 0.0 0.0 0.0 0.0 0.0 0.0 0.0 0.0 0.0 0.0 0.0 0.0 0.0 0.0 0.0
0.0 0.9999998106261105
0.0 0.999999390320239 0.0
0.0 0.999999922988922 0.0 0.0
0.0 0.9999953808232918 0.0 0.0
0.0 0.0 0.0 0.0 0.0
0.0 0.0
0.0 0.013082008685733277 0.0 0.0 0.0 0.0 0.0 0.19455379509093562 0.6730381541290744 0.11932604090146198 0.0 0.0 0.0 0.0 0.0 0.0 0.0 0.0 0.0 0.0 0.0 0.0 0.0 0.0 0.0 0.0 0.0 0.0 0.0 0.0 0.0 0.0 0.0 0.0 0.0 0.0 0.0 0.0
0.0 0.0016813012564984384 0.0 0.0 0.0 0.0 0.0 0.20587201564198743 0.6024400745077005 0.1900066074117172 0.0 0.0 0.0 0.0 0.0 0.0 0.0 0.0
0.0 0.0014675911445869954 0.0 0.0 0.0 0.0 0.0 0.20512718065021457 0.637448617252582 0.15595660969939645 0.0 0.0 0.0 0.0 0.0 0.0 0.0 0.0 0.0 0.0 0.0 0.0 0.0 0.0 0.0 0.0 0.0 0.0 0.0 0.0 0.0 0.0 0.0 0.0 0.0 0.0 0.0 0.0 0.0 0.0 0.0 0.0 0.0 0.0 0.0 0.0
0.0 0.0 0.0 0.0 0.0 0.0 0.0 0.2171013815144288 0.6253672360967965 0.15753138115495147 0.0 0.0 0.0 0.0 0.0 0.0 0.0 0.0 0.0 0.0 0.0 0.0 0.0 0.0
0.0 0.0018121477254887611 0.0 0.0 0.0 0.0 0.0 0.2093394454399729 0.6124348567289629 0.17641354885449925 0.0 0.0 0.0 0.0 0.0 0.0 0.0 0.0 0.0 0.0 0.0 0.0 0.0 0.0 0.0 0.0
0.0 0.0019493033693508497 0.0 0.0 0.0 0.0 0.0 0.18491298843808152 0.5222264364188728 0.2909112707517404 0.0 0.0 0.0 0.0 0.0 0.0 0.0 0.0 0.0 0.0 0.0 0.0 0.0 0.0 0.0 0.0 0.0 0.0 0.0 0.0 0.0
0.0 0.015080180055191808 0.0 0.0 0.0 0.0 0.002352985828968824 0.18835563348635215 0.4876782903918323 0.30653290919520293 0.0 0.0 0.0 0.0 0.0 0.0 0.0 0.0 0.0 0.0 0.0 0.0 0.0 0.0 0.0 0.0 0.0 0.0 0.0 0.0 0.0 0.0 0.0 0.0 0.0 0.0 0.0 0.0 0.0 0.0 0.0 0.0 0.0 0.0
0.0 0.999999154526723 0.0
0.0 0.9999999228214426 0.0 0.0 0.0
0.0 0.9999998899743432 0.0 0.0 0.0
0.0 0.004717650248519002 0.0 0.0 0.0 0.0 0.0 0.20638109242463612 0.5989909912397606 0.1899102648316483 0.0 0.0 0.0 0.0 0.0 0.0 0.0 0.0 0.0 0.0 0.0 0.0 0.0 0.0 0.0 0.0 0.0 0.0 0.0 0.0 0.0 0.0 0.0 0.0
0.0 0.0011446072476857649 0.0 0.0 0.0 0.0 0.0 0.17466590739195856 0.5184970169391603 0.305692467423727 0.0 0.0 0.0 0.0 0.0 0.0 0.0 0.0 0.0 0.0 0.0 0.0 0.0 0.0 0.0 0.0 0.0 0.0 0.0 0.0 0.0
0.0 0.9999959247238905 0.0 0.0
0.0 0.999999379077646 0.0 0.0 0.0
0.0 0.0036192585666094436 0.0 0.0 0.0 0.0 0.0 0.21710369241332184 0.6255780989694288 0.15369894888166935 0.0 0.0 0.0 0.0 0.0 0.0 0.0 0.0 0.0 0.0 0.0 0.0 0.0 0.0 0.0 0.0 0.0 0.0 0.0 0.0 0.0 0.0 0.0
0.0 0.9999999087209214
0.0 0.9999998802560399 0.0 0.0 0.0
0.0 0.0 0.0 0.0 0.0 0.0 0.0 0.2656231872756571 0.5305005592791967 0.2038762519122902 0.0 0.0 0.0 0.0 0.0 0.0 0.0 0.0 0.0 0.0 0.0 0.0 0.0 0.0 0.0 0.0 0.0 0.0
0.0 0.005704635209713221 0.0 0.0 0.0 0.0 0.0 0.1940973097426458 0.5928628629364582 0.20733519094087083 0.0 0.0 0.0 0.0 0.0 0.0 0.0 0.0 0.0 0.0 0.0 0.0 0.0 0.0 0.0 0.0 0.0 0.0 0.0 0.0 0.0 0.0 0.0 0.0 0.0 0.0 0.0 0.0 0.0 0.0 0.0 0.0 0.0 0.0 0.0 0.0 0.0 0.0 0.0 0.0 0.0 0.0 0.0 0.0
0.0 0.9999996777474955 0.0 0.0
0.0 0.9999998221218329 0.0 0.0
0.0 0.9999955657818244 0.0 0.0
0.0 0.0 0.0 0.0 0.0 0.0 0.0 0.17401243412403053 0.7063627288576515 0.11962483586065405 0.0 0.0 0.0 0.0 0.0 0.0 0.0 0.0 0.0 0.0 0.0 0.0 0.0
0.0 0.9999983158076111 0.0 0.0 0.0
0.0 0.9999999070606153 0.0 0.0
0.0 0.9999995423261347 0.0 0.0 0.0 0.0 0.0
0.0 0.9999999198213141 0.0 0.0 0.0
0.0 0.007639311377747904 0.0 0.0 0.0 0.0 0.0 0.17897649318969197 0.7335786081357435 0.07980558614389205 0.0 0.0 0.0 0.0 0.0 0.0 0.0 0.0 0.0 0.0 0.0 0.0 0.0 0.0 0.0 0.0 0.0 0.0 0.0 0.0 0.0 0.0 0.0 0.0 0.0 0.0 0.0 0.0 0.0 0.0 0.0 0.0 0.0 0.0 0.0 0.0 0.0 0.0 0.0 0.0 0.0 0.0 0.0 0.0 0.0 0.0 0.0 0.0 0.0 0.0 0.0
0.0 0.01038265724455093 0.0 0.0 0.0 0.0 0.0 0.18892089770572212 0.6794395790276692 0.12125686483129652 0.0 0.0 0.0 0.0 0.0 0.0 0.0 0.0 0.0 0.0 0.0 0.0 0.0 0.0 0.0 0.0 0.0 0.0 0.0
0.0 0.9999999010185451 0.0 0.0 0.0
0.0 0.0 0.0 0.0 0.0 0.0 0.0 0.22845879082493392 0.5672790483516235 0.20426215936305456 0.0 0.0 0.0 0.0 0.0 0.0 0.0 0.0 0.0 0.0 0.0 0.0 0.0 0.0 0.0 0.0 0.0 0.0 0.0 0.0 0.0 0.0 0.0 0.0 0.0 0.0 0.0 0.0 0.0 0.0 0.0 0.0 0.0 0.0 0.0 0.0 0.0 0.0 0.0 0.0 0.0 0.0 0.0 0.0 0.0 0.0 0.0 0.0
0.0 0.012539742654447565 0.0 0.0 0.0 0.0 0.0 0.21869356611678092 0.5867311037895425 0.1820355862276867 0.0 0.0 0.0 0.0 0.0 0.0 0.0 0.0 0.0 0.0 0.0 0.0 0.0 0.0 0.0 0.0 0.0 0.0 0.0 0.0 0.0
0.0 0.0054397894172664935 0.0 0.0 0.0 0.0 0.0 0.18219997798279106 0.6269825609523662 0.18537767049340026 0.0 0.0 0.0 0.0 0.0 0.0 0.0 0.0 0.0 0.0 0.0 0.0 0.0 0.0 0.0 0.0 0.0 0.0 0.0 0.0 0.0 0.0 0.0 0.0 0.0 0.0 0.0 0.0 0.0 0.0 0.0 0.0 0.0 0.0 0.0 0.0 0.0 0.0 0.0 0.0 0.0 0.0 0.0 0.0 0.0 0.0 0.0 0.0 0.0 0.0 0.0 0.0 0.0 0.0
0.0 0.999999614563458 0.0
0.0 0.0 0.0 0.0 0.0 0.0 0.0 0.21501481619869672 0.685092510482173 0.09989267215555585 0.0 0.0 0.0 0.0 0.0 0.0 0.0 0.0 0.0 0.0
0.0 0.0 0.0 0.0 0.0
0.0 0.0 0.0 0.0 0.0 0.0 0.0 0.18731153972693992 0.6502464049649215 0.16244205413006654 0.0 0.0 0.0 0.0 0.0 0.0 0.0 0.0
0.0 0.001984906333551953 0.0 0.0 0.0 0.0 0.0 0.21341969888692175 0.6342392272667817 0.15035616630704476 0.0 0.0 0.0 0.0 0.0 0.0 0.0 0.0 0.0 0.0 0.0 0.0 0.0 0.0 0.0 0.0 0.0 0.0 0.0 0.0 0.0 0.0 0.0 0.0 0.0 0.0 0.0 0.0 0.0 0.0 0.0 0.0 0.0 0.0
0.0 0.9999994778102121 0.0 0.0
0.0 0.012496494657516614 0.0 0.0 0.0 0.0 0.0 0.21067299900710285 0.5992358169758164 0.17759468821445026 0.0 0.0 0.0 0.0 0.0 0.0 0.0 0.0 0.0 0.0 0.0 0.0 0.0 0.0 0.0 0.0 0.0 0.0 0.0 0.0
0.0 0.0 0.0 0.0 0.0 0.0 0.0 0.19388782165915502 0.6762236769072313 0.12988850027552112 0.0 0.0 0.0 0.0 0.0 0.0 0.0 0.0 0.0 0.0 0.0 0.0 0.0 0.0 0.0 0.0 0.0 0.0
0.0 0.012311109372428148 0.0 0.0 0.0 0.0 0.0 0.223675888590975 0.5970140824291247 0.16699891838116646 0.0 0.0 0.0 0.0 0.0 0.0 0.0 0.0 0.0 0.0 0.0 0.0 0.0 0.0 0.0 0.0 0.0 0.0 0.0 0.0 0.0 0.0 0.0 0.0 0.0
0.0 0.99999989355408
0.0 0.9999998208181283
0.0 0.0008943094010140856 0.0 0.0 0.0 0.0 0.0 0.20388311696409475 0.6390215427421521 0.15620102970971902 0.0 0.0 0.0 0.0 0.0 0.0 0.0 0.0 0.0 0.0 0.0 0.0 0.0 0.0 0.0 0.0 0.0 0.0 0.0 0.0 0.0 0.0
0.0 0.999998736401301 0.0 0.0
0.0 0.9999997012275705 0.0
0.0 0.9999996953146912 0.0
0.0 0.0 0.0 0.0 0.0 0.0 0.0004829344716344208 0.19908575579770363 0.6745357411449081 0.12589556741841276 0.0 0.0 0.0 0.0 0.0 0.0 0.0 0.0 0.0 0.0 0.0 0.0 0.0 0.0 0.0
0.0 0.007189133841136571 0.0 0.0 0.0 0.0 0.0 0.21305562726592628 0.5904528195978639 0.1893024181071338 0.0 0.0 0.0 0.0 0.0 0.0 0.0 0.0 0.0 0.0 0.0 0.0 0.0 0.0 0.0 0.0 0.0 0.0 0.0 0.0 0.0 0.0 0.0 0.0 0.0
0.0 0.007400465494810473 0.0 0.0 0.0 0.0 0.0 0.2077700618481563 0.5798175286899292 0.2050119427646234 0.0 0.0 0.0 0.0 0.0 0.0 0.0 0.0 0.0 0.0 0.0 0.0 0.0 0.0 0.0 0.0 0.0 0.0 0.0 0.0 0.0 0.0 0.0 0.0 0.0 0.0 0.0 0.0 0.0 0.0 0.0 0.0 0.0 0.0 0.0
0.0 0.9999998805155033
0.0 0.00493169520451543 0.0 0.0 0.0 0.0 0.0 0.21649125754749254 0.5965436325153789 0.1820334134773453 0.0 0.0 0.0 0.0 0.0 0.0 0.0 0.0 0.0 0.0 0.0 0.0 0.0 0.0 0.0 0.0 0.0 0.0 0.0 0.0 0.0 0.0 0.0 0.0 0.0 0.0 0.0 0.0 0.0 0.0 0.0 0.0
0.0 0.9999982454426999 0.0 0.0
0.0 0.0046528514648396515 0.0 0.0 0.0 0.0 0.0010358269372375553 0.2549698077995117 0.5078364891063796 0.2315050232596194 0.0 0.0 0.0 0.0 0.0 0.0 0.0 0.0 0.0 0.0 0.0 0.0 0.0 0.0 0.0 0.0 0.0 0.0 0.0 0.0 0.0 0.0 0.0 0.0 0.0 0.0
0.0 0.9999995780360151 0.0
0.0 0.012484526657651146 0.0 0.0 0.0 0.0 0.0 0.2054695811558384 0.6029390647633125 0.1791068262602039 0.0 0.0 0.0 0.0 0.0 0.0 0.0 0.0 0.0 0.0 0.0 0.0 0.0 0.0 0.0 0.0 0.0 0.0 0.0 0.0
0.0 0.0006481431634246432 0.0 0.0 0.0 0.0 0.0 0.2185522488623053 0.6450661098921594 0.13573349692014502 0.0 0.0 0.0 0.0 0.0 0.0 0.0 0.0 0.0 0.0 0.0 0.0 0.0 0.0 0.0 0.0 0.0 0.0 0.0 0.0 0.0 0.0 0.0 0.0 0.0 0.0 0.0 0.0 0.0 0.0 0.0 0.0 0.0 0.0 0.0 0.0
0.0 0.9999993811161734 0.0
0.0 0.9999984037022407 0.0
0.0 0.01067806878691189 0.0 0.0 0.0 0.0 0.0 0.19552964400200398 0.6496382560600261 0.14415402994227575 0.0 0.0 0.0 0.0 0.0 0.0 0.0 0.0 0.0 0.0 0.0 0.0 0.0 0.0 0.0 0.0 0.0 0.0 0.0 0.0 0.0 0.0 0.0 0.0 0.0 0.0 0.0 0.0 0.0 0.0 0.0 0.0 0.0
0.0 0.9999996656281834 0.0 0.0
0.0 0.006740650912766172 0.0 0.0 0.0 0.0 0.0 0.2567302870677453 0.5322886143837342 0.20424044621222717 0.0 0.0 0.0 0.0 0.0 0.0 0.0 0.0 0.0 0.0 0.0 0.0 0.0 0.0 0.0 0.0 0.0 0.0 0.0 0.0 0.0 0.0 0.0 0.0 0.0 0.0 0.0 0.0 0.0 0.0 0.0 0.0 0.0 0.0 0.0 0.0 0.0 0.0
0.0 0.0009809317192304543 0.0 0.0 0.0 0.0 0.0 0.2148709102874833 0.4410615212949516 0.34308663549578244 0.0 0.0 0.0 0.0 0.0 0.0 0.0 0.0 0.0 0.0
0.0 0.011549023680413741 0.0 0.0 0.0 0.0 0.0 0.2094185841332453 0.5980727799878168 0.18095961104133634 0.0 0.0 0.0 0.0 0.0 0.0 0.0 0.0 0.0
0.0 0.9999996445059157 0.0
0.0 0.014276194985119476 0.0 0.0 0.0 0.0 0.0 0.20322229644432038 0.639382381113612 0.1431191263191366 0.0 0.0 0.0 0.0 0.0 0.0 0.0 0.0 0.0 0.0 0.0 0.0
0.0 0.014274689616718898 0.0 0.0 0.0 0.0 0.0 0.25206730480953526 0.5364424388150186 0.19721556532139445 0.0 0.0 0.0 0.0 0.0 0.0 0.0 0.0 0.0 0.0 0.0 0.0 0.0 0.0 0.0 0.0 0.0 0.0 0.0 0.0 0.0 0.0 0.0 0.0 0.0 0.0 0.0 0.0 0.0 0.0 0.0 0.0 0.0 0.0 0.0 0.0 0.0 0.0 0.0 0.0 0.0 0.0 0.0 0.0 0.0 0.0 0.0 0.0 0.0 0.0 0.0 0.0 0.0 0.0 0.0 0.0 0.0 0.0 0.0 0.0 0.0 0.0 0.0 0.0
0.0 0.9999999087864279 0.0 0.0 0.0
0.0 0.0006321097853608661 0.0 0.0 0.0 0.0 0.0 0.14533336709449932 0.5588880146068561 0.29514650755131505 0.0 0.0 0.0 0.0 0.0 0.0 0.0 0.0 0.0 0.0 0.0 0.0 0.0 0.0 0.0 0.0 0.0 0.0 0.0 0.0 0.0
0.0 0.015469835237162591 0.0 0.0 0.0 0.0 0.0 0.2279593151135304 0.5720942822674443 0.1844765659577849 0.0 0.0 0.0 0.0 0.0 0.0 0.0 0.0 0.0 0.0 0.0 0.0 0.0 0.0
0.0 0.0 0.0 0.0 0.0 0.0 0.0014991616463818662 0.2827390442114872 0.5962985259523329 0.11946326661535923 0.0 0.0 0.0 0.0 0.0 0.0 0.0 0.0 0.0 0.0 0.0 0.0 0.0 0.0 0.0 0.0 0.0 0.0 0.0 0.0 0.0 0.0 0.0 0.0 0.0 0.0
0.0 0.9999941278437271 0.0 0.0
0.0 0.9999998963350839 0.0 0.0 0.0
0.0 0.060059326990761254 0.0 0.0 0.0 0.0 0.0 0.9399406674467358
0.0 0.0
0.0 0.9999999083652035 0.0 0.0 0.0
0.0 0.999999682660371 0.0 0.0 0.0
0.0 0.004191990210595635 0.0 0.0 0.0 0.0 0.0 0.2107985675962236 0.6271149778887265 0.15789446307945176 0.0 0.0 0.0 0.0 0.0 0.0 0.0 0.0 0.0 0.0 0.0 0.0 0.0 0.0 0.0 0.0 0.0 0.0 0.0 0.0 0.0 0.0 0.0 0.0 0.0 0.0 0.0 0.0 0.0 0.0 0.0 0.0 0.0 0.0 0.0 0.0
0.0 0.0 0.0 0.0
0.0 0.0003456743550371754 0.0 0.0 0.0 0.0 0.002593736978529472 0.17958949003986222 0.7281471284562063 0.08932396902128983 0.0 0.0 0.0 0.0 0.0 0.0 0.0 0.0 0.0 0.0 0.0 0.0 0.0 0.0 0.0 0.0 0.0 0.0 0.0 0.0 0.0 0.0 0.0 0.0 0.0 0.0 0.0 0.0 0.0 0.0 0.0 0.0 0.0 0.0 0.0 0.0 0.0 0.0 0.0 0.0 0.0 0.0
0.0 0.9999995681493516 0.0 0.0 0.0
0.0 0.9999991477732714 0.0 0.0 0.0
0.0 0.0 0.0
0.0 0.9999999305796693 0.0

0.0 0.019186320750143766 0.0 0.0 0.0 0.0 0.0 0.19787434393065448 0.6199930815660161 0.16294625251010011 0.0 0.0 0.0 0.0 0.0 0.0 0.0 0.0 0.0 0.0 0.0 0.0 0.0 0.0 0.0
0.0 0.01666746708656517 0.0 0.0 0.0 0.0 0.00036237006819322455 0.21969530543679927 0.5850203692287582 0.17825448702262295 0.0 0.0 0.0 0.0 0.0 0.0 0.0 0.0 0.0 0.0 0.0 0.0 0.0 0.0 0.0 0.0 0.0 0.0 0.0 0.0 0.0 0.0 0.0 0.0 0.0 0.0 0.0 0.0 0.0 0.0 0.0 0.0 0.0 0.0 0.0 0.0 0.0 0.0
0.0 0.006713187964696445 0.0 0.0 0.0 0.0 0.0 0.21002940311866639 0.5878493417312944 0.19540806601005994 0.0 0.0 0.0 0.0 0.0 0.0 0.0 0.0 0.0 0.0 0.0 0.0 0.0 0.0 0.0 0.0 0.0 0.0 0.0 0.0 0.0 0.0 0.0 0.0 0.0 0.0 0.0 0.0 0.0 0.0 0.0
0.0 0.008617982821984813 0.0 0.0 0.0 0.0 0.0 0.21094077472356143 0.5772300776764752 0.2032111636299903 0.0 0.0 0.0 0.0 0.0 0.0 0.0 0.0 0.0 0.0 0.0 0.0
0.0 0.00709890724723688 0.0 0.0 0.0 0.0 0.0 0.1842781590035715 0.6186160719817368 0.19000686061545458 0.0 0.0 0.0 0.0 0.0 0.0 0.0 0.0 0.0 0.0 0.0
0.0 0.0013462890850157955 0.0 0.0 0.0 0.0 0.0 0.2066552287331713 0.5916003840995818 0.20039809691380167 0.0 0.0 0.0 0.0 0.0 0.0 0.0 0.0 0.0 0.0 0.0 0.0 0.0 0.0 0.0 0.0 0.0 0.0 0.0 0.0 0.0 0.0 0.0 0.0 0.0
0.0 0.0 0.0 0.0 0.0 0.0 0.0 0.17457154291146912 0.5284904737622623 0.2969379823317745 0.0 0.0 0.0 0.0 0.0 0.0 0.0 0.0 0.0 0.0 0.0 0.0 0.0 0.0 0.0 0.0 0.0 0.0 0.0 0.0 0.0 0.0 0.0 0.0 0.0 0.0 0.0 0.0 0.0 0.0 0.0
0.0 0.999999569050639 0.0 0.0
0.0 0.06413281397295487 0.0 0.0 0.0 0.0 0.0 0.9358671806925728
0.0 0.017375171216461247 0.0 0.0 0.0 0.0 0.0010696798545849365 0.21669464928396512 0.5966842083264602 0.16817629011972923 0.0 0.0 0.0 0.0 0.0 0.0 0.0 0.0 0.0 0.0 0.0 0.0 0.0 0.0 0.0 0.0 0.0 0.0
0.0 0.019231234276176096 0.0 0.0 0.0 0.0 0.0006434121183047704 0.20685009478909452 0.5600888903352684 0.21318636732150736 0.0 0.0 0.0 0.0 0.0 0.0 0.0 0.0 0.0 0.0 0.0 0.0 0.0 0.0 0.0 0.0 0.0 0.0 0.0 0.0 0.0 0.0 0.0 0.0 0.0 0.0 0.0 0.0 0.0 0.0 0.0 0.0 0.0 0.0 0.0
0.0 0.007611647126486939 0.0 0.0 0.0 0.0 0.0 0.19104631240332431 0.6803498922345935 0.12099214702347065 0.0 0.0 0.0 0.0 0.0 0.0 0.0 0.0 0.0 0.0 0.0 0.0 0.0 0.0 0.0 0.0 0.0 0.0 0.0 0.0 0.0 0.0 0.0 0.0 0.0 0.0
0.0 0.9999995635829305 0.0
0.0 0.9999996417752478
0.0 0.005721696920314175 0.0 0.0 0.0 0.0 0.0 0.19562113453212135 0.5942881698178966 0.2043689975263351 0.0 0.0 0.0 0.0 0.0 0.0 0.0 0.0 0.0 0.0 0.0 0.0 0.0 0.0 0.0 0.0 0.0 0.0 0.0 0.0 0.0 0.0 0.0 0.0 0.0 0.0 0.0
0.0 0.9999999090439416 0.0 0.0
0.0 0.003732315963744367 0.0 0.0 0.0 0.0 0.0 0.19538466814881075 0.6396622018207367 0.16122081292090076 0.0 0.0 0.0 0.0 0.0 0.0 0.0 0.0 0.0 0.0 0.0 0.0 0.0 0.0 0.0 0.0 0.0 0.0 0.0 0.0 0.0 0.0 0.0 0.0 0.0 0.0 0.0 0.0 0.0 0.0 0.0 0.0 0.0 0.0 0.0 0.0 0.0 0.0 0.0 0.0 0.0 0.0 0.0 0.0 0.0 0.0 0.0 0.0 0.0 0.0 0.0 0.0 0.0 0.0 0.0 0.0 0.0 0.0 0.0 0.0 0.0 0.0 0.0 0.0 0.0 0.0 0.0 0.0 0.0 0.0 0.0 0.0 0.0 0.0 0.0 0.0 0.0 0.0 0.0 0.0 0.0 0.0 0.0 0.0
0.0 0.9999999237653374
0.0 0.999998543306734 0.0 0.0
0.0 0.9999996542888636 0.0 0.0 0.0 0.0
0.0 0.9999999034169029
0.0 0.999999185505981 0.0 0.0 0.0 0.0
0.0 0.9999999137522759 0.0 0.0 0.0
0.0 0.004567645297782899 0.0 0.0 0.0 0.0 0.0 0.21863982613327457 0.5909231829893821 0.18586934434561064 0.0 0.0 0.0 0.0 0.0 0.0 0.0 0.0 0.0 0.0 0.0 0.0 0.0 0.0 0.0
0.0 0.9999958483328713 0.0
0.0 0.9999971195832005 0.0 0.0
0.0 0.001371249219901028 0.0 0.0 0.0 0.0 0.0 0.20462259533534843 0.41596409505026105 0.3780420592235387 0.0 0.0 0.0 0.0 0.0 0.0 0.0 0.0 0.0 0.0 0.0 0.0 0.0 0.0 0.0 0.0 0.0 0.0 0.0 0.0 0.0 0.0 0.0 0.0 0.0 0.0 0.0 0.0 0.0 0.0 0.0 0.0 0.0 0.0 0.0 0.0 0.0
0.0 0.004440387812516923 0.0 0.0 0.0 0.0 0.0 0.2571605491420682 0.5027143906472875 0.23568467091338635 0.0 0.0 0.0 0.0 0.0 0.0 0.0 0.0 0.0 0.0 0.0 0.0 0.0 0.0 0.0 0.0 0.0 0.0 0.0 0.0 0.0 0.0 0.0 0.0 0.0 0.0
0.0 0.002305571322483617 0.0 0.0 0.0 0.0 0.0 0.2356177700380338 0.6044033756581667 0.1576732814204192 0.0 0.0 0.0 0.0 0.0 0.0 0.0 0.0 0.0 0.0 0.0 0.0 0.0 0.0 0.0 0.0 0.0 0.0 0.0 0.0 0.0 0.0 0.0 0.0
0.0 0.0
0.0 0.013728366065158126 0.0 0.0 0.0 0.0 0.0 0.19924358255692234 0.6269743474540552 0.16005370274891578 0.0 0.0 0.0 0.0 0.0 0.0 0.0 0.0 0.0 0.0 0.0 0.0 0.0 0.0 0.0 0.0 0.0 0.0 0.0 0.0 0.0 0.0 0.0 0.0 0.0 0.0 0.0 0.0 0.0 0.0 0.0 0.0 0.0 0.0 0.0 0.0 0.0 0.0 0.0 0.0 0.0 0.0 0.0 0.0 0.0
0.0 0.009103381559276163 0.0 0.0 0.0 0.0 0.0 0.16626934998379184 0.5464160353737753 0.27821123209485393 0.0 0.0 0.0 0.0 0.0 0.0 0.0 0.0 0.0 0.0 0.0 0.0 0.0 0.0 0.0 0.0 0.0 0.0 0.0 0.0 0.0 0.0 0.0 0.0 0.0 0.0 0.0 0.0 0.0 0.0 0.0 0.0 0.0 0.0 0.0 0.0 0.0 0.0 0.0 0.0 0.0 0.0 0.0 0.0 0.0 0.0 0.0 0.0 0.0 0.0 0.0 0.0 0.0 0.0 0.0 0.0 0.0 0.0 0.0
0.0 0.9999991460707334 0.0 0.0
0.0 0.01384645712409982 0.0 0.0 0.0 0.0 0.0 0.20827308071379438 0.4336016881761085 0.3442787728633214 0.0 0.0 0.0 0.0 0.0 0.0 0.0 0.0 0.0 0.0 0.0 0.0 0.0 0.0 0.0 0.0 0.0 0.0 0.0 0.0 0.0 0.0 0.0 0.0 0.0 0.0 0.0 0.0 0.0 0.0 0.0 0.0 0.0 0.0 0.0 0.0 0.0 0.0 0.0 0.0 0.0 0.0 0.0 0.0 0.0 0.0 0.0 0.0 0.0 0.0 0.0 0.0 0.0 0.0 0.0 0.0 0.0 0.0 0.0 0.0 0.0 0.0 0.0 0.0 0.0 0.0 0.0 0.0 0.0 0.0 0.0 0.0 0.0 0.0 0.0 0.0 0.0 0.0 0.0 0.0 0.0 0.0 0.0 0.0 0.0 0.0 0.0 0.0 0.0 0.0
0.0 0.0039014594985686793 0.0 0.0 0.0 0.0 0.0 0.21092322962628046 0.573168916922524 0.21200639273324404 0.0 0.0 0.0 0.0 0.0 0.0 0.0 0.0 0.0 0.0 0.0 0.0 0.0 0.0 0.0 0.0 0.0 0.0 0.0 0.0 0.0 0.0 0.0 0.0 0.0 0.0 0.0 0.0 0.0 0.0 0.0 0.0 0.0 0.0 0.0
0.0 0.0033705887152089328 0.0 0.0 0.0 0.0 0.0 0.22110504050847815 0.647970714996424 0.12755365451668246 0.0 0.0 0.0 0.0 0.0 0.0 0.0 0.0 0.0 0.0 0.0 0.0 0.0 0.0 0.0 0.0 0.0 0.0 0.0 0.0 0.0 0.0 0.0 0.0 0.0 0.0 0.0 0.0 0.0 0.0 0.0 0.0 0.0 0.0 0.0 0.0 0.0 0.0
0.0
0.0 0.9999995465718924 0.0 0.0 0.0 0.0
0.0 0.9999995607291557
0.0 0.018855075403950556 0.0 0.0 0.0 0.0 0.003022173110176393 0.22159667028384608 0.6025228160201367 0.1540032639304601 0.0 0.0 0.0 0.0 0.0 0.0 0.0 0.0 0.0 0.0 0.0 0.0 0.0 0.0 0.0 0.0 0.0 0.0 0.0 0.0 0.0 0.0 0.0 0.0 0.0 0.0 0.0 0.0 0.0 0.0
0.0 0.9999984063936108 0.0 0.0
0.0 0.0015334765791886317 0.0 0.0 0.0 0.0 0.0 0.1930190436679553 0.6587930917807757 0.1466543867737296 0.0 0.0 0.0 0.0 0.0 0.0 0.0 0.0 0.0 0.0 0.0 0.0 0.0 0.0 0.0 0.0 0.0 0.0 0.0 0.0 0.0 0.0 0.0 0.0 0.0 0.0 0.0 0.0 0.0 0.0 0.0 0.0 0.0 0.0 0.0 0.0 0.0 0.0 0.0 0.0 0.0 0.0 0.0 0.0 0.0 0.0 0.0 0.0 0.0 0.0 0.0 0.0 0.0 0.0 0.0 0.0 0.0 0.0 0.0 0.0 0.0 0.0 0.0 0.0 0.0 0.0 0.0
0.0 0.012094920395198447 0.0 0.0 0.0 0.0 0.0 0.20893533821327878 0.5855355686754533 0.19343417155945028 0.0 0.0 0.0 0.0 0.0 0.0 0.0 0.0 0.0 0.0 0.0 0.0 0.0 0.0 0.0 0.0 0.0 0.0 0.0 0.0 0.0 0.0 0.0 0.0 0.0 0.0 0.0 0.0 0.0 0.0 0.0 0.0 0.0 0.0 0.0 0.0 0.0 0.0
0.0 0.9999997757463797 0.0 0.0
0.0 0.0 0.0 0.0 0.0 0.0 0.0381294691263977 0.3402272563072813 0.6216432733551739 0.0 0.0 0.0 0.0 0.0 0.0 0.0 0.0 0.0 0.0 0.0 0.0 0.0 0.0 0.0 0.0 0.0 0.0 0.0 0.0 0.0 0.0 0.0 0.0 0.0 0.0 0.0 0.0 0.0 0.0 0.0 0.0 0.0 0.0 0.0 0.0 0.0 0.0 0.0 0.0 0.0 0.0
0.0 0.0 0.0 0.0 0.0 0.0 0.006421450942774409 0.30240639777733924 0.634001577991938 0.05717057174437946 0.0 0.0 0.0 0.0 0.0 0.0 0.0 0.0 0.0 0.0 0.0 0.0 0.0 0.0 0.0 0.0 0.0 0.0 0.0 0.0 0.0 0.0 0.0 0.0 0.0 0.0 0.0 0.0 0.0 0.0 0.0 0.0 0.0 0.0 0.0 0.0 0.0 0.0 0.0 0.0 0.0 0.0
0.0 0.0 0.0 0.0 0.0 0.0 0.0 0.2067089990208235 0.6662202060701434 0.12707079375607988 0.0 0.0 0.0 0.0 0.0 0.0 0.0 0.0 0.0 0.0 0.0 0.0 0.0 0.0 0.0 0.0 0.0 0.0 0.0 0.0 0.0 0.0 0.0 0.0 0.0 0.0 0.0 0.0 0.0 0.0 0.0 0.0 0.0 0.0 0.0 0.0 0.0 0.0 0.0 0.0 0.0 0.0 0.0
0.0 0.0 0.0 0.0
0.0 0.01625468964745207 0.0 0.0 0.0 0.0 0.000776016401811067 0.22406293113235254 0.6330295249456873 0.12587683669741606 0.0 0.0 0.0 0.0 0.0 0.0 0.0 0.0 0.0 0.0 0.0 0.0 0.0 0.0 0.0 0.0 0.0 0.0 0.0 0.0 0.0 0.0
0.0 0.9999998901188245 0.0
0.0
0.0 0.9999976745399343 0.0 0.0 0.0
0.0 0.0026603411153949762 0.0 0.0 0.0 0.0 0.0 0.2454528353215183 0.5669147875299465 0.18497203449352645 0.0 0.0 0.0 0.0 0.0 0.0 0.0 0.0 0.0 0.0 0.0 0.0 0.0 0.0 0.0 0.0 0.0 0.0 0.0 0.0 0.0 0.0 0.0 0.0 0.0 0.0 0.0
0.0 0.9999999015803258 0.0 0.0 0.0
0.0 0.0025823339128136914 0.0 0.0 0.0 0.0 0.0 0.20475594192294017 0.5797526504745304 0.2129090724684702 0.0 0.0 0.0 0.0 0.0 0.0 0.0 0.0 0.0 0.0 0.0 0.0 0.0 0.0 0.0 0.0 0.0 0.0 0.0 0.0 0.0 0.0 0.0 0.0
0.0 0.0 0.0 0.0 0.0 0.0 0.0 0.21509408621526238 0.6191942090736554 0.16571170346611647 0.0 0.0 0.0 0.0 0.0 0.0 0.0 0.0 0.0 0.0 0.0 0.0 0.0 0.0 0.0 0.0 0.0 0.0 0.0 0.0 0.0 0.0 0.0 0.0 0.0 0.0 0.0 0.0 0.0 0.0 0.0 0.0 0.0 0.0 0.0 0.0 0.0 0.0 0.0 0.0 0.0 0.0 0.0 0.0 0.0 0.0 0.0 0.0 0.0 0.0 0.0 0.0 0.0 0.0 0.0 0.0 0.0 0.0 0.0 0.0 0.0 0.0 0.0 0.0 0.0 0.0
0.0 0.9999991941229142 0.0
0.0 0.0018697162329142686 0.0 0.0 0.0 0.0 0.0 0.2554700999494345 0.5065973601124489 0.2360628221944303 0.0 0.0 0.0 0.0 0.0 0.0 0.0 0.0 0.0 0.0 0.0 0.0 0.0 0.0 0.0 0.0 0.0 0.0 0.0 0.0 0.0 0.0 0.0 0.0 0.0 0.0 0.0 0.0 0.0 0.0 0.0 0.0
0.0 0.999999938857223 0.0 0.0 0.0
0.0 0.0007451599262363921 0.0 0.0 0.0 0.0 0.0 0.17202815293818075 0.6799475205280867 0.1472791654246933 0.0 0.0 0.0 0.0 0.0 0.0 0.0 0.0 0.0 0.0 0.0 0.0 0.0 0.0 0.0 0.0 0.0 0.0 0.0 0.0 0.0 0.0 0.0 0.0 0.0 0.0 0.0 0.0 0.0 0.0 0.0 0.0 0.0 0.0 0.0 0.0 0.0 0.0 0.0 0.0 0.0 0.0 0.0 0.0 0.0 0.0 0.0 0.0 0.0 0.0 0.0 0.0 0.0 0.0 0.0 0.0 0.0 0.0 0.0 0.0 0.0 0.0 0.0 0.0 0.0 0.0 0.0 0.0 0.0 0.0 0.0 0.0 0.0 0.0 0.0 0.0 0.0 0.0 0.0 0.0 0.0 0.0 0.0 0.0 0.0 0.0 0.0 0.0 0.0 0.0
0.0 0.9999995826493551 0.0
0.0 0.9999963538327754 0.0
0.0 0.01183513437222408 0.0 0.0 0.0 0.0 0.0 0.20142648916613295 0.6341950772459215 0.1525432980774131 0.0 0.0 0.0 0.0 0.0 0.0 0.0
0.0 0.999996446505843 0.0 0.0 0.0
0.0 0.9999999143210141
0.0 0.004957532493298823 0.0 0.0 0.0 0.0 0.0 0.20109056110432472 0.6829457229877396 0.1110061822914331 0.0 0.0 0.0 0.0 0.0 0.0 0.0 0.0 0.0 0.0 0.0 0.0 0.0 0.0 0.0 0.0 0.0 0.0 0.0 0.0 0.0 0.0 0.0 0.0 0.0 0.0 0.0 0.0 0.0 0.0 0.0 0.0 0.0 0.0 0.0 0.0 0.0 0.0 0.0 0.0 0.0
0.0 0.9999993359129435 0.0 0.0
0.0 0.009520512242460684 0.0 0.0 0.0 0.0 0.0027963743738444223 0.21671497326369454 0.5644273258698255 0.2065408129793259 0.0 0.0 0.0 0.0 0.0 0.0 0.0 0.0 0.0 0.0 0.0 0.0 0.0 0.0 0.0 0.0 0.0
0.0 0.01270589377562617 0.0 0.0 0.0 0.0 0.0 0.1982610305337353 0.6751362180746124 0.11389685649237245 0.0 0.0 0.0 0.0 0.0 0.0 0.0 0.0
0.0 0.9999999032760273 0.0 0.0
0.0 0.0040613984044069905 0.0 0.0 0.0 0.0 0.0 0.21975112687140994 0.6342440046060528 0.14194346891966786 0.0 0.0 0.0 0.0 0.0 0.0 0.0 0.0 0.0 0.0 0.0 0.0 0.0 0.0 0.0 0.0 0.0 0.0 0.0 0.0 0.0 0.0
0.0 0.0006573279506713974 0.0 0.0 0.0 0.0 0.0 0.21241040338197942 0.6481623741836193 0.13876989334921397 0.0 0.0 0.0 0.0 0.0 0.0 0.0 0.0 0.0 0.0 0.0 0.0 0.0 0.0
0.0 0.0
0.0 0.010861566324584205 0.0 0.0 0.0 0.0 0.0002463501500435759 0.1842123760815375 0.4953850070920949 0.3092946993002187 0.0 0.0 0.0 0.0 0.0 0.0 0.0 0.0 0.0 0.0 0.0 0.0 0.0 0.0 0.0
0.0 0.0 0.0 0.0 0.0 0.0 0.0017439654923979363 0.1890387117861604 0.7174230454784649 0.09179427611035186 0.0 0.0 0.0 0.0 0.0 0.0 0.0 0.0 0.0 0.0 0.0 0.0 0.0 0.0
0.0 0.9999998303083375 0.0 0.0 0.0
0.0 0.017352738629208598 0.0 0.0 0.0 0.0 0.0 0.18374477215608745 0.6550376827577401 0.14386480533577123 0.0 0.0 0.0 0.0 0.0 0.0 0.0 0.0 0.0 0.0 0.0 0.0 0.0 0.0 0.0 0.0 0.0 0.0 0.0 0.0 0.0 0.0 0.0 0.0 0.0 0.0 0.0 0.0 0.0 0.0 0.0 0.0 0.0 0.0 0.0 0.0 0.0 0.0 0.0 0.0 0.0 0.0 0.0 0.0 0.0
0.0 0.00723409086125866 0.0 0.0 0.0 0.0 0.0 0.2019706021981119 0.4163445407437258 0.3744507650309507 0.0 0.0 0.0 0.0 0.0 0.0 0.0 0.0 0.0 0.0 0.0 0.0 0.0 0.0 0.0 0.0 0.0 0.0 0.0 0.0 0.0 0.0 0.0 0.0 0.0 0.0 0.0 0.0 0.0 0.0
0.0 0.9999917983056502 0.0 0.0
0.0 0.0 0.0 0.0 0.0
0.0 0.013373567506737988 0.0 0.0 0.0 0.0 0.0 0.21660163590241266 0.6294946568680874 0.14053013856718358 0.0 0.0 0.0 0.0 0.0 0.0 0.0 0.0 0.0 0.0 0.0 0.0 0.0 0.0 0.0
0.0 0.002756245853717167 0.0 0.0 0.0 0.0 0.0 0.19161217052225163 0.662029306988619 0.14360227544898835 0.0 0.0 0.0 0.0 0.0 0.0 0.0 0.0 0.0 0.0 0.0 0.0 0.0 0.0 0.0 0.0 0.0 0.0 0.0 0.0 0.0 0.0 0.0 0.0 0.0 0.0 0.0 0.0 0.0 0.0 0.0 0.0 0.0 0.0 0.0 0.0
0.0 0.9999999096320917 0.0 0.0 0.0
0.0 0.0014706339261972054 0.0 0.0 0.0 0.0 0.0005829427166427674 0.16940808197469404 0.7477764247500553 0.08076191553120456 0.0 0.0 0.0 0.0 0.0 0.0 0.0 0.0 0.0 0.0 0.0 0.0 0.0 0.0 0.0 0.0
0.0 0.004392809138314037 0.0 0.0 0.0 0.0 0.0 0.18900879232745252 0.6287431543936344 0.17785524297284913 0.0 0.0 0.0 0.0 0.0 0.0 0.0 0.0 0.0 0.0 0.0 0.0 0.0 0.0
0.0 0.004534707109234783 0.0 0.0 0.0 0.0 0.0 0.21495048168992423 0.6176365695208128 0.16287824051018346 0.0 0.0 0.0 0.0 0.0 0.0 0.0 0.0 0.0 0.0 0.0 0.0 0.0
0.0 0.9999994093689892 0.0 0.0
0.0 0.9999996950211445 0.0 0.0 0.0
0.0 0.9999994797250963 0.0
0.0 0.0 0.0 0.0 0.0 0.0 0.0 0.21175359163258078 0.6328519228659414 0.1553944843071098 0.0 0.0 0.0 0.0 0.0 0.0 0.0 0.0 0.0 0.0 0.0 0.0 0.0
0.0 0.0 0.0 0.0 0.0 0.0 0.00014774756198222166 0.21344006330438126 0.6482448491060107 0.13816733892148494 0.0 0.0 0.0 0.0 0.0 0.0 0.0 0.0 0.0 0.0 0.0 0.0 0.0 0.0 0.0 0.0 0.0 0.0 0.0 0.0 0.0 0.0 0.0 0.0 0.0 0.0 0.0 0.0 0.0 0.0
0.0 0.9999997151846022 0.0
0.0 0.9999993861712522 0.0 0.0 0.0
0.0 0.0035761879563618744 0.0 0.0 0.0 0.0 0.0 0.2062534665326852 0.6399368704036621 0.1502334739025339 0.0 0.0 0.0 0.0 0.0 0.0 0.0 0.0 0.0 0.0 0.0 0.0 0.0 0.0 0.0 0.0 0.0
0.0 9.421803571404404e-05 0.0 0.0 0.0 0.0 0.0 0.204031571105552 0.6709853982971727 0.12488881137109477 0.0 0.0 0.0 0.0 0.0 0.0 0.0 0.0 0.0 0.0 0.0 0.0 0.0 0.0 0.0 0.0 0.0 0.0 0.0 0.0 0.0 0.0 0.0 0.0 0.0 0.0 0.0 0.0 0.0 0.0 0.0 0.0 0.0 0.0 0.0
0.0 0.001493860777021837 0.0 0.0 0.0 0.0 0.0 0.17793381778854378 0.6802561891715344 0.14031613104180113 0.0 0.0 0.0 0.0 0.0 0.0 0.0 0.0 0.0 0.0 0.0 0.0 0.0 0.0 0.0 0.0 0.0 0.0 0.0 0.0 0.0 0.0 0.0 0.0 0.0 0.0 0.0 0.0 0.0 0.0 0.0 0.0 0.0 0.0 0.0 0.0 0.0 0.0 0.0 0.0 0.0 0.0 0.0 0.0 0.0 0.0 0.0 0.0 0.0 0.0 0.0 0.0
0.0 0.999999876312373 0.0 0.0
0.0 0.018534423146775787 0.0 0.0 0.0 0.0 0.0 0.26884930649768013 0.5548327170540183 0.1577835518370805 0.0 0.0 0.0 0.0 0.0 0.0 0.0 0.0 0.0 0.0 0.0 0.0 0.0 0.0 0.0 0.0 0.0 0.0 0.0 0.0 0.0 0.0 0.0 0.0 0.0
0.0 0.9999996747377359 0.0 0.0
0.0 0.999999376620565 0.0
0.0 0.0 0.0 0.0 0.0 0.0 0.0017054268860874824 0.2226418454671761 0.6205368967730158 0.15511582957156647 0.0 0.0 0.0 0.0 0.0 0.0 0.0 0.0 0.0 0.0 0.0 0.0 0.0 0.0 0.0 0.0 0.0 0.0 0.0 0.0 0.0 0.0 0.0 0.0 0.0 0.0 0.0 0.0 0.0 0.0 0.0 0.0
0.0 0.999998630132691 0.0 0.0 0.0
0.0 0.0 0.0 0.0 0.0 0.0 0.0 0.20486464296439344 0.6370134837484439 0.15812187213516993 0.0 0.0 0.0 0.0 0.0 0.0 0.0 0.0 0.0 0.0 0.0 0.0 0.0 0.0 0.0 0.0 0.0 0.0 0.0 0.0 0.0 0.0 0.0 0.0 0.0 0.0 0.0 0.0 0.0 0.0 0.0 0.0 0.0 0.0 0.0 0.0 0.0 0.0 0.0 0.0 0.0 0.0 0.0 0.0 0.0 0.0 0.0 0.0 0.0 0.0 0.0 0.0 0.0 0.0 0.0 0.0 0.0 0.0 0.0 0.0 0.0 0.0 0.0 0.0 0.0 0.0 0.0 0.0 0.0 0.0 0.0 0.0 0.0 0.0 0.0
0.0 0.9999994184488233 0.0
0.0 0.9999992480067958 0.0
0.0 0.0018667989352772075 0.0 0.0 0.0 0.0 0.0 0.20720818255847184 0.6488639870993427 0.14206103018432165 0.0 0.0 0.0 0.0 0.0 0.0 0.0 0.0 0.0 0.0 0.0 0.0 0.0 0.0 0.0 0.0 0.0 0.0 0.0 0.0 0.0 0.0 0.0 0.0
0.0 0.0028048694308908627 0.0 0.0 0.0 0.0 0.0 0.19264497617910714 0.6927296138513988 0.11182053928774746 0.0 0.0 0.0 0.0 0.0 0.0 0.0 0.0 0.0 0.0 0.0
0.0 0.9999996993954262 0.0
0.0 0.9999997599579789 0.0 0.0
0.0 0.0
0.0 0.0011552369408173765 0.0 0.0 0.0 0.0 0.0 0.17750318994473577 0.5162613751771769 0.30508019692038385 0.0 0.0 0.0 0.0 0.0 0.0 0.0 0.0 0.0 0.0 0.0 0.0 0.0 0.0
0.0 0.005018741370675912 0.0 0.0 0.0 0.0 0.0 0.18262232971074177 0.4846726101415711 0.3276863177149907 0.0 0.0 0.0 0.0 0.0 0.0 0.0 0.0 0.0 0.0 0.0 0.0 0.0 0.0 0.0 0.0 0.0 0.0 0.0 0.0 0.0 0.0 0.0 0.0 0.0 0.0 0.0 0.0 0.0 0.0 0.0 0.0 0.0 0.0 0.0 0.0 0.0 0.0
0.0 0.9999994358765889 0.0
0.0 0.0004109845557541509 0.0 0.0 0.0 0.0 0.0 0.1898885557813637 0.6218884130991517 0.187812045368169 0.0 0.0 0.0 0.0 0.0 0.0 0.0 0.0 0.0 0.0 0.0 0.0 0.0 0.0 0.0 0.0 0.0 0.0 0.0 0.0 0.0 0.0 0.0 0.0 0.0 0.0 0.0 0.0 0.0 0.0 0.0 0.0 0.0 0.0 0.0 0.0 0.0 0.0 0.0 0.0 0.0 0.0 0.0 0.0 0.0
0.0 0.0025762530419783567 0.0 0.0 0.0 0.0 0.0 0.20835852006803632 0.6222337395488722 0.16683148609148113 0.0 0.0 0.0 0.0 0.0 0.0 0.0 0.0 0.0 0.0 0.0 0.0 0.0 0.0 0.0
0.0 0.99999911702717 0.0 0.0 0.0
0.0 0.011931069100688944 0.0 0.0 0.0 0.0 0.0 0.20266171108471082 0.638699521739221 0.14670769689763655 0.0 0.0 0.0 0.0 0.0 0.0 0.0 0.0 0.0 0.0 0.0 0.0 0.0 0.0 0.0 0.0 0.0 0.0 0.0 0.0 0.0 0.0 0.0 0.0 0.0 0.0 0.0 0.0 0.0 0.0 0.0 0.0 0.0 0.0 0.0 0.0 0.0 0.0 0.0 0.0 0.0 0.0 0.0 0.0 0.0 0.0 0.0 0.0 0.0 0.0 0.0 0.0 0.0 0.0 0.0 0.0 0.0 0.0 0.0 0.0 0.0 0.0 0.0 0.0 0.0 0.0 0.0 0.0 0.0 0.0 0.0 0.0 0.0 0.0 0.0 0.0 0.0 0.0 0.0 0.0 0.0 0.0 0.0 0.0 0.0 0.0 0.0 0.0 0.0 0.0
0.0 0.9999998381804985
0.0 0.0 0.0 0.0
0.0 0.0
0.0 0.9999998049089002
0.0 0.9999997389606422
0.0 0.0 0.0
0.0 0.9999998429457398 0.0 0.0 0.0
0.0 0.014322515440703338 0.0 0.0 0.0 0.0 0.0008656090783904089 0.17912880537316667 0.6299083928388849 0.1757746761142299 0.0 0.0 0.0 0.0 0.0 0.0 0.0 0.0 0.0 0.0 0.0 0.0 0.0 0.0 0.0 0.0 0.0 0.0 0.0 0.0 0.0 0.0 0.0 0.0 0.0 0.0 0.0 0.0 0.0 0.0 0.0 0.0 0.0 0.0 0.0 0.0 0.0 0.0 0.0 0.0 0.0 0.0 0.0 0.0 0.0 0.0 0.0 0.0 0.0 0.0 0.0 0.0 0.0 0.0 0.0 0.0 0.0
0.0 0.0002155414643622099 0.0 0.0 0.0 0.0 0.0 0.17676465961954907 0.6657382967680584 0.15728150097511034 0.0 0.0 0.0 0.0 0.0 0.0 0.0 0.0 0.0 0.0 0.0 0.0
0.0 0.9999998252402083 0.0 0.0 0.0 0.0
0.0 0.9999969486701952
0.0 0.0150603491059096 0.0 0.0 0.0 0.0 0.0 0.19878408494658734 0.629772492400184 0.15638307237108237 0.0 0.0 0.0 0.0 0.0 0.0 0.0 0.0 0.0 0.0 0.0 0.0 0.0 0.0 0.0 0.0 0.0 0.0 0.0 0.0 0.0 0.0 0.0 0.0 0.0 0.0 0.0 0.0 0.0 0.0 0.0 0.0 0.0 0.0 0.0 0.0 0.0
0.0 0.9999980242525621 0.0
0.0 0.0 0.0 0.0 0.0 0.0 0.003919298681850685 0.25643504517704 0.6258791922802136 0.113766462301015 0.0 0.0 0.0 0.0 0.0 0.0 0.0 0.0 0.0 0.0 0.0 0.0
0.0 0.019164404228645855 0.0 0.0 0.0 0.0 0.0 0.20011741559864776 0.6360442248302883 0.1446739541175681 0.0 0.0 0.0 0.0 0.0 0.0 0.0 0.0
0.0 0.0015955739240369649 0.0 0.0 0.0 0.0 0.0 0.20444522494129566 0.640015255075198 0.15394394491109348 0.0 0.0 0.0 0.0 0.0 0.0 0.0 0.0 0.0 0.0 0.0 0.0 0.0 0.0 0.0 0.0 0.0 0.0 0.0 0.0 0.0 0.0 0.0 0.0 0.0 0.0 0.0 0.0 0.0 0.0 0.0 0.0 0.0
0.0 0.017904009426484204 0.0 0.0 0.0 0.0 0.0 0.20777933714299338 0.5979542941704423 0.17636235802058708 0.0 0.0 0.0 0.0 0.0 0.0 0.0 0.0 0.0 0.0 0.0 0.0 0.0 0.0 0.0 0.0 0.0 0.0 0.0 0.0 0.0 0.0 0.0 0.0 0.0 0.0 0.0 0.0 0.0 0.0 0.0 0.0 0.0 0.0 0.0 0.0 0.0 0.0 0.0 0.0 0.0 0.0 0.0 0.0 0.0 0.0 0.0 0.0 0.0 0.0 0.0 0.0 0.0 0.0 0.0 0.0 0.0 0.0 0.0 0.0 0.0 0.0 0.0 0.0 0.0 0.0 0.0 0.0 0.0 0.0 0.0 0.0 0.0 0.0 0.0 0.0
0.0 0.9999994355966677 0.0
0.0 0.0 0.0 0.0 0.0 0.0 0.0 0.2150720172694106 0.6348562796343541 0.15007170191032138 0.0 0.0 0.0 0.0 0.0 0.0 0.0 0.0 0.0 0.0 0.0 0.0 0.0 0.0 0.0 0.0 0.0 0.0 0.0 0.0 0.0 0.0 0.0 0.0 0.0 0.0
0.0 0.9999992462669177 0.0
0.0 0.9999998347183522 0.0
0.0 0.0 0.0 0.0 0.0
0.0 0.004165194388169437 0.0 0.0 0.0 0.0 0.0 0.21349329032027348 0.6742505244823445 0.10809098960174127 0.0 0.0 0.0 0.0 0.0 0.0 0.0 0.0
0.0 0.0
0.0 0.9999996804740239 0.0
0.0 0.9999991557817606 0.0 0.0 0.0
0.0 0.999998119900605 0.0 0.0
0.0 0.0029104079200674643 0.0 0.0 0.0 0.0 0.0 0.2005449356686738 0.6295340208505374 0.16701063432598776 0.0 0.0 0.0 0.0 0.0 0.0 0.0 0.0 0.0 0.0 0.0 0.0 0.0 0.0 0.0 0.0 0.0 0.0 0.0 0.0 0.0 0.0 0.0 0.0 0.0 0.0 0.0 0.0 0.0 0.0 0.0 0.0 0.0
0.0 0.0023571350016449045 0.0 0.0 0.0 0.0 0.0 0.20539837932263355 0.6222508308724652 0.1699936536456263 0.0 0.0 0.0 0.0 0.0 0.0 0.0 0.0 0.0 0.0 0.0 0.0 0.0 0.0 0.0 0.0 0.0 0.0 0.0 0.0 0.0 0.0 0.0 0.0 0.0 0.0
0.0 0.0002907249979291864 0.0 0.0 0.0 0.0 2.846249778116417e-05 0.20406283483333285 0.4512792666320529 0.344338709894626 0.0 0.0 0.0 0.0 0.0 0.0 0.0 0.0 0.0 0.0 0.0 0.0 0.0 0.0 0.0 0.0 0.0 0.0 0.0 0.0 0.0 0.0 0.0 0.0 0.0 0.0 0.0 0.0 0.0 0.0 0.0 0.0
0.0 0.9999986217771512 0.0
0.0 0.0 0.0 0.0
0.0 0.9999999366316026 0.0
0.0 0.9999999011376766 0.0 0.0
0.0 0.010959672939533876 0.0 0.0 0.0 0.0 0.0 0.1750580076954647 0.5589642681701689 0.25501805025401697 0.0 0.0 0.0 0.0 0.0 0.0 0.0 0.0 0.0 0.0 0.0 0.0 0.0 0.0 0.0 0.0 0.0 0.0 0.0 0.0 0.0 0.0 0.0 0.0 0.0 0.0 0.0 0.0 0.0 0.0 0.0 0.0 0.0 0.0 0.0 0.0 0.0 0.0 0.0 0.0 0.0 0.0 0.0 0.0 0.0 0.0 0.0 0.0 0.0 0.0 0.0 0.0 0.0
0.0 0.999998543306734 0.0 0.0
0.0 0.9999991460707334 0.0
0.0 0.0008641658109516852 0.0 0.0 0.0 0.0 0.0 0.21642746121112938 0.6460127927706032 0.13669557897008164 0.0 0.0 0.0 0.0 0.0 0.0 0.0 0.0 0.0 0.0 0.0 0.0 0.0 0.0 0.0 0.0 0.0 0.0 0.0 0.0 0.0 0.0 0.0 0.0 0.0 0.0 0.0 0.0 0.0 0.0 0.0 0.0 0.0 0.0 0.0 0.0 0.0 0.0 0.0 0.0 0.0 0.0 0.0 0.0 0.0 0.0 0.0 0.0 0.0 0.0 0.0 0.0 0.0
0.0 0.02009763967537846 0.0 0.0 0.0 0.0 0.0005572573639746631 0.2183549547579949 0.581025070229436 0.17996507676132273 0.0 0.0 0.0 0.0 0.0 0.0 0.0 0.0 0.0 0.0 0.0 0.0 0.0
0.0 0.009821402224922454 0.0 0.0 0.0 0.0 0.00024113282083581059 0.1840013565172215 0.5175013425827798 0.28843476483545394 0.0 0.0 0.0 0.0 0.0 0.0 0.0 0.0 0.0 0.0 0.0 0.0
0.0 0.0 0.0 0.0 0.0 0.0 0.0 0.16762231985664922 0.5333689961187417 0.299008683039756 0.0 0.0 0.0 0.0 0.0 0.0 0.0 0.0 0.0 0.0 0.0 0.0 0.0 0.0 0.0 0.0 0.0 0.0 0.0 0.0 0.0 0.0
0.0 0.016404611368176083 0.0 0.0 0.0 0.0 4.5769781429773755e-05 0.21912727698857778 0.5835508858567312 0.18087145478970956 0.0 0.0 0.0 0.0 0.0 0.0 0.0 0.0 0.0 0.0 0.0 0.0 0.0 0.0 0.0 0.0 0.0 0.0 0.0 0.0 0.0
0.0 0.016032638639532654 0.0 0.0 0.0 0.0 0.0017845045351217988 0.2736382372934863 0.5590591049555748 0.14948551300540927 0.0 0.0 0.0 0.0 0.0 0.0 0.0 0.0 0.0 0.0 0.0 0.0 0.0 0.0 0.0 0.0 0.0 0.0 0.0 0.0 0.0 0.0 0.0
0.0 0.9999998323989259 0.0 0.0 0.0
0.0 0.011377745097801525 0.0 0.0 0.0 0.0 0.0 0.18931104031210869 0.6836273971174681 0.1156838162623575 0.0 0.0 0.0 0.0 0.0 0.0 0.0 0.0 0.0 0.0 0.0 0.0 0.0 0.0 0.0 0.0 0.0 0.0 0.0 0.0 0.0 0.0 0.0 0.0
0.0 0.0 0.0 0.0 0.0 0.0 0.0 0.21752083872988015 0.6518407328801288 0.13063842715249538 0.0 0.0 0.0 0.0 0.0 0.0 0.0 0.0 0.0 0.0 0.0 0.0 0.0 0.0 0.0 0.0 0.0 0.0 0.0 0.0 0.0 0.0 0.0 0.0 0.0 0.0 0.0 0.0 0.0 0.0
0.0 0.00532289868076177 0.0 0.0 0.0 0.0 0.0 0.21320010200180042 0.6069035659938479 0.17457343214443444 0.0 0.0 0.0 0.0 0.0 0.0 0.0 0.0 0.0 0.0 0.0 0.0 0.0 0.0 0.0 0.0 0.0 0.0 0.0
0.0 0.9999997088076488 0.0 0.0
0.0 0.9999994314076247
0.0 0.9999993345696283 0.0 0.0 0.0
0.0 0.0068360713522007755 0.0 0.0 0.0 0.0 0.0037086483658990183 0.21324673927493354 0.5802951096672406 0.19591343013284857 0.0 0.0 0.0 0.0 0.0 0.0 0.0 0.0 0.0 0.0 0.0 0.0 0.0 0.0 0.0 0.0 0.0 0.0 0.0 0.0 0.0 0.0 0.0 0.0 0.0 0.0 0.0 0.0
0.0 0.001416383716168252 0.0 0.0 0.0 0.0 0.0 0.20141227871685385 0.6543917702867759 0.1427795661104945 0.0 0.0 0.0 0.0 0.0 0.0 0.0 0.0 0.0 0.0 0.0 0.0 0.0
0.0 0.0 0.0 0.0 0.0 0.0 0.0009749245107407755 0.20541823618120075 0.6784719442404584 0.1151348938983011 0.0 0.0 0.0 0.0 0.0 0.0 0.0 0.0 0.0 0.0 0.0 0.0 0.0 0.0 0.0 0.0 0.0 0.0 0.0 0.0 0.0 0.0 0.0 0.0 0.0 0.0 0.0 0.0 0.0 0.0 0.0 0.0 0.0 0.0 0.0 0.0 0.0 0.0 0.0 0.0 0.0
0.0 0.01121436478121233 0.0 0.0 0.0 0.0 0.0005223380162308051 0.2164861689003424 0.6040252455220184 0.16775188158928717 0.0 0.0 0.0 0.0 0.0 0.0 0.0 0.0 0.0 0.0 0.0 0.0 0.0 0.0 0.0 0.0 0.0 0.0 0.0 0.0 0.0 0.0 0.0 0.0 0.0 0.0 0.0 0.0
0.0 0.0024844008489079946 0.0 0.0 0.0 0.0 0.0 0.21502085979828656 0.6849037688318211 0.0975909693383277 0.0 0.0 0.0 0.0 0.0 0.0 0.0 0.0 0.0 0.0 0.0 0.0 0.0 0.0 0.0 0.0 0.0 0.0 0.0 0.0 0.0 0.0 0.0 0.0 0.0 0.0 0.0 0.0 0.0 0.0 0.0 0.0 0.0 0.0 0.0 0.0 0.0 0.0 0.0 0.0 0.0 0.0 0.0 0.0 0.0 0.0
0.0 0.9999994625543097
0.0 0.9999994710978124 0.0 0.0
0.0 0.016683806051226633 0.0 0.0 0.0 0.0 0.0 0.21037264523827834 0.5880880114339276 0.18485553608747315 0.0 0.0 0.0 0.0 0.0 0.0 0.0 0.0 0.0 0.0 0.0 0.0 0.0 0.0 0.0 0.0 0.0 0.0
0.0 0.9999993903756229 0.0 0.0
0.0 0.9999983143269584 0.0 0.0
0.0 0.9999999009988323 0.0 0.0 0.0
0.0 0.00016380093205648578 0.0 0.0 0.0 0.0 0.0 0.16816449887765764 0.5139361685329202 0.31773553059015913 0.0 0.0 0.0 0.0 0.0 0.0 0.0 0.0 0.0 0.0 0.0 0.0 0.0 0.0 0.0 0.0 0.0 0.0 0.0 0.0 0.0 0.0
0.0 0.001914869657499089 0.0 0.0 0.0 0.0 0.0 0.17675485001161015 0.5131483569434152 0.3081819223544981 0.0 0.0 0.0 0.0 0.0 0.0 0.0 0.0 0.0 0.0 0.0 0.0 0.0
0.0 0.9999999276669789 0.0
0.0 0.0005016483595079317 0.0 0.0 0.0 0.0 0.0 0.1857506162207882 0.6365155442869967 0.177232189909024 0.0 0.0 0.0 0.0 0.0 0.0 0.0 0.0 0.0 0.0 0.0 0.0 0.0 0.0 0.0 0.0 0.0 0.0
0.0 0.9999995243519115 0.0 0.0 0.0
0.0 0.9999996055397177
0.0 0.0017539044132067836 0.0 0.0 0.0 0.0 0.0 0.20348918320495277 0.5692380286792502 0.22551888252668498 0.0 0.0 0.0 0.0 0.0 0.0 0.0 0.0 0.0 0.0 0.0 0.0 0.0 0.0 0.0 0.0
0.0 0.9999998423765507 0.0 0.0
0.0 0.9999987386812513 0.0 0.0 0.0
0.0 0.0 0.0 0.0 0.0 0.0 0.0 0.17117879019672977 0.5198896256234198 0.30893158315872743 0.0 0.0 0.0 0.0 0.0 0.0 0.0 0.0 0.0 0.0 0.0 0.0 0.0 0.0 0.0 0.0 0.0 0.0 0.0 0.0 0.0 0.0 0.0 0.0 0.0 0.0 0.0 0.0 0.0 0.0 0.0 0.0 0.0 0.0 0.0 0.0 0.0 0.0 0.0 0.0
0.0 0.9999997883891083 0.0 0.0 0.0 0.0
0.0 0.003457945520654842 0.0 0.0 0.0 0.0 0.0 0.1902399075302463 0.6699046183702533 0.1363975273380172 0.0 0.0 0.0 0.0 0.0 0.0 0.0 0.0 0.0 0.0 0.0 0.0 0.0 0.0 0.0 0.0 0.0 0.0 0.0 0.0 0.0 0.0 0.0 0.0 0.0 0.0 0.0 0.0 0.0 0.0 0.0 0.0 0.0 0.0 0.0 0.0 0.0 0.0 0.0 0.0 0.0
0.0 0.0 0.0
0.0 0.002093452890448509 0.0 0.0 0.0 0.0 0.0009538980245322094 0.177279942626748 0.4978292015762172 0.3218435037741494 0.0 0.0 0.0 0.0 0.0 0.0 0.0 0.0 0.0 0.0 0.0 0.0
0.0
0.0 0.0 0.0 0.0 0.0 0.0
0.0 0.99999939553717 0.0
0.0 0.0005765803469277376 0.0 0.0 0.0 0.0 0.0 0.20183886442643295 0.619315461695736 0.1782690923437356 0.0 0.0 0.0 0.0 0.0 0.0 0.0 0.0 0.0 0.0 0.0 0.0 0.0 0.0 0.0 0.0 0.0 0.0 0.0 0.0 0.0 0.0 0.0 0.0 0.0 0.0 0.0 0.0 0.0 0.0 0.0 0.0 0.0 0.0 0.0 0.0 0.0 0.0 0.0 0.0 0.0 0.0 0.0 0.0
0.0 0.9999998381804985 0.0 0.0 0.0 0.0
0.0 0.004156998255013345 0.0 0.0 0.0 0.0 0.0 0.17979043341754208 0.5202930208436881 0.29575954650149805 0.0 0.0 0.0 0.0 0.0 0.0 0.0 0.0 0.0 0.0 0.0 0.0 0.0 0.0 0.0 0.0 0.0 0.0 0.0
0.0 0.011005404938678036 0.0 0.0 0.0 0.0 0.0 0.26601171577806504 0.5539967407086517 0.16898613704798657 0.0 0.0 0.0 0.0 0.0 0.0 0.0 0.0 0.0 0.0 0.0 0.0 0.0 0.0 0.0 0.0 0.0 0.0 0.0 0.0
0.0 0.005482678625680586 0.0 0.0 0.0 0.0 0.0 0.1930641138740171 0.6647886590411326 0.1366645472446189 0.0 0.0 0.0 0.0 0.0 0.0 0.0 0.0 0.0 0.0 0.0 0.0 0.0 0.0 0.0 0.0 0.0 0.0 0.0 0.0 0.0 0.0 0.0 0.0 0.0 0.0 0.0 0.0 0.0 0.0 0.0 0.0 0.0 0.0 0.0 0.0 0.0 0.0 0.0 0.0 0.0 0.0 0.0 0.0 0.0 0.0 0.0 0.0 0.0 0.0 0.0 0.0
0.0 0.0 0.0 0.0 0.0 0.0 0.0 0.19901955403153662 0.5916790624758347 0.2093013822863698 0.0 0.0 0.0 0.0 0.0 0.0 0.0 0.0 0.0 0.0 0.0 0.0
0.0 0.0 0.0 0.0
0.0 0.009555823087518683 0.0 0.0 0.0 0.0 0.0 0.1425893293696159 0.5584712115721604 0.2893836350114126 0.0 0.0 0.0 0.0 0.0 0.0 0.0 0.0 0.0 0.0 0.0 0.0 0.0 0.0 0.0 0.0 0.0 0.0 0.0 0.0 0.0 0.0
0.0 0.9999998801131434 0.0 0.0 0.0 0.0
0.0
0.0 0.0 0.0 0.0 0.0 0.0 0.0 0.24316757074533354 0.6262825468430404 0.13054988074422652 0.0 0.0 0.0 0.0 0.0 0.0 0.0 0.0 0.0 0.0 0.0 0.0 0.0 0.0 0.0 0.0 0.0 0.0 0.0 0.0 0.0 0.0 0.0 0.0 0.0 0.0 0.0
0.0 0.004700865930395005 0.0 0.0 0.0 0.0 0.0 0.19684439422325736 0.6205507719376823 0.17790396674045456 0.0 0.0 0.0 0.0 0.0 0.0 0.0 0.0 0.0 0.0 0.0 0.0 0.0 0.0 0.0 0.0 0.0 0.0 0.0 0.0 0.0 0.0 0.0 0.0 0.0 0.0 0.0 0.0 0.0 0.0 0.0 0.0 0.0 0.0 0.0 0.0 0.0 0.0 0.0 0.0 0.0 0.0 0.0 0.0 0.0 0.0 0.0 0.0 0.0
0.0 0.9999995754680986
0.0 0.001059183094192713 0.0 0.0 0.0 0.0 0.0 0.21045194176402052 0.5845335374374087 0.20395533650541933 0.0 0.0 0.0 0.0 0.0 0.0 0.0 0.0 0.0 0.0 0.0 0.0 0.0 0.0 0.0 0.0 0.0
0.0 0.0 0.0 0.0 0.0 0.0 0.0 0.16891514045724804 0.5253304366228354 0.3057544219115215 0.0 0.0 0.0 0.0 0.0 0.0 0.0 0.0 0.0 0.0 0.0 0.0 0.0 0.0 0.0 0.0 0.0 0.0 0.0 0.0 0.0 0.0 0.0 0.0 0.0
0.0 0.0019433458112275016 0.0 0.0 0.0 0.0 0.0 0.21043874403830543 0.6381576246661232 0.14946028418411647 0.0 0.0 0.0 0.0 0.0 0.0 0.0 0.0 0.0 0.0 0.0 0.0 0.0 0.0 0.0 0.0 0.0 0.0 0.0 0.0 0.0 0.0 0.0 0.0
0.0 0.9999997948489725 0.0 0.0 0.0
0.0 0.9999994629886794 0.0 0.0 0.0
0.0 0.9999997715087586 0.0 0.0
0.0 0.9999995445562915 0.0 0.0
0.0 0.999999897921071 0.0 0.0 0.0
0.0 0.006277718132596555 0.0 0.0 0.0 0.0 0.0 0.21436596569113078 0.6438004751180798 0.13555583988272443 0.0 0.0 0.0 0.0 0.0 0.0 0.0 0.0 0.0 0.0 0.0 0.0 0.0 0.0 0.0 0.0 0.0 0.0 0.0 0.0 0.0 0.0 0.0
0.0 0.9999989049764745 0.0 0.0
0.0 0.9999993534188365 0.0
0.0 0.9999999228800679 0.0 0.0 0.0
0.0 0.0012742605634621113 0.0 0.0 0.0 0.0 0.0 0.2210893887520573 0.6214668452717 0.15616950410382827 0.0 0.0 0.0 0.0 0.0 0.0 0.0 0.0 0.0 0.0 0.0 0.0 0.0 0.0 0.0 0.0 0.0 0.0 0.0 0.0 0.0 0.0 0.0 0.0
0.0 0.006711083653713784 0.0 0.0 0.0 0.0 0.0017824166077677723 0.20549251124069187 0.7278055553288199 0.05820843205011503 0.0 0.0 0.0 0.0 0.0 0.0 0.0 0.0 0.0 0.0 0.0 0.0
0.0 0.9999999294178088
0.0 0.004070475279916123 0.0 0.0 0.0 0.0 0.0 0.20426023687731293 0.6479259878461462 0.14374329876565978 0.0 0.0 0.0 0.0 0.0 0.0 0.0 0.0 0.0 0.0 0.0 0.0 0.0 0.0 0.0 0.0 0.0 0.0
0.0 0.0
0.0 0.9999993094255386 0.0 0.0
0.0 0.0 0.0 0.0
0.0 0.999999938857223 0.0 0.0 0.0
0.0 0.0 0.0 0.0 0.0 0.0
0.0 0.9999999195315477 0.0 0.0
0.0 0.007767984341211075 0.0 0.0 0.0 0.0 0.0 0.1773054940809336 0.6868654810444061 0.12806103935002328 0.0 0.0 0.0 0.0 0.0 0.0 0.0 0.0
0.0 0.0 0.0 0.0 0.0 0.0 0.0 0.2195895644035654 0.6300849314863741 0.15032550279287524 0.0 0.0 0.0 0.0 0.0 0.0 0.0 0.0 0.0 0.0 0.0 0.0 0.0 0.0 0.0 0.0 0.0
0.0 0.013275403965974378 0.0 0.0 0.0 0.0 0.00229516067343608 0.20615825625053782 0.6272400713879611 0.1510311066144369 0.0 0.0 0.0 0.0 0.0 0.0 0.0 0.0 0.0 0.0 0.0 0.0 0.0 0.0 0.0 0.0 0.0 0.0 0.0 0.0 0.0 0.0 0.0 0.0 0.0 0.0 0.0 0.0 0.0 0.0 0.0 0.0 0.0 0.0 0.0 0.0 0.0 0.0 0.0 0.0 0.0 0.0 0.0 0.0 0.0 0.0 0.0 0.0 0.0 0.0 0.0 0.0 0.0 0.0 0.0 0.0 0.0 0.0 0.0 0.0 0.0 0.0 0.0 0.0 0.0 0.0 0.0 0.0 0.0 0.0 0.0 0.0 0.0 0.0 0.0 0.0 0.0 0.0 0.0 0.0 0.0 0.0 0.0 0.0 0.0 0.0 0.0 0.0 0.0 0.0
0.0 0.012152916749855209 0.0 0.0 0.0 0.0 0.0003261859226717857 0.15546992606363472 0.525810396509997 0.3062405737871514 0.0 0.0 0.0 0.0 0.0 0.0 0.0 0.0 0.0 0.0 0.0 0.0 0.0 0.0 0.0 0.0 0.0 0.0 0.0 0.0 0.0 0.0 0.0 0.0 0.0 0.0 0.0 0.0 0.0
0.0 0.0
0.0 0.9999999268144935 0.0 0.0 0.0 0.0
0.0 0.0 0.0 0.0 0.0 0.0 0.001223217319445318 0.20969651959481608 0.6773818634044211 0.11169839848032526 0.0 0.0 0.0 0.0 0.0 0.0 0.0 0.0 0.0 0.0 0.0 0.0 0.0 0.0 0.0 0.0 0.0 0.0 0.0 0.0 0.0 0.0 0.0 0.0 0.0 0.0 0.0 0.0 0.0 0.0 0.0 0.0 0.0 0.0 0.0 0.0 0.0 0.0 0.0 0.0 0.0 0.0 0.0 0.0 0.0 0.0 0.0 0.0 0.0 0.0 0.0 0.0 0.0 0.0 0.0 0.0 0.0 0.0
0.0 0.9999991157939891 0.0 0.0 0.0 0.0
0.0 0.9999999241957278 0.0 0.0 0.0 0.0
0.0 0.002010981518429118 0.0 0.0 0.0 0.0 0.0 0.17822092170816617 0.525745061991742 0.29402303379295647 0.0 0.0 0.0 0.0 0.0 0.0 0.0 0.0 0.0 0.0 0.0 0.0 0.0 0.0 0.0 0.0 0.0 0.0 0.0 0.0 0.0 0.0 0.0 0.0 0.0 0.0 0.0 0.0 0.0
0.0 0.9999999236116571 0.0 0.0 0.0
0.0 0.0022332974142758 0.0 0.0 0.0 0.0 0.0 0.17769130462450736 0.6750182911392801 0.1450571056333775 0.0 0.0 0.0 0.0 0.0 0.0 0.0 0.0 0.0 0.0 0.0 0.0 0.0 0.0 0.0 0.0 0.0 0.0 0.0 0.0 0.0
0.0 0.0009259357679973798 0.0 0.0 0.0 0.0 0.0 0.20410774116233318 0.5667107918692595 0.2282555299845411 0.0 0.0 0.0 0.0 0.0 0.0 0.0 0.0 0.0 0.0 0.0 0.0 0.0 0.0 0.0 0.0 0.0 0.0 0.0 0.0 0.0 0.0
0.0 0.0031834549945450783 0.0 0.0 0.0 0.0 0.0 0.21460327670290633 0.6212563727604783 0.16095689434868335 0.0 0.0 0.0 0.0 0.0 0.0 0.0 0.0 0.0 0.0 0.0 0.0 0.0 0.0 0.0 0.0 0.0 0.0 0.0 0.0 0.0 0.0 0.0 0.0 0.0 0.0 0.0 0.0 0.0 0.0 0.0 0.0 0.0 0.0 0.0 0.0 0.0 0.0 0.0 0.0 0.0 0.0 0.0 0.0 0.0 0.0 0.0 0.0 0.0 0.0 0.0 0.0 0.0 0.0 0.0 0.0 0.0 0.0 0.0 0.0 0.0
0.0 0.0 0.0 0.0 0.0 0.0
0.0 0.0 0.0
0.0 0.0 0.0
0.0 0.011478133527293276 0.0 0.0 0.0 0.0 0.0 0.19491183829642317 0.6104051435602214 0.18320488340490645 0.0 0.0 0.0 0.0 0.0 0.0 0.0 0.0 0.0 0.0 0.0 0.0 0.0 0.0 0.0 0.0 0.0 0.0 0.0 0.0 0.0 0.0 0.0 0.0 0.0 0.0 0.0 0.0 0.0 0.0 0.0 0.0 0.0 0.0 0.0 0.0 0.0 0.0 0.0 0.0 0.0
0.0 0.9999999319159213 0.0
0.0 0.0 0.0 0.0
0.0 0.9999989628860073 0.0 0.0 0.0 0.0
0.0 0.01722358754424813 0.0 0.0 0.0 0.0 0.0 0.19659235223865618 0.6135655981814021 0.1726184608721182 0.0 0.0 0.0 0.0 0.0 0.0 0.0 0.0 0.0 0.0 0.0 0.0 0.0 0.0 0.0 0.0 0.0
0.0 0.9999998693086684 0.0 0.0 0.0
0.0 0.0029744026822817672 0.0 0.0 0.0 0.0 0.0 0.1728937837078492 0.6970050568530908 0.12712675559839198 0.0 0.0 0.0 0.0 0.0 0.0 0.0 0.0 0.0 0.0 0.0 0.0 0.0 0.0 0.0 0.0 0.0 0.0 0.0 0.0 0.0 0.0 0.0 0.0
0.0 0.0010753781292704588 0.0 0.0 0.0 0.0 0.0 0.20341612919661167 0.6488442884298236 0.1466642030719129 0.0 0.0 0.0 0.0 0.0 0.0 0.0 0.0 0.0 0.0 0.0 0.0 0.0 0.0 0.0 0.0 0.0 0.0 0.0 0.0 0.0 0.0 0.0 0.0 0.0 0.0 0.0 0.0 0.0 0.0 0.0 0.0 0.0 0.0 0.0 0.0 0.0 0.0 0.0 0.0 0.0 0.0 0.0 0.0 0.0 0.0 0.0 0.0 0.0 0.0 0.0 0.0 0.0 0.0 0.0 0.0 0.0 0.0 0.0 0.0 0.0 0.0
0.0 0.0
0.0 0.9999996830874701 0.0 0.0 0.0
0.0 0.0005784746259607387 0.0 0.0 0.0 0.0 0.0 0.1548940320455872 0.5316741163627599 0.312853375992527 0.0 0.0 0.0 0.0 0.0 0.0 0.0 0.0 0.0 0.0 0.0 0.0 0.0 0.0 0.0 0.0 0.0 0.0 0.0 0.0 0.0 0.0 0.0 0.0 0.0 0.0 0.0 0.0 0.0 0.0 0.0 0.0
0.0 0.013087104509837447 0.0 0.0 0.0 0.0 0.0007928520495475976 0.21263082294824773 0.6031137931495757 0.1703754261866305 0.0 0.0 0.0 0.0 0.0 0.0 0.0 0.0 0.0 0.0 0.0 0.0 0.0
0.0 0.0051064789180642785 0.0 0.0 0.0 0.0 0.0 0.25782316407503203 0.5239907783218106 0.21307957716289413 0.0 0.0 0.0 0.0 0.0 0.0 0.0 0.0 0.0 0.0 0.0 0.0 0.0 0.0 0.0 0.0 0.0 0.0 0.0 0.0 0.0 0.0 0.0 0.0 0.0 0.0 0.0 0.0 0.0 0.0 0.0 0.0 0.0 0.0 0.0 0.0 0.0 0.0
0.0 0.00016717085117559126 0.0 0.0 0.0 0.0 0.0 0.18317339488761228 0.6478758479792079 0.1687835850568934 0.0 0.0 0.0 0.0 0.0 0.0 0.0 0.0 0.0 0.0 0.0 0.0 0.0 0.0 0.0 0.0 0.0 0.0 0.0 0.0 0.0
0.0 0.00491930839193052 0.0 0.0 0.0 0.0 0.0 0.20338331640563231 0.6232210295296022 0.16847634445947815 0.0 0.0 0.0 0.0 0.0 0.0 0.0 0.0 0.0 0.0 0.0 0.0 0.0 0.0 0.0 0.0 0.0 0.0 0.0 0.0 0.0 0.0 0.0 0.0 0.0 0.0
0.0 0.999999430737202 0.0 0.0 0.0
0.0 4.018115474364239e-05 0.0 0.0 0.0 0.0 0.0 0.20144346962648932 0.6366063185692805 0.16191002942058755 0.0 0.0 0.0 0.0 0.0 0.0 0.0 0.0 0.0 0.0 0.0 0.0 0.0 0.0 0.0 0.0 0.0 0.0 0.0 0.0 0.0 0.0
0.0 0.9999994707766496 0.0 0.0
0.0 0.9999999156414401
0.0 0.002778452565885168 0.0 0.0 0.0 0.0 0.0 0.18722707058937232 0.4823630916037773 0.3276313841223506 0.0 0.0 0.0 0.0 0.0 0.0 0.0 0.0 0.0 0.0 0.0 0.0 0.0 0.0 0.0 0.0 0.0 0.0 0.0 0.0 0.0
0.0 0.0 0.0 0.0 0.0 0.0 0.0017213611461448371 0.19500885414294666 0.677998141472871 0.12527164210479405 0.0 0.0 0.0 0.0 0.0 0.0 0.0 0.0 0.0 0.0 0.0 0.0 0.0 0.0 0.0 0.0 0.0 0.0 0.0 0.0 0.0 0.0 0.0 0.0 0.0 0.0 0.0 0.0 0.0 0.0 0.0 0.0 0.0 0.0 0.0 0.0 0.0 0.0 0.0 0.0 0.0 0.0 0.0 0.0 0.0 0.0 0.0 0.0 0.0
0.0 0.0 0.0 0.0 0.0
0.0 0.016027898447340632 0.0 0.0 0.0 0.0 0.0006101655243378635 0.27389596310427955 0.5673924988831832 0.14207347250725832 0.0 0.0 0.0 0.0 0.0 0.0 0.0 0.0 0.0 0.0 0.0 0.0 0.0 0.0 0.0 0.0 0.0 0.0 0.0 0.0 0.0 0.0 0.0 0.0 0.0 0.0 0.0 0.0 0.0 0.0 0.0 0.0 0.0 0.0 0.0 0.0 0.0
0.0 0.9999998637909825 0.0
0.0 0.0004167105175415895 0.0 0.0 0.0 0.0 0.0 0.18978516761715583 0.648281554408897 0.16151656623779553 0.0 0.0 0.0 0.0 0.0 0.0 0.0 0.0 0.0 0.0 0.0 0.0 0.0 0.0 0.0 0.0 0.0 0.0 0.0 0.0 0.0 0.0 0.0 0.0 0.0 0.0 0.0 0.0 0.0 0.0 0.0 0.0 0.0 0.0 0.0 0.0 0.0 0.0 0.0 0.0 0.0 0.0 0.0 0.0 0.0 0.0
0.0 0.008438317615448832 0.0 0.0 0.0 0.0 0.0 0.2110868232079039 0.6095714517842064 0.17090340624362085 0.0 0.0 0.0 0.0 0.0 0.0 0.0 0.0 0.0 0.0
0.0 0.9999998972810907 0.0 0.0 0.0
0.0 0.001979088159289336 0.0 0.0 0.0 0.0 0.0 0.212430315834218 0.6393766349443384 0.1462139599002171 0.0 0.0 0.0 0.0 0.0 0.0 0.0 0.0 0.0 0.0 0.0 0.0 0.0 0.0 0.0 0.0 0.0 0.0 0.0 0.0 0.0
0.0 0.0006629539464238136 0.0 0.0 0.0 0.0 0.0 0.2408604163651578 0.6323179103373808 0.1261587177233466 0.0 0.0 0.0 0.0 0.0 0.0 0.0 0.0 0.0 0.0 0.0 0.0 0.0 0.0 0.0 0.0 0.0 0.0 0.0 0.0 0.0
0.0 0.9999998332497344 0.0 0.0 0.0 0.0
0.0 0.999999793078446 0.0
0.0 0.999999883292447 0.0 0.0 0.0 0.0
0.0 0.016150942279286866 0.0 0.0 0.0 0.0 0.0 0.21039968543624435 0.634519271346232 0.1389300997852082 0.0 0.0 0.0 0.0 0.0 0.0 0.0
0.0 0.0 0.0
0.0 0.9999999179682796 0.0 0.0 0.0
0.0 0.0023033167112686973 0.0 0.0 0.0 0.0 0.0 0.21882060336267908 0.6064410702760963 0.17243500844520887 0.0 0.0 0.0 0.0 0.0 0.0 0.0 0.0 0.0 0.0 0.0 0.0 0.0 0.0 0.0 0.0
0.0 0.004579522511496298 0.0 0.0 0.0 0.0 0.0 0.20981416070027156 0.6184011902095558 0.16720512542588445 0.0 0.0 0.0 0.0 0.0 0.0 0.0 0.0 0.0 0.0 0.0 0.0 0.0 0.0 0.0 0.0 0.0 0.0 0.0 0.0
0.0 0.016286280845673035 0.0 0.0 0.0 0.0 0.0 0.2462638541052871 0.5740867165650014 0.16336314698609505 0.0 0.0 0.0 0.0 0.0 0.0 0.0 0.0 0.0 0.0 0.0
0.0 0.9999996517123886 0.0 0.0
0.0 0.003289445913042357 0.0 0.0 0.0 0.0 0.0 0.18044648805562472 0.670963136339715 0.1453009285242117 0.0 0.0 0.0 0.0 0.0 0.0 0.0 0.0 0.0 0.0 0.0 0.0 0.0 0.0 0.0 0.0 0.0 0.0 0.0 0.0 0.0 0.0 0.0 0.0 0.0 0.0
0.0 0.0030839885532267445 0.0 0.0 0.0 0.0 0.003176325672506038 0.1622339949314122 0.6071132950971626 0.2243923948174959 0.0 0.0 0.0 0.0 0.0 0.0 0.0 0.0 0.0 0.0 0.0 0.0 0.0 0.0 0.0 0.0 0.0 0.0 0.0 0.0 0.0 0.0 0.0 0.0 0.0 0.0
0.0 0.9999996955690099
0.0
0.0 0.0 0.0
0.0 0.9999998890557776 0.0 0.0 0.0 0.0
0.0 0.0012353255998091013 0.0 0.0 0.0 0.0 0.0 0.1697705275573301 0.683124664512893 0.14586948116616727 0.0 0.0 0.0 0.0 0.0 0.0 0.0 0.0 0.0 0.0 0.0 0.0 0.0 0.0 0.0 0.0 0.0 0.0 0.0 0.0 0.0 0.0 0.0 0.0 0.0
0.0 0.9999996493300894 0.0 0.0
0.0 0.9999999119027986 0.0 0.0
0.0 0.008918318068272412 0.0 0.0 0.0 0.0 0.0 0.1812458946118132 0.516018639480455 0.29381714682997695 0.0 0.0 0.0 0.0 0.0 0.0 0.0 0.0 0.0 0.0 0.0 0.0 0.0 0.0 0.0 0.0
0.0 0.9999952757926145 0.0 0.0
0.0 0.0027276101234325473 0.0 0.0 0.0 0.0 0.0 0.19369388278392494 0.607762663086335 0.19581584282034298 0.0 0.0 0.0 0.0 0.0 0.0 0.0 0.0 0.0 0.0 0.0 0.0 0.0 0.0 0.0 0.0 0.0 0.0 0.0 0.0 0.0 0.0 0.0 0.0
0.0 0.9999998928232487 0.0 0.0
0.0 0.999999760557503 0.0
0.0 0.018189458341966273 0.0 0.0 0.0 0.0 0.0 0.18795834126389865 0.6018367246686046 0.19201547453418197 0.0 0.0 0.0 0.0 0.0 0.0 0.0 0.0 0.0 0.0 0.0 0.0 0.0
0.0 0.0 0.0 0.0 0.0 0.0 0.0 0.17678591065212806 0.5175337872915496 0.30568030103056837 0.0 0.0 0.0 0.0 0.0 0.0 0.0 0.0 0.0 0.0 0.0 0.0 0.0 0.0 0.0 0.0 0.0 0.0 0.0
0.0 0.9999998911313237 0.0 0.0
0.0 0.9999999003969758 0.0 0.0
0.0 0.015174412249393174 0.0 0.0 0.0 0.0 0.0005047478691071298 0.2072077224248542 0.6200121444083475 0.15710097188316435 0.0 0.0 0.0 0.0 0.0 0.0 0.0 0.0 0.0 0.0 0.0 0.0 0.0 0.0
0.0 0.9999999003903229 0.0 0.0
0.0 0.0 0.0 0.0 0.0 0.0 0.0 0.17685619609313494 0.6494848403194136 0.17365896241195222 0.0 0.0 0.0 0.0 0.0 0.0 0.0 0.0 0.0 0.0 0.0 0.0 0.0 0.0 0.0 0.0 0.0 0.0 0.0
0.0 0.999999885514787 0.0 0.0
0.0 0.006702262493718341 0.0 0.0 0.0 0.0 0.0 0.21489329250066846 0.6613982675694129 0.11700617623015291 0.0 0.0 0.0 0.0 0.0 0.0 0.0 0.0 0.0 0.0 0.0 0.0 0.0 0.0 0.0 0.0 0.0 0.0 0.0 0.0 0.0 0.0 0.0 0.0 0.0 0.0 0.0 0.0 0.0 0.0 0.0 0.0 0.0 0.0 0.0 0.0 0.0 0.0 0.0 0.0 0.0 0.0
0.0 0.9999998381804985 0.0 0.0 0.0
0.0 0.0012110061093373726 0.0 0.0 0.0 0.0 0.0 0.17694986837089416 0.5025963353575981 0.3192427891331625 0.0 0.0 0.0 0.0 0.0 0.0 0.0 0.0 0.0 0.0 0.0 0.0 0.0
0.0 0.9999991191018265 0.0
0.0 0.0
0.0 0.0 0.0 0.0 0.0 0.0 0.0 0.2079762061084991 0.6357206302682417 0.15630316241970205 0.0 0.0 0.0 0.0 0.0 0.0 0.0 0.0 0.0 0.0 0.0 0.0 0.0 0.0 0.0 0.0 0.0 0.0 0.0 0.0
0.0 0.9999928343201603
0.0 0.9999996481884729 0.0 0.0 0.0
0.0 0.001152484067493375 0.0 0.0 0.0 0.0 0.00024146887913481947 0.14752953123124443 0.5862470102642616 0.2648295046323719 0.0 0.0 0.0 0.0 0.0 0.0 0.0 0.0 0.0 0.0 0.0 0.0 0.0 0.0 0.0 0.0 0.0 0.0 0.0 0.0 0.0 0.0 0.0 0.0 0.0 0.0 0.0 0.0 0.0 0.0 0.0 0.0 0.0 0.0 0.0 0.0 0.0 0.0 0.0 0.0 0.0 0.0 0.0 0.0 0.0 0.0 0.0 0.0 0.0 0.0 0.0 0.0 0.0 0.0 0.0 0.0 0.0 0.0 0.0 0.0 0.0 0.0 0.0 0.0 0.0 0.0 0.0 0.0 0.0 0.0 0.0 0.0
0.0 0.00223318008318219 0.0 0.0 0.0 0.0 0.0 0.20170324662032624 0.5706595981495173 0.22540397396512266 0.0 0.0 0.0 0.0 0.0 0.0 0.0 0.0 0.0 0.0 0.0 0.0 0.0 0.0 0.0 0.0 0.0 0.0 0.0 0.0 0.0
0.0 0.9999991285504408 0.0
0.0 0.9999993742373343 0.0
0.0 0.9999996587834967 0.0
0.0 0.003461744259870988 0.0 0.0 0.0 0.0 0.0 0.18907363947927927 0.6423683077951476 0.16509630729917132 0.0 0.0 0.0 0.0 0.0 0.0 0.0 0.0 0.0 0.0 0.0 0.0 0.0 0.0 0.0 0.0 0.0 0.0 0.0 0.0 0.0 0.0 0.0 0.0 0.0
0.0 0.006584577967936827 0.0 0.0 0.0 0.0 0.0 0.21379788036836295 0.592901539791054 0.18671600064615015 0.0 0.0 0.0 0.0 0.0 0.0 0.0 0.0 0.0 0.0 0.0 0.0 0.0 0.0 0.0 0.0 0.0 0.0 0.0 0.0 0.0 0.0 0.0 0.0 0.0 0.0 0.0 0.0 0.0 0.0
0.0 0.011565016272463549 0.0 0.0 0.0 0.0 0.0 0.20041024109730815 0.6175910466916735 0.17043369477453685 0.0 0.0 0.0 0.0 0.0 0.0 0.0 0.0 0.0 0.0 0.0 0.0 0.0 0.0 0.0 0.0 0.0 0.0 0.0 0.0 0.0 0.0 0.0 0.0 0.0 0.0 0.0 0.0 0.0 0.0 0.0
0.0 0.0029792820841674 0.0 0.0 0.0 0.0 0.0 0.14473221673910114 0.5300705103962404 0.3222179898010368 0.0 0.0 0.0 0.0 0.0 0.0 0.0 0.0 0.0 0.0 0.0 0.0 0.0 0.0 0.0 0.0 0.0 0.0 0.0 0.0 0.0 0.0 0.0
0.0 0.9999899089227022 0.0 0.0
0.0 0.9999965104384884
0.0 0.0006708422783270331 0.0 0.0 0.0 0.0 0.0 0.19027657727705471 0.4905242064129041 0.3185283729403134 0.0 0.0 0.0 0.0 0.0 0.0 0.0 0.0 0.0 0.0
0.0 0.9999979063363779 0.0 0.0 0.0
0.0 0.0026509069796500583 0.0 0.0 0.0 0.0 0.0 0.2120022109637112 0.618927684021168 0.16641919681685055 0.0 0.0 0.0 0.0 0.0 0.0 0.0 0.0 0.0 0.0 0.0 0.0
0.0 0.002241286546637852 0.0 0.0 0.0 0.0 0.0 0.1853797613010134 0.5143705623856416 0.2980083887617969 0.0 0.0 0.0 0.0 0.0 0.0 0.0 0.0 0.0 0.0 0.0 0.0 0.0 0.0 0.0 0.0 0.0 0.0 0.0 0.0 0.0 0.0 0.0 0.0 0.0 0.0 0.0 0.0 0.0 0.0 0.0 0.0 0.0 0.0 0.0 0.0 0.0 0.0 0.0 0.0 0.0 0.0 0.0 0.0 0.0 0.0 0.0 0.0 0.0 0.0
0.0 0.0040429909120243725 0.0 0.0 0.0 0.0 0.0 0.17778690192766894 0.5084088280679537 0.30976127806976855 0.0 0.0 0.0 0.0 0.0 0.0 0.0 0.0 0.0 0.0 0.0 0.0 0.0 0.0 0.0 0.0 0.0 0.0 0.0 0.0 0.0 0.0 0.0 0.0 0.0 0.0 0.0 0.0 0.0 0.0 0.0 0.0 0.0 0.0
0.0 0.0007829558664588588 0.0 0.0 0.0 0.0 0.0 0.20303712270500437 0.6483441973124469 0.14783572287537664 0.0 0.0 0.0 0.0 0.0 0.0 0.0 0.0 0.0 0.0 0.0 0.0 0.0
0.0 0.0 0.0 0.0 0.0 0.0 0.00024007251083053618 0.20574819959383203 0.6564590820302139 0.13755264471102036 0.0 0.0 0.0 0.0 0.0 0.0 0.0 0.0 0.0 0.0 0.0 0.0 0.0
0.0 0.9999999310050428 0.0 0.0
0.0 0.010424256828276792 0.0 0.0 0.0 0.0 0.0 0.23228305520993037 0.523163529138119 0.2341291574044815 0.0 0.0 0.0 0.0 0.0 0.0 0.0 0.0 0.0 0.0 0.0 0.0 0.0 0.0 0.0
0.0 0.9999993283627473
0.0 0.0023288010264963474 0.0 0.0 0.0 0.0 0.0008708549232333405 0.19534573766049512 0.5944700755881079 0.20698452962073885 0.0 0.0 0.0 0.0 0.0 0.0 0.0 0.0 0.0 0.0 0.0 0.0 0.0 0.0 0.0 0.0 0.0 0.0 0.0 0.0
0.0 0.008854540517492066 0.0 0.0 0.0 0.0 0.0 0.2094306559954078 0.5688033941139731 0.2129114081936273 0.0 0.0 0.0 0.0 0.0 0.0 0.0 0.0 0.0 0.0 0.0 0.0 0.0 0.0 0.0 0.0 0.0 0.0 0.0 0.0 0.0 0.0 0.0 0.0 0.0 0.0 0.0 0.0 0.0 0.0 0.0
0.0 0.9999996023068068
0.0 0.0 0.0 0.0 0.0
0.0 0.9999989248874868 0.0 0.0
0.0 0.9999990549553687
0.0 0.9999986037114306 0.0
0.0 0.0 0.0 0.0 0.0
0.0 0.9999996092376755 0.0
0.0 0.00027219786853960234 0.0 0.0 0.0 0.0 0.0 0.21664086889170336 0.6229492531196554 0.16013767888353375 0.0 0.0 0.0 0.0 0.0 0.0 0.0 0.0 0.0 0.0 0.0 0.0 0.0 0.0 0.0
0.0 0.0 0.0 0.0 0.0 0.0 0.0 0.17394726088742374 0.5227606890439056 0.3032920490488797 0.0 0.0 0.0 0.0 0.0 0.0 0.0
0.0 0.9999997468767939 0.0
0.0 0.9999997411346082 0.0 0.0 0.0
0.0 0.005073347349428038 0.0 0.0 0.0 0.0 0.0 0.2174723377602599 0.6122415217153655 0.1652127919164076 0.0 0.0 0.0 0.0 0.0 0.0 0.0 0.0 0.0 0.0 0.0 0.0 0.0 0.0 0.0 0.0 0.0 0.0 0.0 0.0 0.0 0.0 0.0 0.0 0.0 0.0 0.0 0.0 0.0 0.0 0.0 0.0 0.0 0.0 0.0 0.0 0.0
0.0 0.9999999310050428 0.0 0.0 0.0
0.0 0.9999996136892677 0.0 0.0
0.0 0.009804445921350699 0.0 0.0 0.0 0.0 0.0 0.18108593212864466 0.5138162372225759 0.2952933837508109 0.0 0.0 0.0 0.0 0.0 0.0 0.0 0.0 0.0 0.0 0.0 0.0 0.0 0.0 0.0 0.0 0.0 0.0 0.0 0.0 0.0 0.0 0.0
0.0 0.0 0.0 0.0 0.0 0.0 0.0 0.21225674146217557 0.6225698596331296 0.16517339770789588 0.0 0.0 0.0 0.0 0.0 0.0 0.0 0.0 0.0 0.0 0.0 0.0 0.0 0.0 0.0 0.0 0.0 0.0 0.0 0.0 0.0 0.0 0.0 0.0 0.0
0.0 0.00616134792541151 0.0 0.0 0.0 0.0 0.0 0.19433981353506152 0.591644794916054 0.20785404244539793 0.0 0.0 0.0 0.0 0.0 0.0 0.0 0.0 0.0 0.0 0.0 0.0 0.0 0.0 0.0 0.0 0.0 0.0 0.0 0.0 0.0 0.0 0.0 0.0 0.0 0.0 0.0 0.0 0.0 0.0 0.0 0.0 0.0 0.0 0.0 0.0 0.0 0.0 0.0 0.0 0.0 0.0 0.0 0.0
0.0 0.008552747919007076 0.0 0.0 0.0 0.0 0.0 0.2569616943225675 0.5239856372023175 0.21049991908462595 0.0 0.0 0.0 0.0 0.0 0.0 0.0 0.0 0.0 0.0 0.0 0.0
0.0 0.9999995883152356
0.0 0.00556422426373637 0.0 0.0 0.0 0.0 0.0 0.20597543101202465 0.6364704554561837 0.1519898881000405 0.0 0.0 0.0 0.0 0.0 0.0 0.0 0.0 0.0 0.0 0.0 0.0 0.0
0.0 2.5384459110077405e-05 0.0 0.0 0.0 0.0 0.0 0.2211640171349681 0.5871368173652464 0.1916737798197314 0.0 0.0 0.0 0.0 0.0 0.0 0.0 0.0 0.0 0.0 0.0 0.0 0.0 0.0 0.0 0.0 0.0
0.0 0.9999999349815644 0.0 0.0 0.0 0.0
0.0 0.9999999167388282 0.0
0.0 0.001833022538945489 0.0 0.0 0.0 0.0 0.0 0.2016200680344253 0.5843843505214026 0.21216255774761042 0.0 0.0 0.0 0.0 0.0 0.0 0.0 0.0 0.0 0.0 0.0 0.0 0.0 0.0 0.0 0.0 0.0 0.0 0.0 0.0
0.0 0.015817720923874838 0.0 0.0 0.0 0.0 0.0 0.26657022399350316 0.5552384340720011 0.1623736195743268 0.0 0.0 0.0 0.0 0.0 0.0 0.0 0.0 0.0 0.0 0.0 0.0 0.0 0.0
0.0 0.0036149064923187693 0.0 0.0 0.0 0.0 0.0 0.1907053626850034 0.672857790540175 0.1328219390500769 0.0 0.0 0.0 0.0 0.0 0.0 0.0 0.0 0.0 0.0 0.0 0.0
0.0 0.9999999053035266 0.0
0.0 0.9999991235426541 0.0 0.0
0.0 0.0009951846094057649 0.0 0.0 0.0 0.0 0.0 0.21056513311574795 0.5791610120997673 0.2092786689775211 0.0 0.0 0.0 0.0 0.0 0.0 0.0 0.0 0.0 0.0 0.0 0.0 0.0 0.0 0.0 0.0 0.0 0.0 0.0 0.0 0.0 0.0 0.0 0.0 0.0 0.0 0.0 0.0 0.0
0.0 0.9999998885746259 0.0 0.0 0.0
0.0 0.004081751472869714 0.0 0.0 0.0 0.0 0.0 0.18663008854760432 0.586206893883556 0.22308126491335767 0.0 0.0 0.0 0.0 0.0 0.0 0.0 0.0 0.0 0.0 0.0 0.0 0.0 0.0 0.0 0.0 0.0 0.0 0.0 0.0 0.0 0.0 0.0 0.0 0.0 0.0 0.0 0.0 0.0 0.0 0.0 0.0 0.0 0.0 0.0 0.0 0.0 0.0 0.0 0.0 0.0 0.0 0.0 0.0 0.0 0.0 0.0 0.0 0.0 0.0 0.0 0.0 0.0 0.0 0.0 0.0 0.0 0.0
0.0 0.0 0.0 0.0 0.0 0.0 0.0 0.20701585263135533 0.6345437791277722 0.1584403670273924 0.0 0.0 0.0 0.0 0.0 0.0 0.0 0.0 0.0 0.0 0.0 0.0 0.0 0.0 0.0 0.0 0.0 0.0 0.0 0.0 0.0 0.0 0.0 0.0 0.0 0.0 0.0 0.0 0.0 0.0 0.0 0.0 0.0 0.0 0.0 0.0 0.0 0.0 0.0 0.0 0.0 0.0 0.0 0.0 0.0 0.0 0.0 0.0 0.0 0.0 0.0 0.0 0.0 0.0 0.0 0.0 0.0 0.0 0.0 0.0 0.0 0.0 0.0 0.0 0.0 0.0 0.0 0.0 0.0 0.0 0.0 0.0 0.0 0.0 0.0 0.0 0.0 0.0 0.0 0.0 0.0 0.0 0.0 0.0 0.0
0.0 0.010160116223185021 0.0 0.0 0.0 0.0 0.0 0.2300117442716168 0.5864089483646993 0.17341918967097636 0.0 0.0 0.0 0.0 0.0 0.0 0.0 0.0 0.0 0.0 0.0 0.0 0.0 0.0 0.0 0.0 0.0 0.0 0.0
0.0 0.0022771912159600303 0.0 0.0 0.0 0.0 0.0 0.21354396561022396 0.6226961193131071 0.16148272263545815 0.0 0.0 0.0 0.0 0.0 0.0 0.0 0.0 0.0 0.0 0.0 0.0 0.0 0.0 0.0 0.0 0.0 0.0 0.0 0.0 0.0 0.0 0.0 0.0 0.0 0.0 0.0 0.0 0.0 0.0 0.0 0.0
0.0 0.0 0.0 0.0
0.0 0.9999991540044662 0.0 0.0 0.0
0.0 0.0 0.0 0.0 0.0 0.0 0.0002238722166507672 0.20662996039345013 0.675029386723013 0.1181167794757728 0.0 0.0 0.0 0.0 0.0 0.0 0.0 0.0 0.0 0.0 0.0 0.0 0.0 0.0 0.0 0.0 0.0 0.0 0.0 0.0 0.0 0.0 0.0 0.0 0.0
0.0 0.9999993893993925
0.0 0.007388353859946174 0.0 0.0 0.0 0.0 0.0 0.1970604866675603 0.6633631327815709 0.13218802541856192 0.0 0.0 0.0 0.0 0.0 0.0 0.0 0.0 0.0 0.0 0.0 0.0 0.0 0.0 0.0 0.0 0.0 0.0 0.0 0.0 0.0 0.0 0.0 0.0 0.0 0.0 0.0 0.0 0.0 0.0 0.0 0.0 0.0 0.0 0.0 0.0 0.0 0.0 0.0 0.0 0.0 0.0 0.0 0.0 0.0 0.0 0.0 0.0 0.0 0.0 0.0 0.0 0.0 0.0 0.0 0.0 0.0 0.0 0.0 0.0 0.0 0.0
0.0 0.9999998983482912 0.0
0.0 0.9999994707766496
0.0 0.0 0.0 0.0 0.0 0.0 0.0 0.2594179612145416 0.523542907649735 0.2170391296518389 0.0 0.0 0.0 0.0 0.0 0.0 0.0 0.0 0.0 0.0 0.0 0.0 0.0 0.0 0.0 0.0 0.0
0.0 0.9999995915972828
0.0 0.9999999327739151 0.0 0.0 0.0
0.0 0.0 0.0 0.0 0.0 0.0 0.0 0.17791471789944582 0.6736011535510423 0.14848412735952352 0.0 0.0 0.0 0.0 0.0 0.0 0.0 0.0 0.0 0.0 0.0 0.0 0.0 0.0 0.0 0.0 0.0 0.0 0.0 0.0 0.0 0.0 0.0 0.0 0.0 0.0 0.0 0.0 0.0 0.0 0.0 0.0 0.0 0.0 0.0 0.0 0.0 0.0 0.0
0.0 0.0 0.0 0.0 0.0 0.0 0.0 0.20258008195265675 0.6899658561598717 0.10745406076780775 0.0 0.0 0.0 0.0 0.0 0.0 0.0 0.0 0.0 0.0 0.0 0.0 0.0 0.0 0.0 0.0 0.0 0.0 0.0
0.0 0.001815114125062256 0.0 0.0 0.0 0.0 0.0 0.2041792711150166 0.6055158493508207 0.1884897642260891 0.0 0.0 0.0 0.0 0.0 0.0 0.0 0.0 0.0 0.0 0.0 0.0 0.0 0.0 0.0 0.0 0.0 0.0 0.0 0.0 0.0 0.0 0.0 0.0 0.0 0.0 0.0 0.0 0.0 0.0 0.0 0.0 0.0 0.0 0.0 0.0 0.0 0.0 0.0 0.0 0.0 0.0 0.0 0.0 0.0 0.0 0.0 0.0 0.0 0.0 0.0
0.0 0.006324084210038512 0.0 0.0 0.0 0.0 0.0 0.20973763433639322 0.6599486855449224 0.12398959469912767 0.0 0.0 0.0 0.0 0.0 0.0 0.0 0.0 0.0
0.0 0.9999999030430741 0.0 0.0
0.0 0.9999997226749645 0.0 0.0 0.0
0.0 0.0004417959298454982 0.0 0.0 0.0 0.0 0.0020437972156053382 0.20790745450235326 0.581003811720833 0.20860313939802894 0.0 0.0 0.0 0.0 0.0 0.0 0.0 0.0 0.0 0.0 0.0 0.0 0.0
0.0 0.9999991828480381 0.0 0.0
0.0 0.9999998888854931
0.0 0.0004308932277471848 0.0 0.0 0.0 0.0 0.0 0.2761291074488029 0.5680941039152885 0.15534589382179112 0.0 0.0 0.0 0.0 0.0 0.0 0.0 0.0 0.0 0.0 0.0 0.0 0.0 0.0 0.0 0.0 0.0 0.0 0.0 0.0 0.0
0.0 0.9999996656281834
0.0 0.0 0.0
0.0 0.9999997069805869 0.0 0.0 0.0
0.0 0.0008540834596513138 0.0 0.0 0.0 0.0 0.0 0.17976312105280992 0.5223620428017103 0.29702075167161374 0.0 0.0 0.0 0.0 0.0 0.0 0.0 0.0 0.0 0.0 0.0 0.0 0.0 0.0 0.0 0.0 0.0 0.0 0.0 0.0 0.0 0.0 0.0 0.0 0.0 0.0
0.0 0.9999998002678598 0.0 0.0 0.0
0.0 0.0 0.0
0.0 0.9999997989484367
0.0 0.00037493701697686955 0.0 0.0 0.0 0.0 0.0 0.20746948917908747 0.6169133403152007 0.1752422322967647 0.0 0.0 0.0 0.0 0.0 0.0 0.0 0.0 0.0 0.0 0.0 0.0 0.0 0.0 0.0 0.0 0.0 0.0 0.0 0.0 0.0
0.0 0.0 0.0 0.0 0.0 0.0 0.0026467042532432906 0.19678862935032934 0.5986606231801709 0.201904042003125 0.0 0.0 0.0 0.0 0.0 0.0 0.0 0.0 0.0 0.0 0.0 0.0 0.0 0.0 0.0 0.0 0.0 0.0
0.0 0.0035904156770093965 0.0 0.0 0.0 0.0 0.0 0.21407092648021908 0.6620959579999898 0.12024269861919026 0.0 0.0 0.0 0.0 0.0 0.0 0.0 0.0 0.0 0.0 0.0 0.0
0.0 0.002404691939001857 0.0 0.0 0.0 0.0 0.0 0.21707512666932582 0.6389804579563672 0.14153972225302994 0.0 0.0 0.0 0.0 0.0 0.0 0.0 0.0 0.0 0.0 0.0 0.0 0.0 0.0 0.0 0.0
0.0 0.0030114926607849746 0.0 0.0 0.0 0.0 0.0 0.2185967847140992 0.6310451754589705 0.1473465459413117 0.0 0.0 0.0 0.0 0.0 0.0 0.0 0.0 0.0 0.0 0.0 0.0 0.0 0.0 0.0 0.0 0.0 0.0 0.0 0.0 0.0 0.0 0.0 0.0 0.0 0.0 0.0 0.0 0.0 0.0 0.0 0.0 0.0 0.0 0.0 0.0 0.0 0.0 0.0 0.0 0.0 0.0 0.0 0.0
0.0 0.0030412500291330438 0.0 0.0 0.0 0.0 0.0 0.18651438760744635 0.658783320689965 0.1516610404925579 0.0 0.0 0.0 0.0 0.0 0.0 0.0 0.0 0.0 0.0 0.0 0.0 0.0 0.0 0.0 0.0 0.0 0.0 0.0 0.0 0.0 0.0 0.0 0.0 0.0 0.0 0.0 0.0 0.0 0.0 0.0 0.0 0.0 0.0
0.0 0.004298731328066194 0.0 0.0 0.0 0.0 0.0 0.15008728845802108 0.531280421834613 0.314333557401455 0.0 0.0 0.0 0.0 0.0 0.0 0.0 0.0 0.0 0.0 0.0 0.0 0.0 0.0 0.0 0.0 0.0 0.0 0.0 0.0 0.0 0.0 0.0 0.0 0.0 0.0 0.0 0.0 0.0 0.0 0.0 0.0 0.0 0.0 0.0 0.0 0.0 0.0 0.0 0.0 0.0 0.0 0.0 0.0
0.0 0.9999996223565917 0.0
0.0 0.005306115260769192 0.0 0.0 0.0 0.0 0.0 0.21061399652501195 0.6163302585650422 0.16774962845250285 0.0 0.0 0.0 0.0 0.0 0.0 0.0 0.0 0.0 0.0 0.0 0.0 0.0 0.0 0.0 0.0 0.0 0.0 0.0 0.0 0.0 0.0 0.0 0.0 0.0 0.0 0.0 0.0 0.0 0.0 0.0 0.0 0.0 0.0 0.0 0.0 0.0 0.0 0.0 0.0 0.0 0.0
0.0 0.004667484196012663 0.0 0.0 0.0 0.0 0.0 0.2552022266727248 0.5178822132454076 0.22224807446694236 0.0 0.0 0.0 0.0 0.0 0.0 0.0 0.0 0.0 0.0 0.0 0.0 0.0 0.0 0.0 0.0
0.0 0.005577966781727224 0.0 0.0 0.0 0.0 0.0 0.19508210331942424 0.6169696965630131 0.18237023211270034 0.0 0.0 0.0 0.0 0.0 0.0 0.0 0.0 0.0 0.0 0.0 0.0 0.0 0.0 0.0 0.0 0.0 0.0 0.0 0.0 0.0 0.0 0.0 0.0
0.0 0.0002143133078228984 0.0 0.0 0.0 0.0 0.0 0.21220194577925638 0.6413624746603762 0.146221265086497 0.0 0.0 0.0 0.0 0.0 0.0 0.0 0.0 0.0 0.0 0.0 0.0 0.0 0.0 0.0 0.0 0.0
0.0 0.018126081272507772 0.0 0.0 0.0 0.0 0.0 0.2306157240944171 0.5795831453755775 0.17167504775199893 0.0 0.0 0.0 0.0 0.0 0.0 0.0 0.0 0.0 0.0 0.0 0.0 0.0 0.0 0.0 0.0 0.0 0.0 0.0 0.0 0.0 0.0 0.0 0.0 0.0 0.0 0.0 0.0 0.0 0.0 0.0 0.0 0.0 0.0 0.0 0.0 0.0 0.0 0.0 0.0 0.0 0.0 0.0 0.0 0.0 0.0 0.0 0.0 0.0 0.0 0.0 0.0 0.0 0.0 0.0
0.0 0.9999999073055509 0.0 0.0 0.0 0.0 0.0
0.0 0.0018513330251982948 0.0 0.0 0.0 0.0 0.0 0.2466132255575466 0.5157807558410251 0.23575468404830122 0.0 0.0 0.0 0.0 0.0 0.0 0.0 0.0 0.0 0.0 0.0 0.0 0.0 0.0 0.0 0.0 0.0 0.0 0.0 0.0 0.0
0.0 0.0 0.0 0.0 0.0 0.0 0.0017305269216012656 0.1709030657313084 0.7582346349505921 0.06913177130523925 0.0 0.0 0.0 0.0 0.0 0.0 0.0 0.0 0.0 0.0 0.0 0.0 0.0 0.0 0.0 0.0 0.0 0.0 0.0 0.0 0.0 0.0 0.0 0.0 0.0 0.0 0.0 0.0
0.0 0.0 0.0 0.0 0.0 0.0 0.0 0.21578808513000777 0.6382273914450572 0.14598452219326039 0.0 0.0 0.0 0.0 0.0 0.0 0.0 0.0 0.0 0.0 0.0 0.0 0.0
0.0 0.9999999215892741 0.0
0.0 0.0 0.0 0.0 0.0 0.0 0.0 0.0
0.0 0.9999994879270095
0.0 0.0 0.0 0.0 0.0 0.0
0.0 0.0050484567449025795 0.0 0.0 0.0 0.0 0.0 0.20609744934171076 0.6075770562983117 0.18127703645393226 0.0 0.0 0.0 0.0 0.0 0.0 0.0 0.0 0.0 0.0 0.0 0.0 0.0 0.0 0.0 0.0 0.0 0.0 0.0 0.0 0.0 0.0 0.0 0.0 0.0 0.0 0.0 0.0 0.0 0.0 0.0 0.0 0.0 0.0 0.0 0.0 0.0 0.0 0.0 0.0 0.0 0.0 0.0 0.0 0.0 0.0 0.0 0.0 0.0 0.0 0.0 0.0 0.0 0.0 0.0 0.0 0.0 0.0 0.0 0.0 0.0 0.0 0.0
0.0 0.9999995122346398 0.0
0.0 0.0 0.0 0.0
0.0 0.9999999097375938 0.0
0.0 0.0 0.0 0.0
0.0 0.0 0.0 0.0 0.0 0.0 0.0 0.18973219611492384 0.7169851870303631 0.09328261575219454 0.0 0.0 0.0 0.0 0.0 0.0 0.0 0.0 0.0 0.0 0.0 0.0 0.0 0.0 0.0 0.0 0.0 0.0 0.0 0.0 0.0 0.0 0.0 0.0 0.0 0.0 0.0 0.0 0.0 0.0 0.0 0.0 0.0 0.0 0.0 0.0 0.0 0.0 0.0
0.0 0.004381829630022665 0.0 0.0 0.0 0.0 0.0 0.24760260732165115 0.49611801129700794 0.25189755029150357 0.0 0.0 0.0 0.0 0.0 0.0 0.0 0.0 0.0 0.0 0.0 0.0 0.0 0.0 0.0 0.0 0.0 0.0 0.0 0.0 0.0 0.0 0.0 0.0 0.0 0.0 0.0 0.0 0.0 0.0 0.0 0.0 0.0 0.0 0.0 0.0 0.0 0.0 0.0 0.0 0.0 0.0 0.0 0.0 0.0 0.0 0.0 0.0
0.0 0.00248506117741152 0.0 0.0 0.0 0.0 0.0 0.20500551386605637 0.6022918004048615 0.19021762332464065 0.0 0.0 0.0 0.0 0.0 0.0 0.0 0.0 0.0 0.0 0.0 0.0 0.0 0.0 0.0 0.0 0.0 0.0 0.0 0.0 0.0
0.0 0.9999999074501322 0.0
0.0 0.0036238766066007014 0.0 0.0 0.0 0.0 0.0 0.17819962927700683 0.542583713246255 0.2755927798660252 0.0 0.0 0.0 0.0 0.0 0.0 0.0 0.0 0.0 0.0 0.0 0.0 0.0 0.0 0.0 0.0 0.0 0.0 0.0
0.0 0.0031754150077502826 0.0 0.0 0.0 0.0 0.0 0.22284865188062392 0.5907207866099909 0.1832551452670274 0.0 0.0 0.0 0.0 0.0 0.0 0.0 0.0 0.0 0.0 0.0 0.0 0.0 0.0 0.0 0.0 0.0 0.0 0.0 0.0 0.0 0.0
0.0 0.011820329869173238 0.0 0.0 0.0 0.0 0.0 0.21736310083741478 0.6189033895559639 0.15191317857375192 0.0 0.0 0.0 0.0 0.0 0.0 0.0 0.0 0.0 0.0 0.0 0.0 0.0 0.0 0.0 0.0 0.0 0.0 0.0 0.0 0.0 0.0 0.0 0.0 0.0 0.0 0.0 0.0 0.0 0.0 0.0 0.0 0.0 0.0
0.0 0.99999945623994 0.0
0.0 0.0 0.0 0.0 0.0
0.0 0.000461391418968299 0.0 0.0 0.0 0.0 0.0 0.1758799359931251 0.5423577817188805 0.2813008898686965 0.0 0.0 0.0 0.0 0.0 0.0 0.0 0.0 0.0 0.0 0.0 0.0 0.0 0.0 0.0 0.0 0.0 0.0 0.0 0.0 0.0 0.0 0.0 0.0 0.0 0.0 0.0 0.0 0.0 0.0 0.0 0.0 0.0 0.0 0.0 0.0 0.0 0.0
0.0 0.009211935944848709 0.0 0.0 0.0 0.0 0.0 0.19217505552110345 0.6375902536203384 0.16102275372569286 0.0 0.0 0.0 0.0 0.0 0.0 0.0 0.0 0.0 0.0 0.0 0.0 0.0 0.0 0.0 0.0 0.0 0.0 0.0 0.0 0.0 0.0 0.0 0.0 0.0 0.0 0.0 0.0 0.0 0.0 0.0 0.0 0.0 0.0 0.0 0.0 0.0 0.0 0.0 0.0 0.0 0.0 0.0 0.0 0.0 0.0 0.0 0.0 0.0 0.0 0.0 0.0 0.0 0.0 0.0 0.0 0.0 0.0 0.0 0.0 0.0 0.0 0.0 0.0 0.0 0.0 0.0 0.0 0.0 0.0 0.0 0.0 0.0 0.0 0.0 0.0 0.0 0.0 0.0 0.0 0.0 0.0 0.0 0.0 0.0 0.0 0.0 0.0 0.0 0.0
0.0 0.0 0.0 0.0 0.0
0.0 0.0 0.0
0.0 0.9999996484556986 0.0
0.0 0.0036137330792269324 0.0 0.0 0.0 0.0 0.0008024992616666789 0.2255816431565003 0.6036160760807026 0.1663860471983685 0.0 0.0 0.0 0.0 0.0 0.0 0.0 0.0 0.0 0.0 0.0 0.0 0.0 0.0 0.0 0.0 0.0 0.0 0.0 0.0 0.0 0.0 0.0 0.0 0.0 0.0 0.0 0.0 0.0 0.0 0.0 0.0 0.0
0.0 0.014265430703682254 0.0 0.0 0.0 0.0 0.0 0.20432998861783983 0.605139453618071 0.176265125862474 0.0 0.0 0.0 0.0 0.0 0.0 0.0 0.0 0.0 0.0 0.0 0.0 0.0 0.0 0.0 0.0 0.0 0.0 0.0 0.0 0.0 0.0 0.0 0.0 0.0 0.0 0.0 0.0 0.0 0.0 0.0 0.0 0.0 0.0 0.0 0.0 0.0 0.0 0.0 0.0
0.0 0.0016423858472094555 0.0 0.0 0.0 0.0 0.0 0.19808567258043258 0.5835435244289449 0.2167284159524299 0.0 0.0 0.0 0.0 0.0 0.0 0.0 0.0 0.0 0.0 0.0 0.0 0.0 0.0 0.0 0.0 0.0 0.0 0.0 0.0 0.0 0.0 0.0 0.0 0.0 0.0 0.0 0.0 0.0 0.0 0.0 0.0 0.0 0.0 0.0 0.0 0.0 0.0 0.0 0.0 0.0 0.0 0.0 0.0 0.0 0.0 0.0 0.0 0.0 0.0 0.0 0.0 0.0 0.0 0.0 0.0 0.0 0.0 0.0 0.0 0.0 0.0
0.0 0.005803199861107715 0.0 0.0 0.0 0.0 0.0005451560966102778 0.19537435755182908 0.5993879076338644 0.19888937763986306 0.0 0.0 0.0 0.0 0.0 0.0 0.0 0.0 0.0 0.0 0.0 0.0 0.0 0.0 0.0 0.0 0.0 0.0 0.0 0.0 0.0 0.0 0.0 0.0 0.0 0.0 0.0 0.0
0.0 0.002042943988180006 0.0 0.0 0.0 0.0 0.0 0.17433092030842254 0.5054713244479153 0.31815481021408126 0.0 0.0 0.0 0.0 0.0 0.0 0.0 0.0 0.0 0.0 0.0 0.0 0.0 0.0 0.0 0.0 0.0 0.0 0.0 0.0 0.0 0.0 0.0 0.0 0.0 0.0 0.0 0.0 0.0 0.0 0.0 0.0 0.0
0.0
0.0 0.0
0.0 0.00734411490193445 0.0 0.0 0.0 0.0 0.0 0.23347473891708884 0.599988531277981 0.15919261338311477 0.0 0.0 0.0 0.0 0.0 0.0 0.0 0.0 0.0
0.0 0.9999998894636498 0.0
0.0 0.012846621754105145 0.0 0.0 0.0 0.0 0.0 0.23077567937599316 0.6068352626338092 0.14954243481075857 0.0 0.0 0.0 0.0 0.0 0.0 0.0 0.0 0.0 0.0 0.0 0.0 0.0 0.0 0.0 0.0 0.0 0.0 0.0 0.0 0.0 0.0 0.0 0.0 0.0 0.0 0.0 0.0
0.0 0.011975247458644912 0.0 0.0 0.0 0.0 0.0 0.20974281397510447 0.6018217225984179 0.17646021482051585 0.0 0.0 0.0 0.0 0.0 0.0 0.0 0.0 0.0 0.0 0.0 0.0 0.0 0.0 0.0 0.0 0.0 0.0 0.0 0.0 0.0 0.0 0.0 0.0 0.0 0.0 0.0
0.0 0.9999997036433851 0.0 0.0
0.0 0.0024018519829986777 0.0 0.0 0.0 0.0 0.0 0.2887816766603439 0.6010111920879407 0.10780527777028143 0.0 0.0 0.0 0.0 0.0 0.0 0.0 0.0 0.0 0.0 0.0 0.0 0.0 0.0 0.0 0.0 0.0 0.0 0.0 0.0 0.0 0.0 0.0 0.0 0.0 0.0 0.0 0.0 0.0 0.0 0.0 0.0 0.0 0.0 0.0 0.0 0.0 0.0 0.0 0.0 0.0 0.0 0.0 0.0 0.0
0.0 0.0007676847387356259 0.0 0.0 0.0 0.0 0.0 0.20545872596096126 0.7185507959627225 0.07522279224345123 0.0 0.0 0.0 0.0 0.0 0.0 0.0 0.0 0.0 0.0 0.0 0.0 0.0 0.0 0.0 0.0 0.0 0.0 0.0 0.0 0.0 0.0 0.0 0.0 0.0 0.0 0.0 0.0 0.0
0.0 0.9999994310364346 0.0 0.0 0.0
0.0 0.0 0.0 0.0 0.0 0.0 0.0 0.22199598116666874 0.662186038684284 0.11581797892579286 0.0 0.0 0.0 0.0 0.0 0.0 0.0 0.0 0.0 0.0 0.0 0.0 0.0 0.0 0.0 0.0 0.0 0.0 0.0 0.0 0.0 0.0 0.0 0.0 0.0 0.0 0.0 0.0 0.0 0.0 0.0 0.0 0.0 0.0 0.0 0.0 0.0 0.0 0.0 0.0 0.0 0.0 0.0 0.0 0.0 0.0 0.0 0.0 0.0 0.0 0.0 0.0 0.0 0.0 0.0 0.0 0.0 0.0 0.0 0.0 0.0 0.0 0.0 0.0 0.0 0.0 0.0 0.0 0.0
0.0 0.0 0.0
0.0 0.017044642002861536 0.0 0.0 0.0 0.0 0.0 0.25366975024287425 0.49782830365614933 0.23145730264223788 0.0 0.0 0.0 0.0 0.0 0.0 0.0 0.0 0.0 0.0 0.0 0.0 0.0 0.0 0.0 0.0 0.0 0.0 0.0 0.0 0.0 0.0 0.0 0.0 0.0 0.0 0.0 0.0 0.0
0.0 0.003930003952092372 0.0 0.0 0.0 0.0 0.0 0.2061435015187298 0.6155261027497269 0.174400390602544 0.0 0.0 0.0 0.0 0.0 0.0 0.0 0.0 0.0 0.0 0.0 0.0 0.0 0.0 0.0 0.0 0.0 0.0 0.0 0.0 0.0 0.0 0.0 0.0 0.0 0.0 0.0
0.0 0.00415143903057781 0.0 0.0 0.0 0.0 0.0 0.2580318178272334 0.5332666581329195 0.20455008349463127 0.0 0.0 0.0 0.0 0.0 0.0 0.0 0.0 0.0 0.0 0.0 0.0 0.0 0.0 0.0 0.0 0.0 0.0 0.0 0.0 0.0 0.0 0.0
0.0 0.015347037630792676 0.0 0.0 0.0 0.0 0.0 0.18049651018322183 0.6752041510363591 0.1289523000093029 0.0 0.0 0.0 0.0 0.0 0.0 0.0 0.0 0.0 0.0 0.0 0.0 0.0 0.0 0.0 0.0 0.0 0.0 0.0 0.0 0.0 0.0
0.0 0.0028824986328884494 0.0 0.0 0.0 0.0 0.0 0.2002543959570948 0.6721359904950609 0.12472711367564124 0.0 0.0 0.0 0.0 0.0 0.0 0.0 0.0 0.0 0.0 0.0 0.0 0.0 0.0 0.0 0.0 0.0 0.0 0.0 0.0 0.0
0.0 0.0 0.0 0.0
0.0 0.9999998753842443 0.0 0.0
0.0 0.010358331378393692 0.0 0.0 0.0 0.0 0.0 0.2063984605975078 0.5967652072114377 0.18647799966512368 0.0 0.0 0.0 0.0 0.0 0.0 0.0 0.0 0.0 0.0 0.0 0.0 0.0 0.0 0.0 0.0 0.0 0.0 0.0 0.0 0.0 0.0 0.0 0.0 0.0 0.0 0.0 0.0 0.0 0.0 0.0 0.0 0.0
0.0 0.001227078687160547 0.0 0.0 0.0 0.0 0.0 0.16753855284606528 0.5252373477147626 0.30599701970417226 0.0 0.0 0.0 0.0 0.0 0.0 0.0 0.0 0.0 0.0 0.0 0.0 0.0 0.0 0.0
0.0 0.9999998087959331
0.0 0.001841380508814236 0.0 0.0 0.0 0.0 0.0 0.2080121413021029 0.6151183984348563 0.17502807855963007 0.0 0.0 0.0 0.0 0.0 0.0 0.0 0.0 0.0 0.0 0.0 0.0 0.0 0.0 0.0 0.0 0.0 0.0 0.0 0.0 0.0 0.0 0.0 0.0 0.0 0.0 0.0 0.0 0.0
0.0 0.0038226894010513477 0.0 0.0 0.0 0.0 0.0 0.21671263073421407 0.6169923978520927 0.1624722808351419 0.0 0.0 0.0 0.0 0.0 0.0 0.0 0.0 0.0 0.0 0.0 0.0 0.0 0.0 0.0 0.0 0.0 0.0 0.0 0.0 0.0 0.0 0.0 0.0
0.0 0.9999999215383025 0.0
0.0 0.9999999111775357 0.0 0.0 0.0 0.0
0.0 0.999999728294643 0.0 0.0
0.0 0.0 0.0
0.0 0.015770828415950126 0.0 0.0 0.0 0.0 0.0 0.258279341691762 0.5271404522307278 0.1988093761836796 0.0 0.0 0.0 0.0 0.0 0.0 0.0 0.0 0.0 0.0 0.0 0.0 0.0 0.0 0.0 0.0 0.0
0.0 0.9999999282201573 0.0 0.0
0.0 0.999999897144911 0.0 0.0
0.0 0.9999998666178622 0.0
0.0 0.9999993920600142 0.0 0.0 0.0
0.0 0.016695992349428472 0.0 0.0 0.0 0.0 0.001339153405249542 0.21129028128544733 0.5680592559341369 0.2026153158735888 0.0 0.0 0.0 0.0 0.0 0.0 0.0 0.0 0.0 0.0 0.0 0.0 0.0
0.0 0.9999996747330064 0.0 0.0 0.0
0.0 0.0028378587901277926 0.0 0.0 0.0 0.0 0.0 0.2196629065924422 0.6546018495113483 0.12289738384614057 0.0 0.0 0.0 0.0 0.0 0.0 0.0 0.0 0.0 0.0 0.0 0.0 0.0 0.0 0.0 0.0 0.0 0.0 0.0 0.0
0.0 0.0
0.0 0.004318223514558034 0.0 0.0 0.0 0.0 0.0 0.22089340979464128 0.6127473888024462 0.16204097663763373 0.0 0.0 0.0 0.0 0.0 0.0 0.0 0.0 0.0 0.0 0.0 0.0 0.0 0.0 0.0 0.0 0.0 0.0 0.0 0.0 0.0 0.0 0.0 0.0 0.0 0.0 0.0 0.0
0.0 0.008540533019758535 0.0 0.0 0.0 0.0 0.0 0.21737541282561695 0.576642665212704 0.19744138769748132 0.0 0.0 0.0 0.0 0.0 0.0 0.0 0.0 0.0 0.0 0.0 0.0 0.0
0.0 0.004583318410324493 0.0 0.0 0.0 0.0 0.0 0.18669119052673708 0.5173534668090259 0.29137202321048683 0.0 0.0 0.0 0.0 0.0 0.0 0.0 0.0 0.0 0.0 0.0 0.0 0.0 0.0 0.0 0.0 0.0 0.0 0.0 0.0 0.0 0.0 0.0 0.0 0.0 0.0 0.0 0.0 0.0 0.0 0.0 0.0 0.0 0.0 0.0 0.0 0.0 0.0 0.0 0.0 0.0 0.0 0.0 0.0
0.0 0.00010921975317542344 0.0 0.0 0.0 0.0 0.0 0.224548688593859 0.6390232602476377 0.1363188301603301 0.0 0.0 0.0 0.0 0.0 0.0 0.0 0.0 0.0 0.0 0.0 0.0 0.0 0.0 0.0 0.0 0.0 0.0 0.0 0.0 0.0 0.0 0.0 0.0 0.0 0.0 0.0 0.0 0.0 0.0 0.0 0.0
0.0 0.9999998832439186 0.0
0.0 0.9999994464030056 0.0
0.0 0.0030704393544190626 0.0 0.0 0.0 0.0 0.0 0.21421934885985233 0.6443269443348539 0.13838326627579697 0.0 0.0 0.0 0.0 0.0 0.0 0.0 0.0 0.0 0.0 0.0 0.0 0.0 0.0 0.0 0.0 0.0 0.0 0.0 0.0 0.0 0.0 0.0 0.0 0.0 0.0
0.0 0.0032401742973360115 0.0 0.0 0.0 0.0 0.00199748067938634 0.24951859384078082 0.5122640726937624 0.2329796770130168 0.0 0.0 0.0 0.0 0.0 0.0 0.0 0.0 0.0 0.0 0.0 0.0 0.0 0.0 0.0 0.0 0.0 0.0 0.0 0.0 0.0 0.0 0.0 0.0 0.0 0.0
0.0 0.017826472374736092 0.0 0.0 0.0 0.0 0.0 0.21646880577707897 0.6022818392579679 0.16342288138390154 0.0 0.0 0.0 0.0 0.0 0.0 0.0 0.0 0.0 0.0 0.0 0.0 0.0 0.0 0.0 0.0 0.0 0.0
0.0 0.0025886570071458354 0.0 0.0 0.0 0.0 0.0 0.2158572176268679 0.59234095449431 0.1892131696471125 0.0 0.0 0.0 0.0 0.0 0.0 0.0 0.0 0.0 0.0 0.0 0.0 0.0 0.0 0.0 0.0 0.0 0.0 0.0
0.0 0.999998543306734 0.0
0.0 0.016077523031956698 0.0 0.0 0.0 0.0 0.0 0.21458847827026442 0.5954266795719668 0.17390731789723898 0.0 0.0 0.0 0.0 0.0 0.0 0.0 0.0 0.0 0.0 0.0 0.0 0.0 0.0 0.0 0.0 0.0 0.0 0.0 0.0 0.0 0.0 0.0 0.0 0.0 0.0 0.0 0.0 0.0 0.0 0.0 0.0 0.0 0.0 0.0
0.0 0.9999995322684774 0.0
0.0 0.0037148324493790734 0.0 0.0 0.0 0.0 0.0 0.1987123504783443 0.6221327147743415 0.17544010111144084 0.0 0.0 0.0 0.0 0.0 0.0 0.0 0.0 0.0 0.0 0.0 0.0 0.0 0.0 0.0 0.0 0.0 0.0 0.0
0.0 0.999999752901333
0.0 0.9999992675649204 0.0 0.0
0.0 0.9999999248674548 0.0
0.0 0.015028606544923322 0.0 0.0 0.0 0.0 0.0 0.20536307884896976 0.642241291929256 0.13736702152611338 0.0 0.0 0.0 0.0 0.0 0.0 0.0 0.0 0.0 0.0 0.0 0.0 0.0 0.0 0.0 0.0 0.0 0.0 0.0 0.0 0.0 0.0 0.0 0.0 0.0 0.0 0.0 0.0 0.0 0.0 0.0 0.0 0.0 0.0 0.0
0.0 0.008025442658837822 0.0 0.0 0.0 0.0 0.0 0.21079124591613163 0.606306697804167 0.1748766124255402 0.0 0.0 0.0 0.0 0.0 0.0 0.0 0.0 0.0 0.0 0.0 0.0 0.0 0.0 0.0 0.0 0.0 0.0 0.0 0.0 0.0 0.0 0.0 0.0 0.0 0.0 0.0 0.0 0.0 0.0 0.0 0.0 0.0 0.0 0.0 0.0 0.0 0.0 0.0 0.0 0.0 0.0 0.0
0.0 0.0035617324236500666 0.0 0.0 0.0 0.0 0.0 0.21594044289503248 0.6148448452190534 0.16565297827001388 0.0 0.0 0.0 0.0 0.0 0.0 0.0 0.0

0.0 0.0 0.0 0.0
0.0 0.004121212402384397 0.0 0.0 0.0 0.0 0.0 0.21285369630398318 0.5646351713979918 0.2183899186955748 0.0 0.0 0.0 0.0 0.0 0.0 0.0 0.0 0.0 0.0 0.0 0.0 0.0 0.0 0.0 0.0 0.0 0.0 0.0 0.0 0.0 0.0
0.0 0.9999991178976279
0.0 0.9999995028763771 0.0
0.0 0.9999994922700154 0.0 0.0 0.0
0.0 0.003191688685757904 0.0 0.0 0.0 0.0 0.0 0.22204685152198483 0.6440701987615901 0.13069125979126192 0.0 0.0 0.0 0.0 0.0 0.0 0.0 0.0 0.0 0.0 0.0 0.0 0.0 0.0 0.0 0.0 0.0 0.0 0.0 0.0 0.0 0.0 0.0 0.0 0.0 0.0 0.0 0.0 0.0 0.0 0.0 0.0 0.0 0.0 0.0 0.0
0.0 0.020289421836297956 0.0 0.0 0.0 0.0 0.0 0.2751328284725048 0.5561337771787283 0.14844397097049028 0.0 0.0 0.0 0.0 0.0 0.0 0.0 0.0 0.0 0.0 0.0 0.0 0.0 0.0
0.0 0.9999995515082217 0.0
0.0 0.9999998725228355 0.0 0.0 0.0 0.0 0.0
0.0 0.9999999069733954 0.0 0.0
0.0 0.015221859950214208 0.0 0.0 0.0 0.0 0.0 0.18315745058992985 0.6712703544573406 0.13035033385645622 0.0 0.0 0.0 0.0 0.0 0.0 0.0 0.0 0.0 0.0 0.0 0.0 0.0 0.0 0.0 0.0 0.0 0.0 0.0 0.0 0.0 0.0
0.0 0.0 0.0 0.0 0.0 0.0 0.0 0.20759816116441676 0.6439584266064242 0.1484434110607409 0.0 0.0 0.0 0.0 0.0 0.0 0.0 0.0 0.0 0.0 0.0 0.0 0.0 0.0 0.0 0.0 0.0 0.0 0.0 0.0 0.0 0.0 0.0 0.0 0.0 0.0 0.0 0.0 0.0 0.0 0.0 0.0 0.0 0.0 0.0 0.0 0.0 0.0 0.0 0.0 0.0 0.0 0.0 0.0 0.0 0.0 0.0 0.0 0.0 0.0 0.0 0.0 0.0 0.0 0.0 0.0 0.0 0.0 0.0 0.0 0.0 0.0 0.0 0.0 0.0 0.0 0.0 0.0 0.0 0.0 0.0 0.0 0.0 0.0 0.0 0.0 0.0 0.0 0.0 0.0 0.0 0.0 0.0 0.0 0.0 0.0 0.0 0.0 0.0 0.0
0.0 0.9999984189336169 0.0 0.0 0.0
0.0 0.0009795287611999955 0.0 0.0 0.0 0.0 0.0 0.22342662691155607 0.6202189558047376 0.15537488730309593 0.0 0.0 0.0 0.0 0.0 0.0 0.0 0.0 0.0 0.0 0.0 0.0 0.0 0.0 0.0 0.0 0.0 0.0 0.0 0.0 0.0 0.0 0.0 0.0 0.0 0.0 0.0 0.0 0.0 0.0 0.0 0.0 0.0 0.0 0.0 0.0 0.0 0.0 0.0 0.0 0.0 0.0 0.0 0.0 0.0 0.0 0.0 0.0 0.0 0.0 0.0 0.0 0.0 0.0 0.0 0.0 0.0 0.0 0.0 0.0 0.0 0.0 0.0 0.0 0.0 0.0 0.0 0.0 0.0 0.0 0.0 0.0
0.0 0.9999991995155942 0.0 0.0 0.0 0.0 0.0
0.0 0.9999999171305538
0.0 0.010259426853386374 0.0 0.0 0.0 0.0 0.0 0.21097865077377725 0.621063326379252 0.15769859485161072 0.0 0.0 0.0 0.0 0.0 0.0 0.0 0.0 0.0 0.0 0.0 0.0 0.0 0.0 0.0 0.0 0.0 0.0 0.0 0.0 0.0 0.0 0.0 0.0 0.0 0.0 0.0 0.0 0.0 0.0 0.0 0.0 0.0 0.0 0.0 0.0 0.0 0.0 0.0 0.0 0.0 0.0 0.0 0.0 0.0 0.0 0.0 0.0 0.0 0.0 0.0 0.0 0.0 0.0 0.0 0.0 0.0 0.0 0.0 0.0 0.0 0.0 0.0 0.0 0.0 0.0 0.0 0.0 0.0 0.0 0.0 0.0 0.0 0.0 0.0 0.0 0.0 0.0 0.0 0.0 0.0 0.0 0.0 0.0
0.0 0.001378385450808969 0.0 0.0 0.0 0.0 0.0 0.2038641030083551 0.6213264785999468 0.17343103171847132 0.0 0.0 0.0 0.0 0.0 0.0 0.0 0.0 0.0 0.0 0.0 0.0 0.0 0.0 0.0 0.0 0.0 0.0 0.0 0.0 0.0 0.0 0.0 0.0 0.0
0.0 0.012183560022881812 0.0 0.0 0.0 0.0 0.001652698865635374 0.2221461860784146 0.5637373265448901 0.20028022723177294 0.0 0.0 0.0 0.0 0.0 0.0 0.0 0.0 0.0 0.0 0.0 0.0 0.0 0.0 0.0 0.0 0.0 0.0 0.0 0.0 0.0 0.0 0.0 0.0 0.0 0.0 0.0 0.0 0.0 0.0 0.0 0.0 0.0 0.0 0.0 0.0 0.0 0.0 0.0 0.0 0.0 0.0 0.0 0.0 0.0 0.0
0.0 0.9999996567256868 0.0
0.0 0.9999999112056241
0.0 0.002961142556801171 0.0 0.0 0.0 0.0 0.0 0.21417990093317324 0.5923473462476827 0.19051160902745992 0.0 0.0 0.0 0.0 0.0 0.0 0.0 0.0 0.0 0.0 0.0 0.0 0.0 0.0 0.0 0.0 0.0 0.0 0.0 0.0 0.0 0.0 0.0 0.0 0.0 0.0 0.0 0.0 0.0 0.0 0.0 0.0
0.0 0.008934808818948876 0.0 0.0 0.0 0.0 0.0007926477720181957 0.20652794670465066 0.6516846144981033 0.13205998105834785 0.0 0.0 0.0 0.0 0.0 0.0 0.0 0.0 0.0 0.0 0.0 0.0 0.0 0.0 0.0 0.0 0.0
0.0 0.0017887016104987967 0.0 0.0 0.0 0.0 0.0 0.26181978743043116 0.5150825011413407 0.22130900825523142 0.0 0.0 0.0 0.0 0.0 0.0 0.0 0.0 0.0 0.0 0.0 0.0
0.0 0.0 0.0 0.0 0.0 0.0 0.0 0.20245756623780037 0.6065932681239525 0.19094916446849355 0.0 0.0 0.0 0.0 0.0 0.0 0.0 0.0 0.0 0.0 0.0 0.0 0.0 0.0 0.0 0.0 0.0 0.0 0.0 0.0 0.0 0.0 0.0 0.0 0.0 0.0 0.0 0.0 0.0 0.0 0.0 0.0 0.0 0.0 0.0 0.0 0.0 0.0 0.0 0.0 0.0 0.0 0.0 0.0 0.0 0.0 0.0 0.0 0.0 0.0 0.0 0.0 0.0 0.0 0.0 0.0 0.0 0.0 0.0 0.0 0.0
0.0 0.010561309846524394 0.0 0.0 0.0 0.0 0.0 0.2046654422600428 0.5830856300609208 0.20168761663471235 0.0 0.0 0.0 0.0 0.0 0.0 0.0 0.0 0.0 0.0 0.0 0.0 0.0 0.0 0.0 0.0 0.0 0.0 0.0 0.0 0.0 0.0 0.0 0.0 0.0 0.0 0.0 0.0 0.0 0.0 0.0
0.0 0.0 0.0 0.0 0.0
0.0 0.015157875054714364 0.0 0.0 0.0 0.0 0.0 0.20599420182895553 0.5727880744188145 0.2060598475320636 0.0 0.0 0.0 0.0 0.0 0.0 0.0 0.0 0.0 0.0 0.0 0.0 0.0 0.0 0.0 0.0 0.0 0.0 0.0 0.0 0.0 0.0 0.0 0.0 0.0 0.0 0.0 0.0 0.0 0.0 0.0 0.0 0.0 0.0 0.0 0.0 0.0
0.0 0.004405812642558784 0.0 0.0 0.0 0.0 0.0 0.19915589265288203 0.6212420182915244 0.1751962752244549 0.0 0.0 0.0 0.0 0.0 0.0 0.0 0.0 0.0 0.0 0.0 0.0 0.0 0.0 0.0 0.0 0.0 0.0 0.0 0.0 0.0 0.0 0.0 0.0 0.0 0.0 0.0 0.0 0.0 0.0 0.0
0.0 0.0017526647712512366 0.0 0.0 0.0 0.0 0.0 0.20727881615288477 0.59530891475664 0.19565960314414976 0.0 0.0 0.0 0.0 0.0 0.0 0.0 0.0 0.0 0.0 0.0 0.0 0.0 0.0 0.0 0.0 0.0 0.0 0.0 0.0 0.0 0.0 0.0 0.0 0.0 0.0 0.0 0.0 0.0 0.0 0.0 0.0 0.0 0.0 0.0 0.0 0.0 0.0 0.0
0.0 0.0048848060109413175 0.0 0.0 0.0 0.0 0.0 0.2184694725721595 0.6281078174027696 0.14853790278746642 0.0 0.0 0.0 0.0 0.0 0.0 0.0 0.0 0.0 0.0 0.0 0.0 0.0 0.0 0.0 0.0 0.0
0.0 0.012588789335739585 0.0 0.0 0.0 0.0 0.0 0.20458048143851992 0.5822569935107063 0.20057373456146302 0.0 0.0 0.0 0.0 0.0 0.0 0.0 0.0 0.0 0.0 0.0 0.0 0.0 0.0 0.0 0.0 0.0 0.0 0.0 0.0 0.0 0.0 0.0 0.0 0.0 0.0 0.0 0.0 0.0 0.0 0.0 0.0 0.0 0.0 0.0 0.0 0.0 0.0 0.0 0.0 0.0 0.0 0.0 0.0 0.0 0.0 0.0 0.0 0.0 0.0 0.0 0.0 0.0 0.0 0.0 0.0 0.0 0.0
0.0 0.9999999384408936 0.0 0.0 0.0
0.0 0.012446758516460764 0.0 0.0 0.0 0.0 0.0 0.20773904120465428 0.617774323342069 0.162039875757496 0.0 0.0 0.0 0.0 0.0 0.0 0.0 0.0 0.0 0.0 0.0 0.0 0.0 0.0 0.0 0.0 0.0 0.0 0.0 0.0 0.0 0.0 0.0 0.0 0.0 0.0 0.0 0.0 0.0
0.0 0.0023395577502143814 0.0 0.0 0.0 0.0 0.0 0.2073535635994238 0.6264460037374159 0.16386087374610142 0.0 0.0 0.0 0.0 0.0 0.0 0.0 0.0 0.0 0.0 0.0 0.0 0.0 0.0 0.0 0.0 0.0 0.0 0.0 0.0 0.0 0.0 0.0 0.0 0.0 0.0 0.0 0.0 0.0 0.0 0.0 0.0 0.0 0.0 0.0 0.0 0.0 0.0 0.0 0.0 0.0 0.0 0.0 0.0 0.0
0.0 0.001459825202431412 0.0 0.0 0.0 0.0 0.0 0.2165541405926237 0.5944174547448078 0.18756857824731518 0.0 0.0 0.0 0.0 0.0 0.0 0.0 0.0 0.0 0.0 0.0 0.0 0.0 0.0 0.0 0.0 0.0 0.0 0.0 0.0 0.0 0.0 0.0 0.0 0.0 0.0
0.0 0.9999983172434708 0.0 0.0
0.0 0.0012983309481287809 0.0 0.0 0.0 0.0 0.0 0.2145114856910227 0.6479944732616708 0.13619570890344826 0.0 0.0 0.0 0.0 0.0 0.0 0.0 0.0 0.0 0.0 0.0 0.0 0.0 0.0 0.0 0.0 0.0 0.0 0.0 0.0 0.0 0.0 0.0 0.0 0.0 0.0 0.0 0.0 0.0 0.0 0.0 0.0 0.0 0.0 0.0
0.0 0.9999997102009237 0.0
0.0 0.004506640917311551 0.0 0.0 0.0 0.0 0.0 0.2167451283785989 0.5989214786917569 0.17982675076743068 0.0 0.0 0.0 0.0 0.0 0.0 0.0 0.0 0.0 0.0 0.0 0.0 0.0 0.0 0.0 0.0 0.0 0.0
0.0 0.9999985368914462 0.0 0.0
0.0 0.001373455830182177 0.0 0.0 0.0 0.0 0.0 0.18376739766767292 0.5135909109690686 0.3012682345427483 0.0 0.0 0.0 0.0 0.0 0.0 0.0 0.0 0.0 0.0 0.0 0.0 0.0 0.0 0.0 0.0 0.0 0.0 0.0
0.0 0.9999999139908174 0.0 0.0
0.0 0.9999998881685408 0.0 0.0 0.0 0.0
0.0 0.9999992467829628 0.0 0.0 0.0 0.0
0.0 0.005435912192551634 0.0 0.0 0.0 0.0 0.0 0.2062438922432974 0.5882802243532584 0.20003996998615597 0.0 0.0 0.0 0.0 0.0 0.0 0.0 0.0 0.0 0.0 0.0 0.0 0.0 0.0 0.0 0.0 0.0 0.0
0.0 0.0 0.0 0.0 0.0 0.0
0.0 0.01576833795431954 0.0 0.0 0.0 0.0 0.0006047560270865776 0.2074868715116941 0.576946548522973 0.19919348482295188 0.0 0.0 0.0 0.0 0.0 0.0 0.0 0.0 0.0 0.0 0.0 0.0 0.0
0.0 0.016499866615741435 0.0 0.0 0.0 0.0 0.0027206110860318977 0.2248846191916843 0.5926392208863661 0.16325568098481302 0.0 0.0 0.0 0.0 0.0 0.0 0.0 0.0 0.0
0.0 0.0004875960845992788 0.0 0.0 0.0 0.0 0.0 0.20478021583761336 0.6290668336758907 0.16566535321227546 0.0 0.0 0.0 0.0 0.0 0.0 0.0 0.0 0.0 0.0 0.0 0.0 0.0 0.0 0.0 0.0 0.0 0.0 0.0 0.0 0.0 0.0 0.0 0.0 0.0 0.0 0.0 0.0 0.0 0.0 0.0 0.0 0.0 0.0 0.0 0.0 0.0 0.0 0.0 0.0 0.0 0.0 0.0 0.0 0.0 0.0 0.0 0.0 0.0 0.0 0.0 0.0 0.0 0.0 0.0 0.0 0.0 0.0 0.0 0.0 0.0 0.0 0.0 0.0 0.0 0.0 0.0 0.0 0.0 0.0 0.0
0.0 0.0 0.0 0.0 0.0 0.0 0.9999995209719788
0.0 0.9999999003903229 0.0
0.0 0.9999982581033164
0.0 0.9999997264628766
0.0 0.9999999331516652 0.0 0.0 0.0
0.0 0.0025759529082340017 0.0 0.0 0.0 0.0 0.0 0.1943080762846931 0.6386331690093183 0.16448280056842043 0.0 0.0 0.0 0.0 0.0 0.0 0.0 0.0 0.0 0.0 0.0 0.0 0.0 0.0 0.0 0.0 0.0 0.0 0.0 0.0 0.0 0.0 0.0 0.0 0.0 0.0 0.0 0.0 0.0 0.0 0.0 0.0 0.0 0.0 0.0 0.0 0.0 0.0 0.0 0.0 0.0 0.0
0.0 0.9999997663831026 0.0 0.0 0.0
0.0 0.9999992402768718 0.0 0.0
0.0 0.0016980099736743737 0.0 0.0 0.0 0.0 0.0 0.19252130960434402 0.66334945488101 0.14243122430939945 0.0 0.0 0.0 0.0 0.0 0.0 0.0 0.0 0.0 0.0 0.0 0.0 0.0 0.0
0.0 0.9999996395626456 0.0 0.0
0.0 0.0004659545905305432 0.0 0.0 0.0 0.0 0.0005528169164999003 0.18692264969868314 0.7112719858114587 0.10078659177918708 0.0 0.0 0.0 0.0 0.0 0.0 0.0 0.0 0.0 0.0 0.0 0.0 0.0 0.0 0.0 0.0 0.0 0.0 0.0 0.0 0.0 0.0 0.0 0.0 0.0 0.0 0.0 0.0 0.0 0.0 0.0 0.0 0.0 0.0 0.0 0.0 0.0 0.0 0.0 0.0 0.0
0.0 0.999999657346156 0.0 0.0
0.0 0.005028359114345353 0.0 0.0 0.0 0.0 0.0 0.20739062545542325 0.5887763312527525 0.1988046829826034 0.0 0.0 0.0 0.0 0.0 0.0 0.0 0.0 0.0 0.0 0.0 0.0
0.0 0.0058619848748628495 0.0 0.0 0.0 0.0 0.0 0.19788162574737783 0.6295667963457056 0.16668959185953075 0.0 0.0 0.0 0.0 0.0 0.0 0.0 0.0 0.0 0.0 0.0 0.0 0.0
0.0 0.9999983977185039
0.0 0.002313832414201912 0.0 0.0 0.0 0.0 0.0 0.21662814809594894 0.6689806388156261 0.11207737948297218 0.0 0.0 0.0 0.0 0.0 0.0 0.0 0.0 0.0 0.0 0.0 0.0 0.0 0.0 0.0 0.0 0.0 0.0 0.0
