0.0 0.0 0.0 0.0 0.4610366891508422 0.3495123145022903 0.1894509947832676 0.0 0.0 0.0
0.0 0.0 0.0 0.0 0.45884154050837006 0.35101976965567366 0.19013868831045774 0.0 0.0 0.0 0.0 0.0 0.0
0.0 0.0 0.0 0.0 0.4593905896063551 0.3518907250397041 0.1887186838263417 0.0 0.0 0.0 0.0 0.0 0.0 0.0
0.0 0.0 0.0 0.0 0.4466661753892744 0.3568748056087757 0.19645901750584777 0.0 0.0 0.0 0.0 0.0 0.0 0.0
0.0 0.0 0.0 0.0 0.4530136966146762 0.35198171131771033 0.19500459052949393 0.0 0.0 0.0 0.0 0.0
0.0 0.0 0.0 0.0 0.45645952417699265 0.3639194629683203 0.17962101133575617 0.0 0.0 0.0 0.0 0.0 0.0 0.0
0.0 0.0 0.0 0.0 0.45128220240883093 0.35416566078608697 0.19455213529320387 0.0 0.0 0.0 0.0 0.0 0.0 0.0 0.0
0.0 0.0 0.0 0.0 0.4569455902414882 0.3489281532469294 0.19412625498221284
0.0 0.0 0.0 0.0 0.4609536510352246 0.3644477916016109 0.17459855581048833 0.0 0.0 0.0 0.0 0.0 0.0 0.0
0.0 0.0 0.0 0.0 0.4429743350946808 0.34060073652252393 0.2164249268891541 0.0 0.0 0.0 0.0 0.0 0.0 0.0 0.0 0.0 0.0 0.0
0.0 0.0 0.0 0.0 0.44268139376718474 0.3476745926639891 0.20964401206272518
0.0 0.0 0.0 0.0 0.446845138423363 0.35646259284083376 0.19669226716033694 0.0 0.0
0.0 0.0 0.0 0.0 0.4564455570244149 0.3693829331361315 0.17417150824167324 0.0 0.0 0.0 0.0 0.0 0.0
0.0 0.0 0.0 0.0 0.4565471302321026 0.35716534473704153 0.18628752343525332 0.0 0.0 0.0
0.0 0.0 0.0 0.0 0.43311173243371703 0.34714996787192764 0.2197382981590116 0.0 0.0 0.0 0.0 0.0 0.0
0.0 0.0 0.0 0.0 0.42558960925075096 0.3412360496740224 0.23317433964822748 0.0 0.0 0.0 0.0 0.0 0.0 0.0 0.0 0.0 0.0 0.0 0.0 0.0 0.0
0.0 0.0 0.0 0.0 0.4637731386524766 0.3545974789050875 0.18162938086818717 0.0 0.0 0.0 0.0 0.0 0.0 0.0 0.0 0.0
0.0 0.0 0.0 0.0 0.46043690697606765 0.351113087468351 0.1884500040202781 0.0 0.0 0.0 0.0 0.0 0.0
0.0 0.0 0.0 0.0 0.2908394663332377 0.222411786925905 0.11773810150068473 0.0 0.0 0.0 0.0 0.0 0.0 0.0 0.0 0.0 0.0 0.0 0.0 0.0 0.0 0.0 0.0 0.0 0.0 0.004484458469106573 0.006776733854988775 0.004457893884463255 0.003558708642267998 0.0075837052163688886 0.013762978218587607 0.019837925871204788 0.01708704207094801 0.009541132304052586 0.008296717763016439 0.011614195167921715 0.018125373587561115 0.021647961193627704 0.018288480607408723 0.012145356668827394 0.009238533639446999 0.012098720823579568 0.016195549003762806 0.0199653566773833 0.018449094089565014 0.011928684698269215 0.009904367874343898 0.010738006889002866 0.013926393540230987 0.018951899058146378 0.02029829187704851 0.012473002820090064 0.008667320028416109 0.00896675972975358
0.0 0.0 0.0 0.0 0.4287498896062559 0.34104662611519365 0.23020348284386333 0.0 0.0 0.0
0.0 0.0 0.0 0.0 0.4631771152809431 0.35794995077706787 0.1788729323765552 0.0 0.0 0.0 0.0 0.0 0.0 0.0 0.0 0.0 0.0 0.0
0.0 0.0 0.0 0.016532124216577033 0.4844635107879292 0.34074558011785505 0.15825878312442707 0.0 0.0 0.0 0.0
0.0 0.0 0.0 0.0 0.14043938626570124 0.10792995866688433 0.05622278818735761 0.0 0.0 0.0 0.0 0.0 0.0 0.0 0.0 0.0 0.0 0.0 0.0 0.0 0.0 0.0 0.0 0.0 0.0019056518047587813 0.00456056711260925 0.005970904617319287 0.003870575216763139 0.002778943602017662 0.005572789671615055 0.00883173397252588 0.011786726411139372 0.009664655511398234 0.006360447832803195 0.0057582406023054065 0.007322838663362948 0.009855189384547111 0.01120968199490087 0.010049858883621978 0.0072088143196628 0.0064238424710730945 0.007148950752038867 0.00869981677173589 0.010316686373619577 0.009638498599543077 0.0070041147806817194 0.005882472214170941 0.006130077185316977 0.007680274775589808 0.010187812640853866 0.010284907637441706 0.006873329321770104 0.004555969973500743 0.005247783631909422 0.006381007210503139 0.009273271640999257 0.010331934301359319 0.007527315992293186 0.003767865592939252 0.0045033430765204175 0.005507061377993401 0.008273486547389755 0.011044292043658777 0.009818702854053231 0.005200022865151782 0.004614957295822975 0.005047193629415165 0.007547074694101433 0.011915200705595068 0.012633981847744767 0.008035728990075758 0.00668726843798473 0.00684319781880313 0.008892400015313178 0.012915297972838746 0.016787388176345275 0.013818446884135424 0.010270070843277811 0.009823486217779245 0.010953902932572855 0.01478121286283769 0.018272787696448155 0.017085527491523225 0.012714426384328646 0.011167997368561791 0.011884515026954739 0.013987857307916836 0.016153835834141303 0.017428756554669547 0.013277804432622465 0.01062343250481535 0.010639562975307628 0.012136374375956771 0.014453888461589471 0.013185542279731474 0.011207047861180769 0.009561995367545184 0.009239107070591297 0.010410137845082278
0.0 0.0 0.0 0.0 0.4558706280076593 0.3539039114191463 0.19022545894686382 0.0 0.0 0.0 0.0 0.0 0.0
0.0 0.0 0.0 0.0 0.44768884374270923 0.3516222531342337 0.2006889016359614 0.0 0.0 0.0 0.0 0.0 0.0 0.0 0.0 0.0 0.0 0.0 0.0 0.0 0.0 0.0 0.0 0.0
0.0 0.0 0.0 0.0 0.44120446975852423 0.34932162856739407 0.20947390016324444 0.0 0.0 0.0 0.0 0.0 0.0 0.0 0.0 0.0 0.0 0.0 0.0 0.0 0.0 0.0
0.0 0.0 0.0 0.0 0.44966273880975416 0.3633905647106692 0.18694669495611155 0.0 0.0 0.0 0.0 0.0 0.0 0.0 0.0 0.0
0.0 0.0 0.0 0.0 0.4518043272778338 0.3525929015933449 0.195602769618547 0.0 0.0 0.0 0.0 0.0
0.0 0.0 0.0 0.0 0.43191010633377086 0.36387312588724957 0.20421676631950691 0.0 0.0 0.0 0.0 0.0 0.0 0.0 0.0 0.0 0.0 0.0 0.0 0.0
0.0 0.0 0.0 0.0 0.5015979139314363 0.3487678644932785 0.14963421985801922 0.0 0.0 0.0 0.0
0.0 0.0 0.0 0.0 0.4610263566914578 0.3577855068482848 0.18118813492862157 0.0 0.0 0.0 0.0 0.0 0.0 0.0 0.0
0.0 0.0 0.0 0.0 0.4419926020986293 0.341600838983878 0.2164065574334958 0.0 0.0 0.0 0.0
0.0 0.0 0.0 0.0 0.4525806234318384 0.35731472420388294 0.1901046508743936 0.0 0.0 0.0 0.0 0.0 0.0 0.0 0.0 0.0 0.0 0.0 0.0 0.0 0.0 0.0 0.0 0.0
0.0 0.0 0.0 0.0 0.3560198553406242 0.27757437250041206 0.15052440886292126 0.0 0.0 0.0 0.0 0.0 0.0 0.0 0.0 0.0 0.0 0.0 0.0 0.0 0.0 0.0 0.0 0.0 0.00501219723963994 0.012972962879593826 0.015388727350512612 0.009697604211786361 0.00706611255815708 0.014426685579089283 0.02293202345249521 0.030347335261306386 0.024525182103020002 0.015924360593426674 0.014710077093081524 0.018267362501457194 0.024610731249468328
0.0 0.0 0.0 0.0 0.4941814404699633 0.35336186363517647 0.15245669417844643
0.0 0.0 0.0 0.0 0.4623701956431537 0.3581519599364603 0.17947784286636032 0.0 0.0 0.0 0.0 0.0 0.0
0.0 0.0 0.0 0.0 0.4446851665511547 0.3627091423659713 0.19260568956343913 0.0 0.0 0.0 0.0 0.0 0.0 0.0
0.0 0.0 0.0 0.0 0.47074965087785353 0.35804755049993414 0.17120279706379526 0.0 0.0 0.0 0.0 0.0 0.0
0.0 0.0 0.0 0.0 0.4579216318166206 0.3676723113466484 0.17440605523253086 0.0 0.0 0.0 0.0 0.0 0.0 0.0 0.0
0.0 0.0 0.0 0.0 0.44377629849362604 0.36260053765438943 0.19362316238428748 0.0 0.0 0.0 0.0 0.0 0.0
0.0 0.0 0.0 0.0 0.4552650221841825 0.3585495496729947 0.18618542654118866 0.0 0.0 0.0 0.0 0.0 0.0 0.0
0.0 0.0 0.0 0.0 0.43748286340079 0.33796220021092344 0.22455493490755365 0.0 0.0 0.0 0.0 0.0 0.0 0.0
0.0 0.0 0.0 0.0 0.46928110145860563 0.35368033822706363 0.17703855865344048 0.0 0.0
0.0 0.0 0.0 0.0 0.4810146946720755 0.3500236730620802 0.16896163067800804 0.0 0.0 0.0 0.0 0.0 0.0 0.0 0.0
0.0 0.0 0.0 0.0 0.4397945686071245 0.3567191189293775 0.20348631097380407 0.0 0.0 0.0 0.0 0.0 0.0 0.0 0.0
0.0 0.0 0.0 0.0 0.47304814075781243 0.3550128632931734 0.1719389943546454 0.0 0.0 0.0 0.0 0.0 0.0 0.0
0.0 0.0 0.0 0.0 0.44219482384774095 0.3535617430778068 0.20424343158019856 0.0 0.0 0.0 0.0 0.0 0.0 0.0 0.0
0.0 0.0 0.0 0.0 0.45536375617874814 0.352954433010254 0.1916818092068 0.0 0.0 0.0 0.0 0.0 0.0 0.0
0.0 0.0 0.0 0.0 0.5091480885009326 0.3506604961625817 0.14019141356731202 0.0 0.0 0.0 0.0 0.0 0.0
0.0 0.0 0.0 0.0 0.451495135789162 0.3600946932869298 0.18841016934874752 0.0 0.0 0.0 0.0
0.0 0.0 0.0 0.0 0.48406704906012515 0.3472713871031285 0.16866156215786238 0.0 0.0
0.0 0.0 0.0 0.0 0.464533447157312 0.35722463755626355 0.17824191373336704 0.0 0.0 0.0 0.0 0.0 0.0 0.0 0.0 0.0 0.0
0.0 0.0 0.0 0.0 0.4541218403584122 0.35277671532024857 0.1931014427431734 0.0 0.0 0.0 0.0 0.0 0.0 0.0 0.0 0.0 0.0 0.0 0.0 0.0
0.0 0.0 0.0 0.0 0.46142157103032466 0.35445695131555466 0.18412147608563867 0.0 0.0 0.0 0.0 0.0 0.0 0.0
0.0 0.0 0.0 0.0 0.4168178049800101 0.3343859838244542 0.1930722917400338 0.0 0.0 0.0 0.0 0.0 0.0 0.0 0.0 0.0 0.0 0.0 0.0 0.0 0.0 0.0 0.0 0.0 0.0 0.009990198556005563 0.0143112655448154 0.008812431299267403 0.007743630056596985 0.014866392576238343
0.0 0.0 0.0 0.0 0.47140053101451634 0.35994575302574466 0.16865371432193468 0.0 0.0 0.0 0.0 0.0 0.0 0.0 0.0 0.0 0.0 0.0
0.0 0.0 0.0 0.0 0.45235174613580414 0.35334977650384247 0.19429847580491047 0.0 0.0 0.0 0.0 0.0
0.0 0.0 0.0 0.0 0.4494619771194112 0.34934242622711276 0.2011955951518693 0.0 0.0 0.0 0.0 0.0 0.0 0.0
0.0 0.0 0.0 0.0 0.449073099387904 0.35379762617320687 0.19712927291353824 0.0 0.0 0.0 0.0 0.0 0.0 0.0 0.0 0.0 0.0
0.0 0.0 0.0 0.0 0.45778935921288894 0.3547358485528213 0.18747479072691403 0.0 0.0 0.0 0.0 0.0 0.0
0.0 0.0 0.0 0.0 0.5159437662031408 0.34721129791683963 0.13684493412464344 0.0 0.0 0.0 0.0 0.0 0.0 0.0 0.0 0.0
0.0 0.0 0.0 0.0 0.4277772207007713 0.35983463661466425 0.21238814124396857 0.0 0.0 0.0 0.0 0.0 0.0 0.0 0.0 0.0 0.0
0.0 0.0 0.0 0.0 0.43554894798483174 0.34376222932060396 0.22068882122289832 0.0
0.0 0.0 0.0 0.0 0.45201697631179066 0.35254486876769564 0.19466973498395815 0.0 0.0 0.0 0.0 0.0 0.0 0.0 0.0 0.0 0.0 0.0 0.0 0.0 0.0 0.0 0.0 0.0 0.0007684184170489407
0.0 0.0 0.0 0.0 0.4474490762371456 0.35200468176725774 0.20054624050236677 0.0 0.0 0.0 0.0 0.0 0.0 0.0 0.0 0.0 0.0
0.0 0.0 0.0 0.0 0.4599241523894783 0.34830361345381095 0.19177223260921755 0.0 0.0 0.0
0.0 0.0 0.0 0.0 0.4567497560105439 0.3505745076045743 0.19267573485413603 0.0 0.0 0.0 0.0 0.0 0.0 0.0
0.0 0.0 0.0 0.0 0.4562625944702076 0.36321157829115225 0.1805258256788446 0.0 0.0 0.0 0.0 0.0 0.0 0.0 0.0
0.0 0.0 0.0 0.0 0.5046555443868551 0.34809882312724394 0.1472456307122893 0.0 0.0 0.0 0.0 0.0
0.0 0.0 0.0 0.0 0.45901893579008224 0.3584645868332943 0.18251647583068317 0.0 0.0 0.0 0.0 0.0 0.0 0.0 0.0 0.0 0.0
0.0 0.0 0.0 0.0 0.4655085520552394 0.3581079052555967 0.17638354113763083 0.0 0.0 0.0 0.0 0.0 0.0 0.0
0.0 0.0 0.0 0.0 0.44755197208880715 0.3526474724165723 0.1998005539697646 0.0 0.0 0.0 0.0 0.0 0.0 0.0 0.0
0.0 0.0 0.0 0.0 0.4708353061716705 0.3559159564689212 0.17324873572854518 0.0 0.0 0.0 0.0 0.0 0.0 0.0 0.0
0.0 0.0 0.0 0.0 0.45853442589033444 0.35280866208196043 0.18865691044807514 0.0 0.0 0.0 0.0 0.0 0.0 0.0 0.0 0.0 0.0 0.0
0.0 0.0 0.0 0.0 0.453164513266144 0.35518409432901665 0.19165139088079802 0.0 0.0 0.0 0.0
0.0 0.0 0.0 0.0 0.4524730476561281 0.35487774143919143 0.1926492093790188 0.0 0.0 0.0 0.0 0.0 0.0
0.0 0.0 0.0 0.0 0.4505043550135132 0.356026364513981 0.19346927895443575 0.0 0.0 0.0 0.0
0.0 0.0 0.0 0.0 0.4508739935665948 0.35664001609327417 0.19248598878855278 0.0 0.0 0.0 0.0 0.0
0.0 0.0 0.0 0.0 0.4315542540597466 0.32715211135737476 0.20703045363621395 0.0 0.0 0.0 0.0 0.0 0.0 0.0 0.0 0.0 0.0 0.0 0.0 0.0 0.0 0.0 0.0 0.0 0.0014838320393168786 0.010154926617961833 0.01369922987643158 0.00892519093906896
0.0 0.0 0.0 0.0 0.46241749825077544 0.3504800969985605 0.18710240320742041 0.0 0.0 0.0 0.0 0.0 0.0 0.0 0.0 0.0 0.0 0.0 0.0 0.0
0.0 0.0 0.0 0.0 0.45070048374463934 0.35525052806222834 0.19404898667123358 0.0 0.0 0.0 0.0 0.0 0.0
0.0 0.0 0.0 0.0 0.42306933821928105 0.3293610004950956 0.1799818120756914 0.0 0.0 0.0 0.0 0.0 0.0 0.0 0.0 0.0 0.0 0.0 0.0 0.0 0.0 0.0 0.0 0.0 0.0 0.00046738974926248546 0.010474815228567263 0.002335491333156504 0.005237277772020649 0.00697428371761832 0.013142657707642606 0.028955932279041016
0.0 0.0 0.0 0.0 0.14674609638205335 0.11698494588357501 0.05837928254392179 0.0 0.0 0.0 0.0 0.0 0.0 0.0 0.0 0.0 0.0 0.0 0.0 0.0 0.0 0.0 0.0 0.0 0.0 0.0024184782382107215 0.0038949327688365554 0.0008692562099291117 0.0018488014229590451 0.00392124010196092 0.007087356445106158 0.010148089293194046 0.00857774514794919 0.005046620327260276 0.004418099570585359 0.006350935281879627 0.009390584322861967 0.01104656623169073 0.009379191063495664 0.006509807646444488 0.005521718873583478 0.006471973200234154 0.008346510539403955 0.01012101207039933 0.009425442600850216 0.006595905128320763 0.005396160392020655 0.005699213521505691 0.007346956503106755 0.009566754280524038 0.009495359475841663 0.006580009768328187 0.004700150589890297 0.004765054873862539 0.005858889008388545 0.00958559442234926 0.010232939627654678 0.008322571955553124 0.004351970294295901 0.004075683293098498 0.004826142942130658 0.008230799075963023 0.01086274076439288 0.009425901396013483 0.004778014683313482 0.0019890090402279017 0.004152557792125257 0.0072576123761817594 0.011395342868684464 0.012302872934276052 0.007673716511038236 0.006162916962204387 0.006110700164598251 0.008434659214142971 0.01312253126385897 0.017287850392678425 0.014203823766416851 0.009776782767357823 0.009422680598579597 0.010633477959607686 0.014890454576879599 0.018599518993717475 0.017827567052952513 0.01281945967179191 0.011303719536008746 0.01199053958793723 0.014521120777932517 0.01849680241863333 0.016727258090911093 0.0129385285557737 0.01112723940696869 0.011023658783045873 0.012601495967204704 0.014218871693894578 0.013620267705129493 0.011665580604882078 0.009854748404982133 0.009537902803596924 0.010569508805414901 0.012137723291823421
0.0 0.0 0.0 0.0 0.4466969163564485 0.36290162741707255 0.1904014546543539 0.0 0.0 0.0 0.0 0.0
0.0 0.0 0.0 0.0 0.44714805405921654 0.3355373789725578 0.17574295323641148 0.0 0.0 0.0 0.0 0.0 0.0 0.0 0.0 0.0 0.0 0.0 0.0 0.0 0.0 0.0 0.0 0.00413118516107754 0.01348846680657658 0.023951960169298705
0.0 0.0 0.0 0.0 0.4066234052069239 0.3175846858668141 0.20914229381545865 0.0 0.0 0.0 0.0 0.0 0.0 0.0 0.0 0.0 0.0 0.0 0.0 0.0 0.0 0.0 0.0 0.0 0.0 0.004740356250377177 0.0080701824792399 0.005008015435384464 0.004672148665377213 0.005635150929084481 0.017430256644276262 0.021093503347493534
0.0 0.0 0.0 0.0 0.43335692768157813 0.3493125619572884 0.2173305089257389 0.0 0.0 0.0 0.0 0.0 0.0 0.0
0.0 0.0 0.0 0.0 0.46034455835745125 0.3550325176016018 0.1846229224782633 0.0 0.0 0.0 0.0 0.0 0.0 0.0 0.0 0.0 0.0
0.0 0.0 0.0 0.0 0.4591823544420005 0.35809694243961343 0.18272070155648928 0.0 0.0 0.0 0.0 0.0
0.0 0.0 0.0 0.0 0.4278171819560889 0.3554926670729764 0.19284361187046636 0.0 0.0 0.0 0.0 0.0 0.0 0.0 0.0 0.0 0.0 0.0 0.0 0.0 0.0 0.0 0.0 0.0 0.0 0.007001471828576379 0.010524659590269032 0.0063204062508266075
0.0 0.0 0.0 0.0 0.5183605318250603 0.3458664016054745 0.13577306464361377 0.0 0.0 0.0 0.0 0.0 0.0 0.0 0.0 0.0 0.0 0.0
0.0 0.0 0.0 0.0 0.4577945244868568 0.3558629575802885 0.18634251639495125 0.0 0.0 0.0 0.0 0.0 0.0
0.0 0.0 0.0 0.0 0.4548952853729433 0.34834678374224387 0.19675792937248707 0.0 0.0 0.0 0.0 0.0 0.0 0.0
0.0 0.0 0.0 0.0 0.46953795688582184 0.3600110319602576 0.17045100955011452 0.0 0.0 0.0 0.0 0.0 0.0 0.0
0.0 0.0 0.0 0.0 0.4886277130382127 0.35971968101355506 0.15165260430140715 0.0 0.0 0.0 0.0 0.0 0.0
0.0 0.0 0.0 0.0 0.4576689378883276 0.3536573226503484 0.18867373790324143 0.0 0.0 0.0 0.0
0.0 0.0 0.0 0.0 0.45168179983901546 0.35093959586798357 0.19737860275803326 0.0 0.0 0.0 0.0 0.0 0.0 0.0
0.0 0.0 0.0 0.0 0.45417851308304064 0.354915278232911 0.19090620710280132 0.0 0.0 0.0 0.0 0.0 0.0 0.0 0.0 0.0 0.0 0.0
0.0 0.0 0.0 0.0 0.4465822318410308 0.3586370582592739 0.19478070833439629 0.0 0.0 0.0 0.0 0.0
0.0 0.0 0.0 0.0 0.4441374149635639 0.35510623754582327 0.2007563458991882 0.0 0.0 0.0 0.0 0.0 0.0
0.0 0.0 0.0 0.0 0.4648217268966711 0.3544117666623813 0.18076650488350882 0.0 0.0 0.0 0.0 0.0 0.0 0.0 0.0 0.0 0.0 0.0
0.0 0.0 0.0 0.0 0.45069565022864116 0.3530115873296275 0.1962927609341703 0.0 0.0 0.0 0.0 0.0 0.0 0.0 0.0
0.0 0.0 0.0 0.0 0.4286138265709274 0.3488347241380071 0.2225514477629638 0.0 0.0 0.0 0.0 0.0 0.0
0.0 0.0 0.0 0.0 0.4555138820448221 0.3563844776827696 0.18810163869887045
0.0 0.0 0.0 0.0 0.4469526902807524 0.355028012432315 0.19801929576153213 0.0 0.0 0.0 0.0 0.0 0.0
0.0 0.0 0.0 0.0 0.46303465265236604 0.3547646446559709 0.18220070113404566 0.0 0.0 0.0 0.0 0.0
0.0 0.0 0.0 0.0 0.4454809100207972 0.34117354764097746 0.21334554084527116 0.0
0.0 0.0 0.0 0.0 0.44143466458539776 0.3570082242563447 0.20155710964644505 0.0 0.0 0.0 0.0 0.0 0.0 0.0
0.0 0.0 0.0 0.0 0.44456833262361367 0.3604457978598579 0.1949858679939344 0.0 0.0 0.0 0.0
0.0 0.0 0.0 0.0 0.45508838055730894 0.36000808049249255 0.1849035374141713 0.0 0.0 0.0
0.0 0.0 0.0 0.0 0.4425453808640352 0.3558606274575703 0.20159399020159766 0.0 0.0 0.0 0.0 0.0 0.0 0.0 0.0 0.0 0.0 0.0 0.0
0.0 0.0 0.0 0.0 0.45338207068455655 0.35286497300969394 0.19375295476082227 0.0 0.0 0.0 0.0 0.0 0.0 0.0 0.0 0.0 0.0
0.0 0.0 0.0 0.0 0.43935442457798196 0.36844789519844706 0.19219767873298615 0.0 0.0 0.0 0.0 0.0 0.0 0.0 0.0 0.0 0.0
0.0 0.0 0.0 0.0 0.5214576891986572 0.35312396697844184 0.1254183419875559 0.0 0.0 0.0 0.0 0.0 0.0 0.0
0.0 0.0 0.0 0.0 0.44707131607926826 0.36582324939365335 0.18710543300208304 0.0 0.0 0.0 0.0 0.0 0.0 0.0 0.0
0.0 0.0 0.0 0.0 0.45054810836742426 0.308398641296593 0.12785203563999956 0.0 0.0 0.0 0.0 0.0 0.0 0.0 0.0 0.0 0.0 0.0 0.0 0.0 0.0 0.0 0.0 0.0 0.0 0.007445578233920815 0.010963648352075186 0.0063368732090604805 0.005322450360401667 0.01220212025513429 0.015519629715867792 0.029950300863139545 0.025460612185611936
0.0 0.0 0.0 0.0 0.49830185188751347 0.3557145899273755 0.1459835564657731 0.0 0.0 0.0 0.0 0.0 0.0 0.0
0.0 0.0 0.0 0.0 0.446194037666189 0.33816948354955373 0.2156364772526646 0.0 0.0
0.0 0.0 0.0 0.0 0.4353783919494546 0.35545073775728875 0.182635842784172 0.0 0.0 0.0 0.0 0.0 0.0 0.0 0.0 0.0 0.0 0.0 0.0 0.0 0.0 0.0 0.0 0.0 0.0 0.007929292783539967 0.01131949980110402 0.007286233457644385
0.0 0.0 0.0 0.0 0.4566569681644387 0.356727809637812 0.18661522069224534 0.0 0.0 0.0 0.0 0.0 0.0 0.0 0.0 0.0
0.0 0.0 0.0 0.0 0.43511413113727104 0.3576909891592422 0.20719487824981464 0.0 0.0 0.0 0.0 0.0
0.0 0.0 0.0 0.0 0.4631891898246259 0.35191097235381363 0.1848998362545473 0.0 0.0 0.0
0.0 0.0 0.0 0.0 0.4475649168738788 0.33609047402005576 0.21634460751251153
0.0 0.0 0.0 0.0 0.45956363363707087 0.35611860660271455 0.18431775821533544 0.0
0.0 0.0 0.0 0.0 0.4554060204485921 0.36312806102835116 0.18146591694673653 0.0 0.0 0.0 0.0 0.0 0.0
0.0 0.0 0.0 0.0 0.45085993491837995 0.3596444594430844 0.18949560411110225 0.0 0.0 0.0 0.0 0.0 0.0 0.0 0.0 0.0 0.0 0.0
0.0 0.0 0.0 0.0 0.43560602636585016 0.35147835475420885 0.2129156173469664 0.0 0.0 0.0 0.0 0.0
0.0 0.0 0.0 0.0 0.4538590072191023 0.35760630204453275 0.18853468921494526 0.0 0.0 0.0 0.0 0.0 0.0
0.0 0.0 0.0 0.0 0.44838535306855076 0.3565466965660554 0.1950679488465263 0.0 0.0 0.0 0.0 0.0 0.0 0.0 0.0
0.0 0.0 0.0 0.0 0.4444986105036558 0.35465095366679567 0.20085043432191685 0.0 0.0 0.0 0.0 0.0
0.0 0.0 0.0 0.0 0.46139718338781555 0.3579884578325821 0.18061435724699124 0.0 0.0 0.0 0.0 0.0 0.0 0.0 0.0 0.0 0.0
0.0 0.0 0.0 0.0 0.566414494285569 0.4335855038239952
0.0 0.0 0.0 0.0 0.4623045777698907 0.35418179002650013 0.1835136306568741 0.0 0.0 0.0 0.0 0.0 0.0
0.0 0.0 0.0 0.0 0.4389085839538579 0.3530304648789507 0.2080609496898545 0.0 0.0 0.0 0.0 0.0 0.0 0.0
0.0 0.0 0.0 0.0 0.4388394601514939 0.3516568355770402 0.2095037027987321 0.0 0.0 0.0 0.0 0.0 0.0 0.0 0.0 0.0
0.0 0.0 0.0 0.0 0.45930933032416393 0.34750837336340573 0.1770767513644599 0.0 0.0 0.0 0.0 0.0 0.0 0.0 0.0 0.0 0.0 0.0 0.0 0.0 0.0 0.0 0.0 0.0 0.0034935894736797847 0.01261195391341968
0.0 0.0 0.0 0.0 0.5007123538392909 0.35278539302138484 0.1465022514615181 0.0 0.0 0.0 0.0 0.0 0.0 0.0 0.0
0.0 0.0 0.0 0.0 0.4888053998015802 0.350446176861151 0.1607484216921487 0.0 0.0 0.0 0.0 0.0 0.0 0.0 0.0 0.0 0.0 0.0 0.0 0.0 0.0
0.0 0.0 0.0 0.0 0.5176839947501213 0.3453919300043889 0.1369240734497242 0.0 0.0 0.0
0.0 0.0 0.0 0.0 0.45687694585407096 0.35066091697032464 0.19246213564491457 0.0 0.0 0.0 0.0 0.0 0.0 0.0 0.0 0.0 0.0 0.0
0.0 0.0 0.0 0.0 0.456819285454742 0.35228082586723214 0.19089988714562428 0.0 0.0 0.0 0.0 0.0 0.0 0.0 0.0 0.0 0.0 0.0
0.0 0.0 0.0 0.0 0.4938982309221056 0.3469242976782413 0.15917746971385743 0.0 0.0 0.0 0.0 0.0 0.0 0.0 0.0 0.0 0.0 0.0 0.0
0.0 0.0 0.0 0.0 0.48947927270941033 0.3609338426428288 0.1495868830183273 0.0 0.0 0.0 0.0 0.0 0.0 0.0 0.0 0.0
0.0 0.0 0.0 0.0 0.4780231262206805 0.3319882600010875 0.18998861210377066 0.0 0.0 0.0 0.0
0.0 0.0 0.0 0.0 0.45954945487344556 0.35321561994766404 0.1872349236181991 0.0 0.0 0.0 0.0 0.0 0.0 0.0
0.0 0.0 0.0 0.0 0.4591406756697945 0.3529358361956173 0.18792348655229754
0.0 0.0 0.0 0.0 0.44039377825579895 0.3390167302007358 0.2205894900741103 0.0 0.0 0.0 0.0 0.0 0.0
0.0 0.0 0.0 0.0 0.4326423878142735 0.3411724485536987 0.22618516216584791 0.0 0.0 0.0 0.0 0.0 0.0 0.0 0.0 0.0 0.0 0.0
0.0 0.0 0.0 0.0 0.4805778137475968 0.3464728748278274 0.17294930982017895 0.0
0.0 0.0 0.0 0.0 0.42781365921091596 0.3397689680353908 0.23241737128990042 0.0 0.0 0.0 0.0 0.0 0.0 0.0 0.0
0.0 0.0 0.0 0.0 0.5131674833786644 0.34514097884932765 0.1416915360588719 0.0 0.0 0.0 0.0 0.0 0.0 0.0 0.0 0.0 0.0 0.0 0.0
0.0 0.0 0.0 0.0 0.46393017993656255 0.3529977876130065 0.18307203083945825 0.0 0.0 0.0 0.0 0.0 0.0 0.0 0.0 0.0 0.0 0.0 0.0 0.0 0.0 0.0
0.0 0.0 0.0 0.0 0.45431831277482804 0.3505859977545798 0.19509568793696092 0.0 0.0 0.0 0.0 0.0 0.0
0.0 0.0 0.0 0.0 0.4256497520370397 0.3454428153353653 0.22890743119449683 0.0 0.0 0.0 0.0 0.0 0.0 0.0 0.0 0.0 0.0 0.0
0.0 0.0 0.0 0.0 0.43861234208399186 0.3412462897779627 0.22014136666574444 0.0 0.0 0.0 0.0 0.0
0.0 0.0 0.0 0.0 0.4428920791729231 0.33797319157870076 0.21913472774626486 0.0 0.0 0.0 0.0 0.0 0.0
0.0 0.0 0.0 0.0 0.46702608348178276 0.33529064723966645 0.19768326765747074 0.0 0.0 0.0 0.0 0.0 0.0 0.0
0.0 0.0 0.0 0.0 0.5167773551116651 0.3433564268824878 0.13986621618058864 0.0 0.0 0.0 0.0 0.0 0.0 0.0
0.0 0.0 0.0 0.0 0.4525340558447701 0.34944045674024915 0.1980254858531452 0.0 0.0 0.0 0.0 0.0 0.0 0.0
0.0 0.0 0.0 0.0 0.48540939676687617 0.34895549556172145 0.16563510601251283 0.0 0.0
0.0 0.0 0.0 0.0 0.4471919744666977 0.3390836858760266 0.21372433812112646 0.0 0.0 0.0 0.0 0.0 0.0 0.0 0.0 0.0 0.0
0.0 0.0 0.0 0.0 0.4693546716096953 0.3576621264303118 0.17298320031246575 0.0 0.0 0.0 0.0 0.0 0.0 0.0 0.0 0.0 0.0
0.0 0.0 0.0 0.0 0.4516195559831375 0.3672664692948782 0.1811139732103922 0.0 0.0 0.0 0.0 0.0 0.0
0.0 0.0 0.0 0.0 0.467473610200375 0.3464136235649741 0.186112764629618 0.0 0.0 0.0 0.0 0.0 0.0 0.0 0.0 0.0
0.0 0.0 0.0 0.0 0.46901311196718587 0.3542175501221124 0.17676933630815864 0.0 0.0 0.0 0.0 0.0 0.0
0.0 0.0 0.0 0.0 0.434102885925518 0.34422623061902535 0.22167088198898255 0.0 0.0 0.0 0.0 0.0 0.0 0.0 0.0 0.0 0.0 0.0
0.0 0.0 0.0 0.0 0.44424088520743077 0.35124033993843434 0.20451877335344817 0.0 0.0 0.0 0.0 0.0 0.0
0.0 0.0 0.0 0.0 0.4399320803476625 0.3375906371583012 0.2224772809729703 0.0 0.0 0.0 0.0 0.0
0.0 0.0 0.0 0.0 0.45112803592329836 0.35282842687413934 0.19604353560909066 0.0 0.0 0.0 0.0 0.0 0.0 0.0 0.0 0.0 0.0 0.0 0.0
0.0 0.0 0.0 0.0 0.4489391269919333 0.3553610427413637 0.19569982868275446 0.0 0.0 0.0 0.0 0.0
0.0 0.0 0.0 0.0 0.45887479863299147 0.3541650207601249 0.1869601790049467 0.0 0.0 0.0
0.0 0.0 0.0 0.0 0.46164838349777365 0.3567975117809938 0.1815541031519861 0.0 0.0 0.0 0.0 0.0
0.0 0.0 0.0 0.0 0.4392824797785487 0.35082209174875567 0.20989542698530964 0.0 0.0 0.0
0.0 0.0 0.0 0.0 0.43920501933607126 0.36226712995600197 0.1985278492239221 0.0 0.0 0.0 0.0 0.0 0.0 0.0 0.0
0.0 0.0 0.0 0.0 0.44809145868004874 0.3413716870618118 0.21053685276693335 0.0 0.0 0.0 0.0 0.0 0.0 0.0 0.0 0.0 0.0
0.0 0.0 0.0 0.0 0.47882446450302035 0.3511664323961117 0.1700091015055434 0.0 0.0
0.0 0.0 0.0 0.0 0.4393185910709105 0.34166440212308385 0.21901700535943844 0.0 0.0 0.0 0.0 0.0 0.0
0.0 0.0 0.0 0.0 0.5156939380636065 0.34892395441997637 0.13538210563881753
0.0 0.0 0.0 0.0 0.42319916416918035 0.3474200449037162 0.229380789483392 0.0 0.0 0.0 0.0 0.0 0.0 0.0 0.0 0.0 0.0 0.0 0.0 0.0 0.0
0.0 0.0 0.0 0.0 0.47067187560668833 0.35358511688043287 0.17574300591033334 0.0 0.0 0.0 0.0 0.0 0.0 0.0
0.0 0.0 0.0 0.0 0.49994155365911847 0.34457292040171744 0.15548552427949552 0.0 0.0 0.0
0.0 0.0 0.0 0.0 0.4804344096167358 0.34837004696038687 0.17119554178925794 0.0 0.0 0.0 0.0 0.0 0.0 0.0
0.0 0.0 0.0 0.0 0.4548700758380746 0.3666633701057921 0.17846655251919785 0.0 0.0 0.0 0.0 0.0 0.0
0.0 0.0 0.0 0.0 0.45975294047100856 0.3556416565615249 0.18460540144348922 0.0 0.0 0.0 0.0 0.0 0.0 0.0 0.0 0.0 0.0 0.0
0.0 0.0 0.0 0.0 0.44963212036863887 0.3524352796333318 0.1979325985081969 0.0 0.0 0.0 0.0 0.0 0.0 0.0 0.0 0.0 0.0 0.0
0.0 0.0 0.0 0.0 0.44147639205029005 0.35263360711889485 0.20588999935471314 0.0 0.0 0.0 0.0 0.0 0.0 0.0 0.0 0.0 0.0 0.0
0.0 0.0 0.0 0.0 0.4380814320195132 0.35337405888857704 0.20854450761471788 0.0 0.0 0.0 0.0 0.0 0.0 0.0 0.0 0.0 0.0
0.0 0.0 0.0 0.0 0.4395905161207122 0.35112777806538636 0.20928170431931453 0.0 0.0 0.0 0.0 0.0 0.0 0.0
0.0 0.0 0.0 0.0 0.45447410635903956 0.35313582120344017 0.1923900708833949 0.0 0.0 0.0 0.0 0.0 0.0
0.0 0.0 0.0 0.0 0.45033361090247637 0.35298732617483 0.19667906139791713 0.0 0.0 0.0 0.0 0.0 0.0 0.0 0.0
0.0 0.0 0.0 0.0 0.46227809345616294 0.35452300453906216 0.18319890045657067 0.0 0.0 0.0 0.0 0.0 0.0 0.0 0.0 0.0 0.0 0.0
0.0 0.0 0.0 0.0 0.4731832016712338 0.35418724618055303 0.17262955055276963 0.0 0.0 0.0 0.0 0.0 0.0 0.0 0.0
0.0 0.0 0.0 0.0 0.4552079050860972 0.3608490759791318 0.18394301739794414 0.0 0.0 0.0 0.0 0.0 0.0 0.0 0.0 0.0 0.0 0.0 0.0 0.0
0.0 0.0 0.0 0.0 0.44084320698341006 0.35102415208880317 0.20813263939593224 0.0 0.0 0.0 0.0 0.0 0.0 0.0 0.0 0.0 0.0
0.0 0.0 0.0 0.0 0.4446752108185663 0.35102092472976976 0.20430386295009512 0.0 0.0 0.0 0.0 0.0 0.0 0.0 0.0 0.0 0.0
0.0 0.0 0.0 0.0 0.4924258248080896 0.356639348913453 0.15093482463883695 0.0 0.0 0.0 0.0 0.0 0.0 0.0 0.0 0.0 0.0
0.0 0.0 0.0 0.0 0.44826286128093507 0.3605315764311798 0.19120556076193565 0.0 0.0 0.0 0.0 0.0 0.0 0.0
0.0 0.0 0.0 0.0 0.45907794065494545 0.36620958165021006 0.1747124761553415
0.0 0.0 0.0 0.0 0.44050100732553277 0.35922453567153584 0.20027445546282716 0.0 0.0 0.0
0.0 0.0 0.0 0.0 0.45708332168534044 0.3569415840060492 0.18597509279886248 0.0 0.0 0.0 0.0 0.0
0.0 0.0 0.0 0.0 0.45075858260598545 0.34976458807862904 0.19947682778395956 0.0 0.0 0.0 0.0 0.0 0.0 0.0
0.0 0.0 0.0 0.0 0.43426515619854333 0.344575134269576 0.22115970801226473 0.0 0.0 0.0 0.0 0.0 0.0 0.0 0.0 0.0 0.0 0.0 0.0
0.0 0.0 0.0 0.0 0.4662776360875597 0.3583114293712803 0.17541093285402495 0.0 0.0 0.0
0.0 0.0 0.0 0.0 0.4463161006662869 0.3572078929628592 0.19647600486093922 0.0 0.0 0.0
0.0 0.0 0.0 0.0 0.4490953326931505 0.35654313669302795 0.19436152909277263 0.0 0.0 0.0 0.0 0.0 0.0
0.0 0.0 0.0 0.0 0.45278400431865223 0.36737500835474396 0.17984098575979143 0.0 0.0 0.0 0.0
0.0 0.0 0.0 0.0 0.4425258162514374 0.3531257850482369 0.20434839717207398 0.0
0.0 0.0 0.0 0.0 0.4555819858784589 0.3541246179338968 0.19029339465858125 0.0 0.0 0.0 0.0 0.0 0.0
0.0 0.0 0.0 0.0 0.4570995854887136 0.34931872110454476 0.1935816918386841 0.0 0.0 0.0 0.0 0.0
0.0 0.0 0.0 0.0 0.46161942556436875 0.35649420603787246 0.18188636683285905 0.0 0.0 0.0 0.0 0.0 0.0 0.0 0.0 0.0 0.0
0.0 0.0 0.0 0.0 0.45022599692918697 0.35446764630132627 0.19530635526233764 0.0 0.0 0.0 0.0 0.0 0.0 0.0 0.0 0.0 0.0 0.0 0.0 0.0 0.0 0.0 0.0 0.0 0.0
0.0 0.0 0.0 0.0 0.47157621553729534 0.34977134222071293 0.178652440671395 0.0 0.0 0.0 0.0 0.0
0.0 0.0 0.0 0.0 0.30714426655619953 0.2345569538051926 0.14735957600633104 0.0 0.0 0.0 0.0 0.0 0.0 0.0 0.0 0.0 0.0 0.0 0.0 0.0 0.0 0.0 0.0 0.0 0.000977441431680231 0.006619487564855443 0.009812817245378818 0.006163197630351428 0.005284862349116769 0.010187452841213676 0.012756211008644408 0.023620567469579818 0.01920974986492701 0.011502693851179528 0.010486108804692775 0.014015225963113154 0.02024371284897301 0.023879488824515065 0.020590910005305548 0.014260560294264804 0.012341667783072859 0.01428362265842918 0.018175240600485646 0.021770895099872897 0.02027050002892926 0.014486788419987174
0.0 0.0 0.0 0.0 0.4443081214516352 0.34774285406127753 0.20794902298690643 0.0 0.0 0.0 0.0 0.0
0.0 0.0 0.0 0.0 0.43321017103774695 0.3498603298582659 0.21692949767375916 0.0 0.0 0.0 0.0 0.0 0.0
0.0 0.0 0.0 0.0 0.431342607621843 0.3457447961214141 0.22291259479899508 0.0 0.0 0.0 0.0 0.0 0.0 0.0 0.0 0.0 0.0 0.0 0.0 0.0
0.0 0.0 0.0 0.0 0.4465372470092463 0.36021015304487214 0.19325259841778514 0.0 0.0 0.0 0.0 0.0 0.0 0.0 0.0
0.0 0.0 0.0 0.0 0.4386554337959826 0.357848384608469 0.20349618011476564 0.0 0.0 0.0 0.0 0.0 0.0
0.0 0.0 0.0 0.0 0.3699693862786803 0.259508542530909 0.11132333844810956 0.0 0.0 0.0 0.0 0.0 0.0 0.0 0.0 0.0 0.0 0.0 0.0 0.0 0.0 0.0 0.0 0.0 0.0 0.004902664439950923 0.007310982409274217 0.0041266254777536536 0.0037436352173744764 0.008358973696797316 0.016358418407674713 0.02446714157286962 0.020694063765322956 0.010354918536847483 0.00980486489150937 0.01453728004600449 0.02198719022727001 0.026639282559504925 0.023049330863791444 0.015117318366963431 0.012968404363618903 0.014407666496446345 0.020369970170149358
0.0 0.0 0.0 0.0 0.45356947066978864 0.35797030560126347 0.18846022211202365 0.0 0.0
0.0 0.0 0.0 0.0 0.4424725078192932 0.33548428810402736 0.22204320250144519 0.0 0.0 0.0 0.0 0.0 0.0 0.0 0.0 0.0 0.0 0.0 0.0 0.0
0.0 0.0 0.0 0.0 0.42267895123789756 0.34831263201279006 0.2290084153109801 0.0 0.0 0.0 0.0 0.0 0.0 0.0 0.0 0.0 0.0 0.0 0.0
0.0 0.0 0.0 0.0 0.46058584570252864 0.34767888838689154 0.19173526435768645 0.0 0.0 0.0 0.0 0.0 0.0 0.0 0.0 0.0 0.0
0.0 0.0 0.0 0.0 0.4437436139775872 0.3661173985303894 0.19013898599874735 0.0 0.0 0.0 0.0 0.0 0.0 0.0 0.0 0.0 0.0 0.0 0.0
0.0 0.0 0.0 0.0 0.4938282855954561 0.3484604780490479 0.15771123465064255 0.0 0.0 0.0 0.0
0.0 0.0 0.0 0.0 0.4484905198262106 0.3397674561707539 0.21174202250028368 0.0 0.0 0.0 0.0 0.0 0.0 0.0 0.0 0.0
0.0 0.0 0.0 0.0 0.4433217073886209 0.3513263994933318 0.20535189163035703 0.0 0.0 0.0 0.0 0.0 0.0
0.0 0.0 0.0 0.0 0.45016446846077557 0.34909115217669856 0.20074437783327928 0.0 0.0 0.0 0.0 0.0 0.0
0.0 0.0 0.0 0.0 0.465554727159628 0.3514783901142578 0.1829668811740699 0.0 0.0
0.0 0.0 0.0 0.0 0.47070888717208376 0.36352740287877455 0.16576370830896806 0.0 0.0 0.0 0.0 0.0 0.0 0.0
0.0 0.0 0.0 0.0 0.4491977704812497 0.3531687810663788 0.19763344694968946 0.0 0.0 0.0
0.0 0.0 0.0 0.0 0.459218151065904 0.35640203058914005 0.18437981675880818 0.0 0.0 0.0 0.0
0.0 0.0 0.0 0.0 0.456296298879576 0.3523582402085111 0.19134545939868472 0.0 0.0 0.0 0.0 0.0 0.0 0.0
0.0 0.0 0.0 0.0 0.47949569182222035 0.35361457308124583 0.1668897334279726 0.0 0.0 0.0 0.0 0.0 0.0 0.0 0.0 0.0 0.0 0.0 0.0 0.0
0.0 0.0 0.0 0.0 0.42503065742725454 0.3405677027441564 0.23440163837724423 0.0 0.0 0.0 0.0 0.0 0.0 0.0 0.0 0.0 0.0 0.0 0.0 0.0 0.0 0.0
0.0 0.0 0.0 0.0 0.4581142753415621 0.34855792351918463 0.1933277995326907 0.0 0.0 0.0 0.0 0.0 0.0 0.0 0.0 0.0 0.0
0.0 0.0 0.0 0.0 0.2222804208349571 0.18330073382696588 0.10085035876775124 0.0 0.0 0.0 0.0 0.0 0.0 0.0 0.0 0.0 0.0 0.0 0.0 0.0 0.0 0.0 0.0 0.0 0.00012884603278525108 0.004434077164243558 0.005998177400433176 0.004137086279542395 0.0032169212504831782 0.006333629538269224 0.011346761849347548 0.016358398506861986 0.01370238212547623 0.008119583198027408 0.006194279147895766 0.009674758208531153 0.014389993199283318 0.01717154987125173 0.01465278022611051 0.009729325215764193 0.008272848036114727 0.009872575435848876 0.012656422196902084 0.015416209109508557 0.014366370220807799 0.009940096889903613 0.00792754545434166 0.008497372766513672 0.010917763189792365 0.015579844739842563 0.01456357249103228 0.009750887670585654 0.006806631716979506 0.007050733509050458 0.009111173684769509 0.013887175340690217 0.015679197875653667 0.011104415189342492 0.005982338777018057 0.003483623411383644 0.005351083929498108 0.012192334113432549 0.016154590317454882 0.014199470587440423 0.006513146922493215 0.005805528873571106 0.005774840845051493 0.01015695970013855 0.016784797511827293 0.01893187150718905 0.006977851354361634 0.009223137614909024 0.00904752562561882
0.0 0.0 0.0 0.0 0.4887925886179909 0.3564372793764753 0.15477013037778814 0.0 0.0 0.0
0.0 0.0 0.0 0.0 0.47247009095253184 0.36195491958408343 0.16557498782293384 0.0 0.0 0.0 0.0
0.0 0.0 0.0 0.0 0.14469404790754034 0.11444415923973231 0.06360122267806811 0.0 0.0 0.0 0.0 0.0 0.0 0.0 0.0 0.0 0.0 0.0 0.0 0.0 0.0 0.0 0.0 0.0 0.0 0.0028534986178080325 0.0040753503502610686 0.002877325644837806 0.0023421047956211027 0.00447889230986267 0.007379477172456656 0.010905144398134444 0.009005365760876561 0.004933497001988086 0.004684051005666595 0.006469138549538116 0.009495111740581328 0.011298935167658718 0.009595612159184629 0.006675467497520683 0.005710415028193873 0.006269879419429166 0.00844498631264177 0.010338797939764477 0.00960065135256135 0.006704832259937859 0.005352383483147018 0.005731830460780745 0.0073353256722308476 0.009712378536224236 0.009660356998955927 0.0066106543018978284 0.00379330681544947 0.004754420164903935 0.00613387952858436 0.009186638187912696 0.010375074845891013 0.00833304403589932 0.0031856688656828037 0.003775224414184477 0.004750403575066494 0.007830303153108047 0.011069882000384819 0.009415963867181467 0.0044250114934320335 0.0037997523165455398 0.0040204177651278206 0.006877003788897807 0.011239518438663386 0.0123767273986628 0.007929300654388466 0.005978470221543018 0.0036035701111679715 0.008152549042748217 0.012482845756852663 0.0128434739128473 0.014341228090408128 0.009617434992646775 0.009139119934144908 0.010595319222427709 0.014666785137497678 0.018570812027063774 0.018665744633704986 0.012818668941434595 0.011073143941621079 0.011964574424587829 0.014724264205954232 0.017693339808984795 0.01695859825460052 0.013315199467259151 0.011030752376720004 0.011147370193708895 0.012665877207802177 0.015391167590431454 0.013760497738048034 0.01170686375010752 0.00999108995112531 0.009580712406368092 0.010759736007881446 0.012208355087932344
0.0 0.0 0.0 0.0 0.45345447600229427 0.35842854006770636 0.1881169823904096 0.0 0.0 0.0 0.0 0.0 0.0 0.0 0.0
0.0 0.0 0.0 0.0 0.4517752094231874 0.3549601123532254 0.19326467667949424 0.0 0.0 0.0 0.0 0.0 0.0 0.0 0.0 0.0 0.0 0.0 0.0 0.0 0.0 0.0 0.0 0.0
0.0 0.0 0.0 0.04568326804239885 0.44324450405731763 0.3062708928540996 0.15621008429030622 0.0 0.0 0.0 0.0 0.0 0.0 0.0 0.0 0.0 0.0 0.0 0.0 0.010992271703133097 0.014569200152806513 0.01011751145257962 0.012912265734099806
0.0 0.0 0.0 0.0 0.444505790640808 0.35657829906961747 0.19891590877340026 0.0 0.0 0.0 0.0 0.0 0.0 0.0
0.0 0.0 0.0 0.0 0.48690341409769833 0.3560171376393547 0.15707944660631926 0.0 0.0 0.0 0.0 0.0
0.0 0.0 0.0 0.0 0.46249275949734847 0.3516705865523856 0.18583665236980695 0.0 0.0 0.0 0.0 0.0 0.0 0.0 0.0 0.0
0.0 0.0 0.0 0.0 0.4313305548076532 0.34284027062062283 0.2258291731272202 0.0 0.0 0.0
0.0 0.0 0.0 0.0 0.4483570574766739 0.3547253914461789 0.19691754955286955
0.0 0.0 0.0 0.0 0.4523091187673336 0.3628088936781661 0.18488198604873235 0.0 0.0 0.0 0.0 0.0 0.0
0.0 0.0 0.0 0.0 0.45509633245635467 0.35149786286959117 0.1934058031398113 0.0 0.0 0.0 0.0 0.0 0.0 0.0
0.0 0.0 0.0 0.0 0.4606615303631829 0.3546740565837184 0.18466441144902382 0.0 0.0 0.0
0.0 0.0 0.0 0.0 0.43720683843802977 0.3592396103450577 0.20355354974329645 0.0 0.0 0.0 0.0 0.0 0.0 0.0 0.0
0.0 0.0 0.0 0.0 0.4472365318030444 0.3482937849663842 0.20446968171403734
0.0 0.0 0.0 0.0 0.4488723920983488 0.354489432180092 0.19663817421344618 0.0 0.0 0.0 0.0 0.0 0.0 0.0 0.0 0.0 0.0
0.0 0.0 0.0 0.0 0.49617925788305095 0.348413151838625 0.1554075886100106 0.0 0.0 0.0 0.0 0.0 0.0 0.0 0.0 0.0
0.0 0.0 0.0 0.0 0.25077624306887064 0.19714329041268533 0.11411901721665867 0.0 0.0 0.0 0.0 0.0 0.0 0.0 0.0 0.0 0.0 0.0 0.0 0.0 0.0 0.0 0.0 0.0 0.0 0.0023952535577608618 0.004948849797654452 0.002868078133999117 0.0024588172463928474 0.00577204806999162 0.007065362812993532 0.016178232099304805 0.014442538594287216 0.007627705323467322 0.006542218876943748 0.009842257089016003 0.015328136132547389 0.018837889538731376 0.015664456829411533 0.01030746041675658 0.008544240773837855 0.010163526486153289 0.013841884539340004 0.017140186304088503 0.015687105869775186 0.010684705165033406 0.008296754716052965 0.009135849003917987 0.011948290299974252 0.016304119828704975 0.016090986591621118 0.010709966712336323 0.007282976648361343 0.0076495174839836064 0.009885922157007431 0.015267659809644464 0.01759499132136597 0.012185509691316968 0.006490366804602766 0.006000503730797831 0.00711512268571609 0.012843311356066329 0.017895260362782734 0.015966821204828174 0.00705964570122723 0.005896918692610999
0.0 0.0 0.0 0.0 0.5141969225620674 0.3522871511001516 0.13351592454850417 0.0 0.0 0.0 0.0 0.0 0.0 0.0 0.0 0.0 0.0 0.0
0.0 0.0 0.0 0.0 0.4561178956725023 0.3505946694082727 0.1932874333738853 0.0 0.0 0.0 0.0 0.0 0.0 0.0 0.0 0.0 0.0 0.0 0.0
0.0 0.0 0.0 0.0 0.5121119363067799 0.34526441132420904 0.14262365062705631 0.0 0.0 0.0 0.0 0.0 0.0 0.0 0.0
0.0 0.0 0.0 0.0 0.4398362560627851 0.35658344347989807 0.20358029894816398 0.0 0.0 0.0 0.0 0.0
0.0 0.0 0.0 0.0 0.49970511535132867 0.3459861806848569 0.15430870230164967 0.0 0.0 0.0
0.0 0.0 0.0 0.0 0.15384154031374797 0.11012039333450387 0.060338397443388855 0.0 0.0 0.0 0.0 0.0 0.0 0.0 0.0 0.0 0.0 0.0 0.0 0.0 0.0 0.0 0.0 0.0 0.0 0.0018616564989354784 0.0028698855746011353 0.0017258236495863825 0.0013619529651060648 0.0020584698130619783 0.0064650009826877465 0.009947162479282373 0.00855846166136586 0.0048004760535191315 0.003973260624918303 0.005723509436301275 0.009324614185475213 0.011250053140865154 0.009524692495719422 0.006264194135435478 0.004670280738570575 0.006170676824437515 0.008622640020168123 0.010472668685014409 0.009789565545418766 0.006548337947599376 0.004991159112163324 0.005608020982902299 0.007287731115682364 0.010031980483243287 0.0098970122922906 0.006627424474229762 0.004371964005795901 0.004650036995759729 0.005960717251720809 0.009128091327550613 0.01062191428412245 0.007488754606834399 0.0038466562305384294 0.0037135946976239466 0.004307583382113767 0.007840023038977241 0.011014727059849337 0.010689024045780834 0.0040295727012361554 0.0037899415416634908 0.003763277087168438 0.004807148877352179 0.010684392084171684 0.012741238026586747 0.007616000305501633 0.0058118483829340435 0.005968453164424831 0.00786511203219236 0.009538430211328013 0.017280046593242004 0.014384410111209873 0.009572191191442382 0.009215642303893082 0.011069555221313927 0.014927518154497206 0.019370311295097913 0.018355334624695747 0.01345523401112818 0.01151737062394681 0.012198679261859439 0.015073970389340125 0.018508532537072523 0.017660975588325554 0.013715582462566931 0.011336289874789135 0.011470473929856827 0.013364051852961318 0.015184325532636248 0.014378601945773235 0.01235018044988849 0.010362424739472149 0.010004576947125582 0.011053539868953816 0.01321463562281718
0.0 0.0 0.0 0.0 0.43648324198572636 0.34036192847040175 0.22315482805526157
0.0 0.0 0.0 0.0 0.4501283997819863 0.33926001466291794 0.21061158401832814 0.0 0.0 0.0 0.0 0.0 0.0 0.0 0.0
0.0 0.0 0.0 0.0 0.4799329357715326 0.343029646390171 0.17703741614615695
0.0 0.0 0.0 0.0 0.4460055751298744 0.35370631673623326 0.20028810664867736 0.0 0.0 0.0 0.0
0.0 0.0 0.0 0.0 0.4678316070951644 0.35306125592384663 0.17910713539170192 0.0 0.0 0.0 0.0 0.0 0.0 0.0 0.0 0.0
0.0 0.0 0.0 0.0 0.45731938235607683 0.3549871052703989 0.18769351082884508 0.0 0.0 0.0 0.0 0.0 0.0 0.0 0.0 0.0
0.0 0.0 0.0 0.0 0.48024756839630994 0.3454422640224585 0.1743101659760556 0.0 0.0
0.0 0.0 0.0 0.0 0.5070808653635298 0.3501753144138777 0.14274381850048964 0.0 0.0 0.0 0.0 0.0 0.0 0.0 0.0 0.0 0.0 0.0 0.0 0.0
0.0 0.0 0.0 0.0 0.47842168996103074 0.3580624804190885 0.1635158279258954 0.0
0.0 0.0 0.0 0.0 0.4495398380701441 0.3540578593084563 0.1964023010242868 0.0 0.0 0.0 0.0 0.0
0.0 0.0 0.0 0.0 0.4851829763541916 0.3491336418224641 0.1656833802121119 0.0 0.0
0.0 0.0 0.0 0.0 0.46426628808125997 0.35513193503921336 0.18060177533111754 0.0 0.0 0.0 0.0 0.0 0.0 0.0 0.0 0.0 0.0 0.0 0.0 0.0 0.0 0.0 0.0 0.0
0.0 0.0 0.0 0.0 0.4631660566714498 0.35609878749653534 0.18073515428936718 0.0
0.0 0.0 0.0 0.0 0.4755719654745783 0.3633377003925837 0.16109033249305574 0.0 0.0 0.0 0.0 0.0
0.0 0.0 0.0 0.0 0.42819694203026043 0.35273636887235427 0.21906668759948628 0.0 0.0 0.0 0.0
0.0 0.0 0.0 0.0 0.4662749968460807 0.3512729865097599 0.18245201509090583 0.0 0.0 0.0 0.0 0.0
0.0 0.0 0.0 0.0 0.4308784252166198 0.35248285537565616 0.2166387179494107 0.0 0.0 0.0 0.0 0.0 0.0 0.0 0.0 0.0 0.0 0.0 0.0 0.0
0.0 0.0 0.0 0.0 0.47147016757184607 0.35220576037715196 0.17632407041666948 0.0 0.0 0.0 0.0 0.0 0.0 0.0
0.0 0.0 0.0 0.0 0.4611046452702048 0.3551770313685423 0.18371832182684109 0.0 0.0 0.0 0.0 0.0 0.0 0.0 0.0 0.0
0.0 0.0 0.0 0.0 0.4648914475320049 0.3504752352688402 0.1846333156135226 0.0
0.0 0.0 0.0 0.0 0.4544292671264336 0.3558799890978119 0.18969074224796192
0.0 0.0 0.0 0.0 0.4254852969417456 0.34175145974409743 0.23276324187875805 0.0 0.0 0.0 0.0 0.0 0.0 0.0
0.0 0.0 0.0 0.0 0.43905627884843734 0.34262935551214957 0.2183143640988332 0.0 0.0 0.0 0.0 0.0
0.0 0.0 0.0 0.0 0.4503226187840087 0.35253435014273843 0.19714302955277974 0.0 0.0 0.0 0.0 0.0 0.0 0.0 0.0
0.0 0.0 0.0 0.0 0.4541147043944987 0.350513786441223 0.1953715076561005 0.0 0.0 0.0 0.0 0.0 0.0 0.0 0.0 0.0
0.0 0.0 0.0 0.0 0.4506709606442513 0.36454826386665895 0.1847807739719936 0.0 0.0 0.0 0.0 0.0 0.0 0.0 0.0
0.0 0.0 0.0 0.0 0.45388229152579085 0.35654065801753987 0.18957704887966997 0.0 0.0 0.0 0.0 0.0 0.0 0.0 0.0 0.0 0.0 0.0 0.0 0.0 0.0 0.0
0.0 0.0 0.0 0.0 0.14977555444368934 0.10693425018649842 0.05324006718071233 0.0 0.0 0.0 0.0 0.0 0.0 0.0 0.0 0.0 0.0 0.0 0.0 0.0 0.0 0.0 0.0 0.0 0.00013931182370189704 0.0029545014290379146 0.0043492236237841165 0.0012129902073498052 0.001847515507726804 0.004295980510589786 0.005553656566052782 0.010527360046044286 0.009421156336512124 0.0051579063529712255 0.004557189356402315 0.0063826890382592694 0.009332831354483328 0.011011258278682384 0.009566934820769235 0.0062840371664268 0.005652915569771439 0.006611157002835705 0.008605367811032251 0.010942141255211037 0.009615246516984123 0.007006701073462881 0.005557139338113085 0.006046131830856687 0.00754438742605826 0.010273367127424807 0.00967795335728502 0.006889256351850961 0.0042285032138560195 0.005064506877921592 0.006449716398494435 0.009781130008926647 0.010426945138517505 0.007624028068890201 0.004555076160922483 0.0030339745222950627 0.005093835583828334 0.008113372603998819 0.0109744745579871 0.00961474951599822 0.0033858116861449185 0.004218389996824694 0.002320717864980786 0.007250567126349717 0.011524404266309067 0.012519242103409158 0.007997470656280639 0.006540295769464968 0.006594809623816436 0.008556519579662124 0.013080179254021175 0.01759701269514203 0.014543393455847363 0.010183993548618936 0.008319508469350739 0.011136009291302974 0.013859023098259194 0.019294794419098916 0.018118071164373823 0.013366031065384719 0.01150050115449843 0.012316448757945382 0.014841067866421018 0.017590239174129614 0.016907363584658136 0.01436130942608595 0.011292804630747595 0.011355791034103063 0.013009853614515928 0.015441302922639961 0.013909810386506138 0.011845894248746977 0.01019726855790717 0.009836730111645032 0.010851954402064597 0.01240892294517467
0.0 0.0 0.0 0.0 0.4342606834157741 0.339816235654931 0.22592307943778253 0.0 0.0
0.0 0.0 0.0 0.0 0.4473886872152519 0.3554670942981525 0.19714421696394818 0.0 0.0 0.0 0.0 0.0 0.0 0.0 0.0
0.0 0.0 0.0 0.0 0.46595858779297217 0.3482837681192414 0.1857576424586932 0.0 0.0 0.0 0.0 0.0 0.0 0.0 0.0 0.0
0.0 0.0 0.0 0.0 0.45696125609410165 0.35345624527801855 0.18958249709191077 0.0 0.0 0.0
0.0 0.0 0.0 0.0 0.45506369050565626 0.3573923747734243 0.1875439331767127 0.0 0.0 0.0 0.0 0.0
0.0 0.0 0.0 0.0 0.4400811137643093 0.34768845727201425 0.2122304274798042 0.0 0.0 0.0 0.0 0.0 0.0 0.0 0.0 0.0
0.0 0.0 0.0 0.0 0.4548564667381089 0.3603844351361068 0.18475909653060787 0.0 0.0 0.0 0.0 0.0 0.0 0.0 0.0
0.0 0.0 0.0 0.0 0.4394336317458553 0.33955514059435793 0.19151164665840428 0.0 0.0 0.0 0.0 0.0 0.0 0.0 0.0 0.0 0.0 0.0 0.0 0.0 0.0 0.0 0.0 0.0 0.0 0.00884873644240149 0.012065733947049012 0.008585109128706395
0.0 0.0 0.0 0.0 0.4598581722678705 0.3499485764333831 0.19019324975947055 0.0 0.0 0.0 0.0 0.0 0.0
0.0 0.0 0.0 0.0 0.48147271072024994 0.3332694601948514 0.18525782746554947 0.0 0.0 0.0 0.0 0.0 0.0
0.0 0.0 0.0 0.0 0.45662855653557244 0.3495698368828028 0.1938016050457972 0.0 0.0 0.0 0.0 0.0 0.0 0.0 0.0 0.0
0.0 0.0 0.0 0.0 0.4546555475773966 0.355182391017835 0.19016205988545876 0.0 0.0 0.0 0.0 0.0 0.0 0.0 0.0 0.0 0.0 0.0 0.0
0.0 0.0 0.0 0.0 0.4553016020382308 0.3561781943960726 0.1885202020214836 0.0 0.0 0.0 0.0 0.0 0.0 0.0 0.0 0.0 0.0 0.0 0.0 0.0 0.0 0.0 0.0 0.0
0.0 0.0 0.0 0.0 0.27907265382308294 0.2238303128730908 0.10102659162412818 0.0 0.0 0.0 0.0 0.0 0.0 0.0 0.0 0.0 0.0 0.0 0.0 0.0 0.0 0.0 0.0 0.0 0.0005444224710080161 0.005551699976344504 0.007747248615134211 0.0057104274347078605 0.004324762956904157 0.00856776509079016 0.014465358766172564 0.020594925134978844 0.0177179509621812 0.010469351955154221 0.009098935482296039 0.012484949975332999 0.018555696944193942 0.021949116374715975 0.01876942684300522 0.01262927864364138 0.010896261836552536 0.012609288738139313 0.016553845026617112 0.020198581580628115 0.018521008949970594 0.012788869740927394 0.010214980542865711 0.01098063340938281 0.014173784169061317 0.01903970796271235 0.018739051634383108 0.012509535738066489 0.008813772367458207 0.0090125445449702 0.011837256843421047
0.0 0.0 0.0 0.0 0.46167997077526196 0.3542612070182108 0.1840588206346474 0.0 0.0 0.0 0.0 0.0 0.0 0.0
0.0 0.0 0.0 0.0 0.4287196076052781 0.33440305614689747 0.1770902364241583 0.0 0.0 0.0 0.0 0.0 0.0 0.0 0.0 0.0 0.0 0.0 0.0 0.0 0.0 0.0 0.0 0.0 0.0 0.011635944632583203 0.014932012717089896 0.009928837211843934 0.008061440509090115 0.015228863290166464
0.0 0.0 0.0 0.0 0.46016349234631576 0.35265360687117664 0.1871828992250373 0.0 0.0 0.0 0.0 0.0
0.0 0.0 0.0 0.0 0.4558737150637939 0.3491916797067875 0.19493460366614332 0.0 0.0 0.0 0.0
0.0 0.0 0.0 0.0 0.46189980052138924 0.3416696953996174 0.19643050245741397 0.0 0.0 0.0 0.0 0.0 0.0 0.0 0.0 0.0 0.0
0.0 0.0 0.0 0.0 0.464088404284227 0.34884815757561516 0.1823369549960667 0.0 0.0 0.0 0.0 0.0 0.0 0.0 0.0 0.0 0.0 0.0 0.0 0.0 0.0 0.0 0.0 0.0 0.004726481546072147
0.0 0.0 0.0 0.0 0.4676731684890012 0.35029274434497537 0.18203408554755174 0.0 0.0
0.0 0.0 0.0 0.0 0.45471846134729293 0.35656797064450385 0.18871356648055485 0.0 0.0 0.0 0.0 0.0 0.0 0.0 0.0 0.0 0.0
0.0 0.0 0.0 0.0 0.4622158054991839 0.3551180348229031 0.1826661581147537 0.0 0.0
0.0 0.0 0.0 0.0 0.4040470527226201 0.3319840038315651 0.22045039395843163 0.0 0.0 0.0 0.0 0.0 0.0 0.0 0.0 0.0 0.0 0.0 0.0 0.0 0.0 0.0 0.0 0.0 0.001581660742433155 0.002378806949861782 0.012204288096598714 0.008252567760994558 0.006481431932199921 0.012619792636937984
0.0 0.0 0.0 0.0 0.4625207580295454 0.35682401217412374 0.18065522823200986 0.0 0.0 0.0 0.0
0.0 0.0 0.0 0.0 0.46537361138210215 0.35261246425153936 0.1820139227062617 0.0 0.0 0.0 0.0 0.0 0.0 0.0 0.0 0.0 0.0 0.0 0.0 0.0
0.0 0.0 0.0 0.0 0.45053406311846567 0.3536578347348868 0.19580810058295686 0.0 0.0 0.0 0.0 0.0 0.0
0.0 0.0 0.0 0.0 0.504915127025922 0.3514447662842843 0.14364010498841384 0.0 0.0 0.0 0.0 0.0 0.0 0.0 0.0 0.0 0.0 0.0 0.0 0.0
0.0 0.0 0.0 0.0 0.462295002200182 0.36968304512731087 0.16802195105672424 0.0 0.0 0.0 0.0 0.0 0.0 0.0 0.0 0.0 0.0
0.0 0.0 0.0 0.0 0.4473364632802687 0.35394532813951657 0.19871820703657472 0.0 0.0 0.0 0.0
0.0 0.0 0.0 0.0 0.44747656784067863 0.3529174690386884 0.19960596164367553 0.0 0.0 0.0 0.0 0.0 0.0 0.0 0.0 0.0
0.0 0.0 0.0 0.0 0.46694201233897453 0.35590548715031495 0.1771524989472669 0.0 0.0 0.0 0.0 0.0
0.0 0.0 0.0 0.0 0.4343453460076223 0.33904050001886676 0.22661415253207337 0.0 0.0 0.0 0.0 0.0 0.0 0.0 0.0 0.0 0.0
0.0 0.0 0.0 0.0 0.5086555270875277 0.3483006067844604 0.14304386441319075 0.0 0.0 0.0 0.0 0.0 0.0 0.0 0.0
0.0 0.0 0.0 0.0 0.3791222745827988 0.29499302609137845 0.19612960410879587 0.0 0.0 0.0 0.0 0.0 0.0 0.0 0.0 0.0 0.0 0.0 0.0 0.0 0.0 0.0 0.0 0.0 0.006168153389753107 0.014226095420554386 0.0169631058902662 0.010771314815206117 0.009561446154143916 0.0163160848299216 0.025387045342737648 0.03036184806046736
0.0 0.0 0.0 0.0 0.42746744488852395 0.34147257487661037 0.2310599787968567 0.0 0.0 0.0 0.0 0.0 0.0
0.0 0.0 0.0 0.0 0.13248694992033977 0.10478638490038304 0.05918019983021844 0.0 0.0 0.0 0.0 0.0 0.0 0.0 0.0 0.0 0.0 0.0 0.0 0.0 0.0 0.0 0.0 0.0010636231912947243 0.0035260230308087207 0.006534436752490315 0.007438487966681564 0.0047646420943682575 0.004523551633954612 0.006388197773539065 0.00889955796705762 0.011855986419738925 0.010098708471491486 0.007024253161751462 0.006449637476698778 0.007859254815540402 0.00983340826486471 0.011139707575015477 0.009953486486078224 0.007628402061114028 0.006927746079104415 0.007295346017603151 0.008825258791143549 0.010010819551085612 0.009784258066274034 0.007148758193794574 0.005752709746950167 0.006327527874971113 0.00792816883472791 0.009535486068167657 0.009508415185926681 0.007104189462035 0.005469692739611649 0.005437461733814839 0.006617163811632472 0.009676045783333299 0.010143712499075521 0.00784557297253085 0.005231275742774583 0.0038919304418303107 0.005691322609453886 0.008429913739745592 0.010762815243617323 0.009527127693254854 0.0057041095329041685 0.004940871739229346 0.005450489329806789 0.008044585705433883 0.011913949403853569 0.012094010694594641 0.008092939164960625 0.006844484674788519 0.005551860256815777 0.009071154013851144 0.012759434649295093 0.015263471707371596 0.013962774767432653 0.009526880069881657 0.00995989341503945 0.010915062781997832 0.014075989911365893 0.016894784948954977 0.015589665542456142 0.011937544001476444 0.010855440286855804 0.011230081417692725 0.0133066597138565 0.015122990189060647 0.01423442542751449 0.011745284001403171 0.010137311652091882 0.010210291907723455 0.011658896460607414 0.013531703310833082 0.012484598770665406 0.010789641977900865 0.009311043718118273 0.00905258226086142 0.010113831743189224 0.01131364170776434
0.0 0.0 0.0 0.0 0.5023474292364675 0.3435387995883664 0.1541137694480775 0.0 0.0 0.0 0.0 0.0 0.0 0.0 0.0
0.0 0.0 0.0 0.0 0.457478781067006 0.35291662160255227 0.18960459579817932 0.0 0.0 0.0 0.0 0.0
0.0 0.0 0.0 0.0 0.4473620772463499 0.35221659333460315 0.200421327904171 0.0
0.0 0.0 0.0 0.0 0.47721471356058415 0.34675533116310475 0.17602995367267088 0.0 0.0 0.0 0.0
0.0 0.0 0.0 0.0 0.4914549874631495 0.3462323878414419 0.1623126230472082 0.0 0.0 0.0 0.0 0.0 0.0 0.0 0.0 0.0 0.0 0.0
0.0 0.0 0.0 0.0 0.4276523858151841 0.3469252154195778 0.22542239733355052 0.0 0.0 0.0 0.0 0.0 0.0 0.0 0.0 0.0 0.0
0.0 0.0 0.0 0.0 0.47600289250681443 0.3566299031551154 0.16736720274368874 0.0 0.0 0.0 0.0 0.0 0.0 0.0 0.0 0.0
0.0 0.0 0.0 0.0 0.45716088754754347 0.355322526490749 0.1875165844120675 0.0 0.0 0.0 0.0 0.0 0.0 0.0 0.0 0.0 0.0 0.0 0.0 0.0 0.0 0.0 0.0
0.0 0.0 0.0 0.0 0.4419592901590487 0.3545543205244057 0.20348638782076536 0.0 0.0 0.0 0.0 0.0 0.0 0.0 0.0
0.0 0.0 0.0 0.0 0.4555729989696481 0.3497107607744722 0.1947162387106193 0.0 0.0 0.0 0.0 0.0 0.0 0.0
0.0 0.0 0.0 0.0 0.44530655635024985 0.3552470183980638 0.19944642376352556 0.0 0.0 0.0
0.0 0.0 0.0 0.0 0.4448995025132493 0.3616847945273587 0.19341570145815612 0.0 0.0 0.0 0.0 0.0 0.0 0.0 0.0 0.0 0.0 0.0 0.0 0.0 0.0
0.0 0.0 0.0 0.0 0.4566233927794846 0.35966626876396657 0.18371033691625197 0.0 0.0 0.0 0.0 0.0
0.0 0.0 0.0 0.0 0.4358138454578172 0.3409997352729622 0.2231864178052157 0.0 0.0 0.0 0.0 0.0 0.0
0.0 0.0 0.0 0.0 0.44451167302263694 0.3563615861175555 0.19912673936477435 0.0
0.0 0.0 0.0 0.0 0.38831913389509465 0.29856128529644105 0.14317726949991205 0.0 0.0 0.0 0.0 0.0 0.0 0.0 0.0 0.0 0.0 0.0 0.0 0.0 0.0 0.0 0.0 0.0 0.0 0.00037071152942214644 0.00957514042771961 0.0062654153407409536 0.005350742320406214 0.011203125010526343 0.01914579320719386 0.02810074014289078 0.02376712493696512 0.012480515542694947 0.010380588781738467 0.016851775028983478 0.026450637684977057
0.0 0.0 0.0 0.0 0.45647664185678927 0.3535619463396175 0.1899614102676904 0.0 0.0 0.0 0.0 0.0 0.0 0.0
0.0 0.0 0.0 0.0 0.4548342254171617 0.3598067969982018 0.18535897599342627 0.0 0.0 0.0 0.0 0.0 0.0
0.0 0.0 0.0 0.0 0.45096205763173114 0.35273243277080124 0.19630550806304947 0.0 0.0 0.0 0.0 0.0
0.0 0.0 0.0 0.0 0.4644976082319493 0.36603522863088883 0.16946716157182024 0.0 0.0 0.0 0.0 0.0 0.0 0.0
0.0 0.0 0.0 0.0 0.4550454744768392 0.34877285971806005 0.1961816642221468 0.0 0.0 0.0 0.0 0.0 0.0 0.0 0.0 0.0 0.0 0.0 0.0 0.0 0.0
0.0 0.0 0.0 0.0 0.47064909358938395 0.3591147875092818 0.17023611732657645 0.0 0.0 0.0 0.0 0.0 0.0 0.0
0.0 0.0 0.0 0.0 0.14279331347730423 0.10872885645226177 0.05949489859720281 0.0 0.0 0.0 0.0 0.0 0.0 0.0 0.0 0.0 0.0 0.0 0.0 0.0 0.0 0.0 0.0 0.0 0.0 0.003783560878133122 0.005054765277406283 0.0032243816402243624 0.002920763432449636 0.005307562061154071 0.008417207485086748 0.011452798003203028 0.009314607080060782 0.0057911298008533904 0.005351772738152759 0.00676540670443004 0.009648410276809311 0.011933258010278757 0.009931093089287286 0.006923885620439376 0.0060136461827836685 0.006921471221146722 0.00855956163050965 0.010224218610335524 0.009634675370784293 0.006891246249647937 0.0057370688836091725 0.005965751661324152 0.007542180838921311 0.010154210117786042 0.009612584117038067 0.006748096997194144 0.004265684703464347 0.004982900323526393 0.006471565132707128 0.009246100658279367 0.01033481118312909 0.007412455719230176 0.004359687254471691 0.002974523572062741 0.004245031003229969 0.007993738023903907 0.010705528246067119 0.009764361416644196 0.004704770975427601 0.0041614302695741545 0.004620861285896927 0.00735868694702645 0.011503441323255047 0.012617606177418219 0.008093041894246344 0.003773120895644109 0.006492354228310194 0.008509575296038583 0.013165418565213386 0.014125587998327688 0.014465249543679807 0.008663179978775132 0.008212134388373553 0.011022564225748255 0.014923032189540828 0.018045238487174056 0.018958292149372235 0.012827956967429017 0.011241930166448713 0.012034411072401607 0.014375454244733054 0.016857155939950675 0.016131416772517497 0.013836050908896572 0.010828810727073677 0.01100589333021832 0.012786480549922838 0.014046567081169794 0.013449081858247168 0.011456030226870311 0.009806648388975006 0.009387550653421431 0.01049643508820575 0.01241776897409015
0.0 0.0 0.0 0.0 0.45975416976896605 0.36071849795077626 0.17952733066235146 0.0 0.0 0.0 0.0
0.0 0.0 0.0 0.0 0.45881883803234097 0.3537523901152961 0.1874287702687531 0.0 0.0 0.0 0.0 0.0 0.0 0.0 0.0
0.0 0.0 0.0 0.0 0.45138125820605346 0.35924720188440545 0.18937153840452228 0.0 0.0 0.0 0.0 0.0 0.0
0.0 0.0 0.0 0.0 0.4631002023485598 0.35470020308304423 0.1821995929821997 0.0 0.0 0.0 0.0 0.0 0.0
0.0 0.0 0.0 0.0 0.4499076546759029 0.3539307069766948 0.19616163682502438 0.0 0.0
0.0 0.0 0.0 0.0 0.4367028493787244 0.350547469302731 0.2127496798032243 0.0 0.0 0.0 0.0 0.0
0.0 0.0 0.0 0.0 0.46022276283874275 0.35930085540495155 0.18047638023671106 0.0 0.0 0.0 0.0 0.0 0.0 0.0 0.0 0.0 0.0 0.0 0.0 0.0
0.0 0.0 0.0 0.0 0.45429959815939486 0.35037852518778384 0.19532187511643664 0.0 0.0 0.0 0.0 0.0 0.0
0.0 0.0 0.0 0.0 0.4546750654564245 0.35595190037057955 0.18937303263570046 0.0 0.0 0.0 0.0 0.0 0.0 0.0 0.0 0.0 0.0 0.0
0.0 0.0 0.0 0.0 0.44030280055039805 0.36280860786066693 0.19688859002035453 0.0 0.0 0.0 0.0 0.0 0.0
0.0 0.0 0.0 0.0 0.43888463671715117 0.34346342094345966 0.2176519407837044 0.0 0.0 0.0 0.0 0.0 0.0 0.0 0.0 0.0 0.0
0.0 0.0 0.0 0.0 0.45224124254219317 0.3519609665591421 0.19579778939129075 0.0 0.0 0.0 0.0 0.0 0.0 0.0 0.0 0.0 0.0 0.0 0.0 0.0 0.0 0.0 0.0 0.0 0.0
0.0 0.0 0.0 0.0 0.44478758813981834 0.35290211861708176 0.2023102917304864 0.0 0.0 0.0 0.0 0.0
0.0 0.0 0.0 0.0 0.45241937163866497 0.35159750041219834 0.19598312639984308 0.0 0.0
0.0 0.0 0.0 0.0 0.45607949462922637 0.35554550278199826 0.18837500103282007 0.0 0.0 0.0 0.0 0.0 0.0 0.0 0.0 0.0 0.0 0.0 0.0 0.0 0.0 0.0 0.0
0.0 0.0 0.0 0.0 0.4434397901835987 0.34113662082122015 0.2154235875100173 0.0 0.0 0.0
0.0 0.0 0.0 0.0 0.47091097470871485 0.35980241607476215 0.16928660760991882 0.0 0.0 0.0 0.0 0.0 0.0 0.0 0.0
0.0 0.0 0.0 0.0 0.42917623554806095 0.34813314647264476 0.2182480721478958 0.004442544182951095 0.0 0.0 0.0 0.0
0.0 0.0 0.0 0.0 0.5154565562648454 0.34799563779406745 0.13654780412670164 0.0 0.0 0.0 0.0 0.0 0.0
0.0 0.0 0.0 0.0 0.4452427669245598 0.3660882230183974 0.1886690085621892 0.0 0.0 0.0 0.0 0.0 0.0 0.0 0.0 0.0 0.0 0.0 0.0 0.0 0.0 0.0 0.0
0.0 0.0 0.0 0.0 0.45086803154384847 0.3521578313106344 0.19697413565287736 0.0 0.0 0.0 0.0 0.0 0.0 0.0 0.0 0.0 0.0 0.0 0.0 0.0
0.0 0.0 0.0 0.0 0.4503005360194795 0.35516360207430847 0.1945358603813548 0.0 0.0 0.0 0.0 0.0 0.0
0.0 0.0 0.0 0.0 0.4405828596624418 0.3511676136554171 0.2082495252045386 0.0 0.0 0.0 0.0 0.0 0.0 0.0 0.0 0.0 0.0 0.0 0.0 0.0
0.0 0.0 0.0 0.0 0.30632830937522765 0.2340162242714273 0.12169575038109487 0.0 0.0 0.0 0.0 0.0 0.0 0.0 0.0 0.0 0.0 0.0 0.0 0.0 0.0 0.0 0.0 0.0 0.0029698703681623243 0.00938595178225557 0.00583184917544983 0.004601126413719856 0.0058517541055654815 0.01102911891934072 0.017501590510794987 0.023844610105552173 0.019744487907082168 0.012520513878916756 0.011718938223826041 0.014865018909488163 0.021614113457410062 0.02374080290265306 0.02125774642324365 0.015133381825159073 0.013207708079869644 0.014868158929701643 0.018413568188465852 0.022004746739388806 0.020821371052251576 0.014526454390913275 0.012506832639855423
0.0 0.0 0.0 0.021830217152318795 0.42893950494151806 0.3266554655437151 0.19932708657899692 0.018598416329943284 0.0 0.0 0.0 0.0 0.000319305207265727 0.0023930221594215995 0.0019369803944127542
0.0 0.0 0.0 0.0 0.44968999104905305 0.3476902381554709 0.20261976911632557 0.0 0.0 0.0 0.0 0.0
0.0 0.0 0.0 0.0 0.45911028126382736 0.3559479717314907 0.18494174545776937 0.0 0.0 0.0 0.0
0.0 0.0 0.0 0.0 0.4652106772745389 0.3546210964786045 0.18016822468829605 0.0 0.0 0.0 0.0
0.0 0.0 0.0 0.0 0.4393525653747284 0.3401598668082224 0.2204875663198453 0.0 0.0 0.0
0.0 0.0 0.0 0.0 0.44421445932728465 0.3655348987380806 0.19025064043864162 0.0 0.0 0.0 0.0 0.0 0.0 0.0 0.0 0.0 0.0 0.0 0.0 0.0 0.0
0.0 0.0 0.0 0.0 0.5037439653252722 0.3457738639374481 0.1504821689615187 0.0 0.0 0.0 0.0 0.0 0.0 0.0
0.0 0.0 0.0 0.0 0.46505179143406994 0.3519455920035119 0.18300261494338374 0.0 0.0 0.0 0.0 0.0 0.0 0.0
0.0 0.0 0.0 0.0 0.4357641876071394 0.34262126234418616 0.22161454856966387 0.0 0.0 0.0 0.0 0.0 0.0 0.0 0.0 0.0 0.0 0.0 0.0 0.0
0.0 0.0 0.0 0.0 0.5703630189760073 0.42963697911778237
0.0 0.0 0.0 0.0 0.5108842057722386 0.34445389691198325 0.14466189555302608 0.0 0.0 0.0 0.0
0.0 0.0 0.0 0.0 0.4641545012051635 0.35401653868568866 0.18182895855653863 0.0 0.0 0.0 0.0 0.0 0.0 0.0 0.0 0.0 0.0
0.0 0.0 0.0 0.0 0.4560495582913949 0.3535300710675942 0.19042036911278232 0.0 0.0 0.0 0.0 0.0 0.0
0.0 0.0 0.0 0.0 0.4362887999298863 0.3509188668909958 0.21279233166268702 0.0 0.0 0.0
0.0 0.0 0.0 0.0 0.13763386683702597 0.11020396018134708 0.05350001085299898 0.0 0.0 0.0 0.0 0.0 0.0 0.0 0.0 0.0 0.0 0.0 0.0 0.0 0.0 0.0 0.0 0.0 0.002188308898168491 0.005059497963976439 0.005821066646779342 0.003889970691673904 0.003415506219114962 0.00562772145907158 0.0089054824293454 0.011705580895971367 0.00960373604725185 0.006270263337757584 0.005291553122581106 0.007107129558863094 0.009965252409125368 0.011310418938906164 0.010057802364931872 0.0069649618847354815 0.006170149727368368 0.0070218285937402244 0.00868881604847559 0.010265100958089872 0.009573567082417888 0.006860962310435015 0.005674419745572589 0.005856585799513389 0.00753411224082848 0.010181853873660697 0.009637075994702024 0.006643643159757376 0.004830514610254749 0.004284272507307243 0.006059269021612991 0.009780929690294612 0.010431155138458964 0.007236969440749747 0.004314395489737615 0.004127856599376961 0.004949042820858209 0.008546321989444062 0.01105328443641394 0.009563676357567209 0.004533870403689454 0.00199518550793687 0.0044425096790659995 0.0073129693377268 0.011310740815731295 0.012463147306430408 0.00783482002960909 0.0036833888830424574 0.004193982902202713 0.008754606048624105 0.013152895081288425 0.016929651685628686 0.014211342390753359 0.010231854778678391 0.009672648342765716 0.01090076801663126 0.01482011605450477 0.018840765130719028 0.018995642882168432 0.013361357660388288 0.011094998591012073 0.012020416102043251 0.014293219019232393 0.016631820952727614 0.018116681122999717 0.012774272363663592 0.010835487429385266 0.010867799534872834 0.01237460142619928 0.013784437247743045 0.013301227102344397 0.011337408806582105 0.009685683001759905 0.009240748248463446 0.010352290808222968 0.011838750444847404
0.0 0.0 0.0 0.0 0.4506083113974948 0.35552165686355247 0.19387003024821414 0.0 0.0 0.0 0.0 0.0 0.0 0.0 0.0 0.0 0.0 0.0
0.0 0.0 0.0 0.0 0.455719842399772 0.3412066273157322 0.20307352865607473 0.0
0.0 0.0 0.0 0.0 0.44462488589503524 0.34965122757953043 0.20572388502701014 0.0 0.0 0.0 0.0 0.0
0.0 0.0 0.0 0.0 0.463440108452438 0.3583773491544269 0.17818254076246126 0.0
0.0 0.0 0.0 0.0 0.45340165863239656 0.35006160570939143 0.19653673412700887 0.0 0.0 0.0 0.0 0.0
0.0 0.0 0.0 0.0 0.44547883513832137 0.352972193924364 0.20154896942660377 0.0 0.0 0.0 0.0 0.0 0.0 0.0 0.0 0.0 0.0 0.0 0.0 0.0
0.0 0.0 0.0 0.0 0.4629991106697149 0.35323835810738546 0.1837625296193253 0.0 0.0 0.0 0.0 0.0 0.0 0.0
0.0 0.0 0.0 0.0 0.5107219300356194 0.3497987565129527 0.13947931165327876
0.0 0.0 0.0 0.0 0.4440697041784287 0.3491467139197146 0.20678358040143816 0.0 0.0 0.0 0.0 0.0 0.0 0.0 0.0 0.0 0.0 0.0 0.0 0.0 0.0 0.0 0.0
0.0 0.0 0.0 0.0 0.43775980589640334 0.36115981595832286 0.2010803766391776 0.0 0.0 0.0 0.0 0.0 0.0 0.0 0.0 0.0
0.0 0.0 0.0 0.0 0.4664946730908689 0.36045962667403575 0.173045698670611 0.0 0.0 0.0 0.0 0.0 0.0 0.0 0.0
0.0 0.0 0.0 0.0 0.5029169757106938 0.3578503545089424 0.13923266804691814 0.0 0.0 0.0 0.0 0.0 0.0 0.0
0.0 0.0 0.0 0.0 0.43148814895109056 0.3421508967470507 0.22636095284325594 0.0 0.0 0.0 0.0 0.0 0.0 0.0 0.0 0.0
0.0 0.0 0.0 0.0 0.4903736005097056 0.3538942050535181 0.15573219280404196 0.0 0.0 0.0 0.0 0.0 0.0
0.0 0.0 0.0 0.0 0.45115423509757907 0.3524403537585763 0.1964054096321015 0.0 0.0 0.0 0.0 0.0 0.0 0.0 0.0 0.0 0.0
0.0 0.0 0.0 0.0 0.4541206672351756 0.3564247770281111 0.189454554056834 0.0 0.0 0.0
0.0 0.0 0.0 0.0 0.31678318240137515 0.24733733596940755 0.1280610813288652 0.0 0.0 0.0 0.0 0.0 0.0 0.0 0.0 0.0 0.0 0.0 0.0 0.0 0.0 0.0 0.0 0.0 0.0 0.0034956218207309957 0.006152609337233808 0.003788572788922828 0.0029788873568753057 0.007169762332035873 0.01383869271612132 0.02094367250680334 0.01771264725056241 0.009500423444834753 0.007105472599241884 0.012182549038839195 0.018773510137788156 0.023074512819138072 0.01918412520083336 0.012605374910444347 0.010803810107655092 0.012784261513106144 0.017230637878667642 0.02116685766122948 0.019496017832414572 0.012528982806337373 0.010278371618351103 0.010314469603313772 0.014708555979285531
0.0 0.0 0.0 0.0 0.45926214228679985 0.35835611702908 0.18238173912418199 0.0 0.0 0.0 0.0 0.0
0.0 0.0 0.0 0.0 0.4868179105681346 0.3533010280483838 0.15410508609487553 0.0 0.0 0.0 0.0 0.0 0.0 0.0 0.0 0.0 0.0 0.0 0.0 0.0 0.0 0.0 0.0 0.0 0.0 0.005775973678861634
0.0 0.0 0.0 0.0 0.4403633982112765 0.3640900535169738 0.1955465467970501 0.0 0.0 0.0 0.0 0.0
0.0 0.0 0.0 0.0 0.44946125649345925 0.34825348864494426 0.20228525331304842
0.0 0.0 0.0 0.0 0.4536779101368165 0.3496119841409027 0.19671010418101242 0.0 0.0 0.0 0.0
0.0 0.0 0.0 0.0 0.44023307638774484 0.35466967644859054 0.2050972456491273 0.0 0.0 0.0 0.0 0.0 0.0 0.0 0.0 0.0 0.0
0.0 0.0 0.0 0.0 0.23763816497943843 0.1826874993054571 0.09496046481354456 0.0 0.0 0.0 0.0 0.0 0.0 0.0 0.0 0.0 0.0 0.0 0.0 0.0 0.0 0.0 0.0 0.0 0.0013380820252617098 0.006253957725378011 0.007976106870084267 0.005305762205493431 0.0045396151116548124 0.006633712415820247 0.013133816733231295 0.018537558931430987 0.015812744567469048 0.009586662457274605 0.008585374497836343 0.011382385377272332 0.016498615324505625 0.019052033409821152 0.016497330705483097 0.011505270303672564 0.009971086243779492 0.01163900501116812 0.014465200829022177 0.017568261382482832 0.016230191709327105 0.01131253112989585 0.009266759896386808 0.009933051021422562 0.012595036398287473 0.016327378079223777 0.016164771867999545 0.011133831668585302 0.007798208751649552 0.008054263276696488 0.010053230836611894 0.015395698869055528 0.017555634442138795 0.014103012377305067 0.0055003094187838246 0.006548049016795125 0.008085805923344605 0.013648135266283385 0.018462668112838775 0.01629173453338836 0.007536350280802514 0.006434635067659543
0.0 0.0 0.0 0.0 0.44686474941803933 0.3478276319044701 0.20530761713848453 0.0 0.0 0.0 0.0 0.0 0.0 0.0 0.0 0.0 0.0 0.0 0.0 0.0 0.0 0.0 0.0
0.0 0.0 0.0 0.0 0.4425181972587221 0.35937083441761797 0.198110966827196 0.0 0.0 0.0 0.0 0.0 0.0 0.0
0.0 0.0 0.0 0.0 0.4882794641259418 0.3495107369010606 0.16220979732151378 0.0 0.0 0.0 0.0
0.0 0.0 0.0 0.0 0.45507077281604497 0.3557987280666977 0.18913049750853747 0.0 0.0 0.0 0.0 0.0 0.0 0.0 0.0
0.0 0.0 0.0 0.0 0.5146887717840453 0.3511659667714858 0.1341452597083145 0.0 0.0 0.0 0.0 0.0 0.0 0.0 0.0 0.0 0.0 0.0
0.0 0.0 0.0 0.0 0.4633313585629661 0.3580008229409863 0.17866781695146164 0.0 0.0 0.0 0.0 0.0 0.0 0.0 0.0 0.0 0.0 0.0
0.0 0.0 0.0 0.0 0.4695178457314951 0.34906872443744796 0.1814134282631354 0.0 0.0 0.0 0.0 0.0 0.0 0.0 0.0
0.0 0.0 0.0 0.0 0.4426446359265809 0.35047862319129364 0.20687673938043807 0.0 0.0 0.0 0.0
0.0 0.0 0.0 0.0 0.4437878343195818 0.34157890305039323 0.21463326115980963 0.0 0.0 0.0 0.0 0.0 0.0 0.0 0.0 0.0 0.0 0.0 0.0 0.0
0.0 0.0 0.0 0.0 0.467688632535304 0.35564109271376254 0.17667027315635533 0.0 0.0 0.0 0.0 0.0 0.0 0.0 0.0 0.0 0.0 0.0 0.0
0.0 0.0 0.0 0.0 0.5093057045869005 0.34885991723487175 0.14183437639309218 0.0 0.0 0.0 0.0 0.0 0.0 0.0 0.0 0.0
0.0 0.0 0.0 0.0 0.4588625279615261 0.35246452549335955 0.18867294496203277 0.0 0.0
0.0 0.0 0.0 0.0 0.45070982310738894 0.35264985118079806 0.196640324146921 0.0 0.0 0.0 0.0 0.0 0.0
0.0 0.0 0.0 0.0 0.47452212358167895 0.34981452987663414 0.17566334489733826 0.0 0.0 0.0 0.0 0.0 0.0 0.0 0.0 0.0
0.0 0.0 0.0 0.0 0.44504991083987333 0.3517960437467155 0.2031540439148051 0.0 0.0 0.0 0.0 0.0 0.0 0.0 0.0
0.0 0.0 0.0 0.0 0.45629390585774876 0.35619385135407644 0.1875122412843385 0.0 0.0 0.0 0.0 0.0 0.0 0.0 0.0 0.0 0.0 0.0 0.0
0.0 0.0 0.0 0.0 0.43401009197173396 0.35870690551751905 0.20728300104160566 0.0 0.0 0.0 0.0 0.0 0.0 0.0 0.0
0.0 0.0 0.0 0.0 0.45596318021805016 0.3537977669729922 0.19023905127280658 0.0 0.0 0.0 0.0 0.0 0.0 0.0
0.0 0.0 0.0 0.0 0.48718542719972185 0.3484680103728714 0.16434656078596202 0.0 0.0 0.0 0.0 0.0 0.0 0.0 0.0 0.0 0.0 0.0
0.0 0.0 0.0 0.0 0.4974619123959159 0.3427667321774407 0.15977135373929505 0.0 0.0 0.0 0.0
0.0 0.0 0.0 0.0 0.4489016030253017 0.3529928429755932 0.19810555247022663 0.0 0.0 0.0 0.0 0.0 0.0
0.0 0.0 0.0 0.0 0.444962516572932 0.3633159886371675 0.19172149329338947 0.0 0.0 0.0 0.0 0.0
0.0 0.0 0.0 0.0 0.5841292833210949 0.4158707147250534
0.0 0.0 0.0 0.0 0.482026940433871 0.3588820121738796 0.15909104571846577 0.0 0.0 0.0 0.0 0.0 0.0 0.0 0.0 0.0 0.0 0.0 0.0 0.0 0.0 0.0
0.0 0.0 0.0 0.0 0.45802496404866855 0.35404308152773706 0.18793195289476045 0.0
0.0 0.0 0.0 0.0 0.45073952389459776 0.35897076981638526 0.19028970475808468 0.0 0.0 0.0 0.0 0.0 0.0
0.0 0.0 0.0 0.0 0.4649840857256292 0.3551259523629434 0.1798899603521459 0.0 0.0 0.0
0.0 0.0 0.0 0.0 0.4575152840301137 0.35083485854990987 0.19164985588174452 0.0 0.0 0.0 0.0
0.0 0.0 0.0 0.0 0.4196759599997333 0.34375640996997536 0.2365676285933012 0.0 0.0 0.0 0.0 0.0 0.0 0.0 0.0 0.0 0.0 0.0 0.0 0.0 0.0 0.0
0.0 0.0 0.0 0.0 0.45158334565655744 0.35291214145582156 0.1955045113604656 0.0
0.0 0.0 0.0 0.0 0.4645883533255592 0.3520974330564999 0.18331421206563547 0.0 0.0 0.0 0.0 0.0
0.0 0.0 0.0 0.0 0.3169049144699127 0.23384475929030088 0.12079763386107112 0.0 0.0 0.0 0.0 0.0 0.0 0.0 0.0 0.0 0.0 0.0 0.0 0.0 0.0 0.0 0.0 0.0 0.0020256859921109847 0.008147485258930547 0.011387633175813976 0.007062996338116442 0.0043440852643206445 0.008617543841380653 0.01766711899951307 0.021352649435453112 0.020424401129433115 0.012344511135125372 0.011293473022751828 0.014999772445009784 0.021140902845248326 0.02472648127059803 0.021429175161962955 0.015078654147085386 0.013284810306721653 0.015165163952022834 0.018813285945031163 0.02252699303981906 0.021157437142437733 0.01546243144411644
0.0 0.0 0.0 0.0 0.43764059806683536 0.3668966283570715 0.19546277208835516 0.0 0.0 0.0 0.0 0.0 0.0 0.0 0.0
0.0 0.0 0.0 0.0 0.4629046961569619 0.35223398877237555 0.18486131351898463 0.0 0.0 0.0 0.0 0.0 0.0 0.0 0.0 0.0 0.0 0.0 0.0 0.0 0.0 0.0 0.0 0.0
0.0 0.0 0.0 0.0 0.458030599824675 0.35586836114278314 0.18610103749825363 0.0 0.0 0.0 0.0 0.0 0.0 0.0 0.0 0.0
0.0 0.0 0.0 0.0 0.46106476975672867 0.34759700892750367 0.19133821972137555 0.0 0.0 0.0 0.0 0.0 0.0 0.0
0.0 0.0 0.0 0.0 0.45086298864619445 0.36582244590083063 0.18331456392549242 0.0 0.0 0.0 0.0 0.0 0.0 0.0 0.0 0.0 0.0 0.0
0.0 0.0 0.0 0.0 0.451114764090944 0.35174825786396785 0.19713697651767742 0.0 0.0 0.0 0.0 0.0 0.0 0.0
0.0 0.0 0.0 0.0 0.45096250398611704 0.3559450316242717 0.19309246286351597 0.0 0.0 0.0 0.0 0.0 0.0 0.0 0.0 0.0
0.0 0.0 0.0 0.0 0.4208467841617203 0.33707079427257897 0.21119002835566958 0.02829778298017542 0.0 0.0 0.0 0.00259460852325338
0.0 0.0 0.0 0.0 0.44148528770136397 0.3500271229243242 0.20848758789047434 0.0 0.0 0.0 0.0 0.0 0.0 0.0
0.0 0.0 0.0 0.0 0.21214261549748856 0.15955609934760695 0.09987515348175467 0.0 0.0 0.0 0.0 0.0 0.0 0.0 0.0 0.0 0.0 0.0 0.0 0.0 0.0 0.0 0.0 0.0 0.0014808330429369899 0.005779214676710217 0.007223538025297557 0.00292181479917965 0.003951302374996471 0.007351058145599383 0.009222785544703401 0.016328166037181617 0.013495806784262657 0.00840137071677001 0.007530841942660545 0.009843461007634191 0.013953221211960984 0.01613323049046188 0.014295943609905562 0.009934823180148964 0.008588262725617005 0.010033357518370043 0.012440908184044825 0.014879974808779041 0.013969502814214567 0.009990183292557839 0.00832359475523558 0.008032254002897157 0.010940482591096465 0.013966362410244708 0.01387060740281749 0.009806294453226356 0.006125274669879446 0.007168542983184713 0.009274569567059196 0.013280748402940967 0.015033995834876595 0.01094458630099344 0.006399458450677819 0.006056012574007897 0.00720095829425079 0.011610766310713646 0.01561893571237012 0.015448299990683189 0.007084618118671536 0.003290178722113609 0.006481965669953859 0.010522405153982003 0.016868659272320202 0.018386137911687847 0.011504005899471812 0.009643138675488003 0.009554104159203755 0.01244635492627172 0.015793216807523974
0.0 0.0 0.0 0.0 0.194335469195355 0.15316780720245346 0.10280764074541368 0.0 0.0 0.0 0.0 0.0 0.0 0.0 0.0 0.0 0.0 0.0 0.0 0.0 0.0 0.0 0.0 0.0 0.0 0.0017468101714480033 0.003422289300372399 0.0018720590546189323 0.0016290528034713292 0.00419955428347661 0.008400390249324824 0.012743607383536065 0.011814159419316687 0.005789487016979297 0.004815190461959852 0.007590478993889935 0.011827637365918797 0.014369597952980198 0.011958582077031179 0.007817726061224183 0.006539052646344413 0.007337402121783771 0.010701125136894214 0.01332582658507878 0.012255279740291867 0.008109396284516138 0.006341829760480464 0.006977695572768526 0.009163068754687384 0.012645594099405766 0.0124341255894493 0.008215772894239895 0.005462245718552118 0.005888822546881719 0.007476672622208534 0.011743154094845004 0.013490757371586726 0.009257112879805759 0.004837746134343654 0.004521804467368356 0.005582989037146059 0.010062975665699353 0.013762401383500341 0.012143517279657484 0.004944877102232275 0.0045696377979379125 0.004430908546469321 0.00591127650805228 0.013706151450035155 0.017004228352933453 0.00976674902222379 0.007077132813884189 0.007026497581559419 0.009651830486859518 0.015944573083897684 0.021843308841526996 0.018577754099062267 0.01196985991322308 0.011437134114551736 0.01372601904035475 0.019045343552435444 0.024782808916385686
0.0 0.0 0.0 0.0 0.49839402721467235 0.34904712975477303 0.1525588413454981 0.0 0.0 0.0 0.0 0.0 0.0 0.0 0.0 0.0
0.0 0.0 0.0 0.0 0.4213349418113038 0.34998960443717353 0.22867545233823014 0.0 0.0 0.0 0.0 0.0 0.0
0.0 0.0 0.0 0.0 0.4491381507131291 0.35475077309365943 0.19611107467863254 0.0 0.0 0.0
0.0 0.0 0.0 0.0 0.4417370951316723 0.3562271830162816 0.20203572037034842 0.0 0.0 0.0 0.0 0.0
0.0 0.0 0.0 0.0 0.13386612677459944 0.10691710596580874 0.058636293238238255 0.0 0.0 0.0 0.0 0.0 0.0 0.0 0.0 0.0 0.0 0.0 0.0 0.0 0.0 0.0 0.0 0.0008128533404555653 0.003115856091182309 0.006285989334739696 0.007150596259016817 0.004499800036603991 0.004290682003109182 0.006590976894364956 0.009823335270760687 0.012239257934668794 0.010910180524839306 0.006819282915693698 0.006310892948904807 0.0076254105069592515 0.009970301192346707 0.011090054545344428 0.009984207332942883 0.0074841654274850926 0.006683485719142353 0.007198278926015725 0.008745082146059615 0.01004116626588552 0.009503453180099925 0.007036336759496846 0.005980581035472718 0.0061464637242971834 0.0077716722981531405 0.0095139386378652 0.010050950201149005 0.006926072547979628 0.005287845385540289 0.0047970352075415775 0.006742596161616497 0.009153448217404487 0.01018548778666554 0.0075030656780847105 0.004927509699906488 0.004587541637837633 0.0055299401923998535 0.008444178542708708 0.010743009538186276 0.010346501544222942 0.005459641031065086 0.004818084359782363 0.003589140376791226 0.007769698125164835 0.011906355516831089 0.012146870811440653 0.00791735513769128 0.006726867974968585 0.0069183923109247284 0.00918926063686693 0.012879887935583601 0.015172632984301538 0.01336840751656594 0.00942246775344361 0.009736196961492647 0.01022694628871673 0.014334968175139583 0.017157067151802714 0.01581514762063627 0.01211449472215116 0.01089772610986641 0.011244221721459342 0.013194799387253993 0.01526959260859462 0.014398052173196969 0.011852559085575576 0.01011734013486228 0.010237835100188114 0.011749383989302581 0.012914306872307053 0.012514396450745204 0.010750742802344782 0.009253151342336535 0.008961902149028833 0.010038675730609651 0.011666420912470837
0.0 0.0 0.0 0.0 0.46772692467549704 0.35269197559842025 0.17958109817062493 0.0 0.0 0.0 0.0 0.0
0.0 0.0 0.0 0.0 0.4592957659700292 0.3576968751554103 0.18300735731211523 0.0 0.0 0.0 0.0 0.0 0.0 0.0 0.0
0.0 0.0 0.0 0.0 0.4637698609499383 0.35714054007551316 0.17908959741940836 0.0 0.0 0.0 0.0 0.0 0.0 0.0
0.0 0.0 0.0 0.0 0.4252995522096735 0.34082275071585477 0.23387769563427852 0.0 0.0 0.0 0.0 0.0 0.0 0.0 0.0 0.0 0.0 0.0 0.0 0.0 0.0
0.0 0.0 0.0 0.0 0.45804601180979987 0.36335585006192267 0.17859813660242083 0.0 0.0 0.0 0.0 0.0
0.0 0.0 0.0 0.0 0.4485126904479095 0.3495097622336683 0.20197754578169824 0.0 0.0 0.0
0.0 0.0 0.0 0.0 0.449266386460593 0.35434067092274635 0.19639294110583935 0.0 0.0 0.0 0.0 0.0 0.0 0.0 0.0 0.0 0.0 0.0
0.0 0.0 0.0 0.0 0.4564613209541831 0.35379227051566436 0.18974640699302886 0.0 0.0
0.0 0.0 0.0 0.0 0.4505811211348495 0.35043619626677913 0.1989826810469671 0.0 0.0 0.0 0.0 0.0 0.0 0.0 0.0 0.0 0.0 0.0 0.0
0.0 0.0 0.0 0.0 0.4654891213510194 0.351514853274416 0.18299602376118784 0.0 0.0 0.0 0.0 0.0
0.0 0.0 0.0 0.0 0.455261836470332 0.35335490874402803 0.1913832532437168 0.0 0.0 0.0 0.0 0.0 0.0 0.0 0.0 0.0
0.0 0.0 0.0 0.0 0.4640205742057881 0.353755205134757 0.18222421904306166 0.0 0.0 0.0 0.0 0.0 0.0
0.0 0.0 0.0 0.0 0.451268932432515 0.3517761865073663 0.1969548795381378 0.0 0.0 0.0 0.0 0.0 0.0 0.0 0.0 0.0 0.0 0.0
0.0 0.0 0.0 0.0 0.4536344691902209 0.34423671367936026 0.2021288155395518 0.0 0.0 0.0 0.0 0.0 0.0 0.0 0.0 0.0 0.0 0.0 0.0 0.0 0.0 0.0
0.0 0.0 0.0 0.0 0.46022710998363364 0.3574371651527334 0.18233572329697306 0.0 0.0 0.0 0.0 0.0 0.0 0.0 0.0 0.0 0.0 0.0
0.0 0.0 0.0 0.0 0.49928523828656723 0.3443566096110332 0.1563581504030315 0.0 0.0 0.0 0.0 0.0 0.0 0.0 0.0
0.0 0.0 0.0 0.0 0.4582255182720952 0.3579274483116689 0.18384703187058285 0.0 0.0 0.0 0.0 0.0 0.0 0.0 0.0 0.0
0.0 0.0 0.0 0.0 0.42582425133406393 0.3407130343208612 0.23346271289679443 0.0 0.0 0.0 0.0 0.0 0.0 0.0
0.0 0.0 0.0 0.0 0.49940128508804527 0.3428510828505958 0.15774763038022843 0.0 0.0 0.0 0.0 0.0 0.0 0.0 0.0 0.0 0.0
0.0 0.0 0.0 0.0 0.4235930409657479 0.3410365160311853 0.2353704415817657 0.0 0.0 0.0 0.0 0.0
0.0 0.0 0.0 0.0 0.4472838255321999 0.34793471280654165 0.2047814601258906 0.0 0.0 0.0 0.0 0.0 0.0 0.0 0.0 0.0
0.0 0.0 0.0 0.0 0.43714611181834534 0.34266101419098216 0.2201928725284763 0.0 0.0 0.0 0.0 0.0 0.0 0.0 0.0 0.0 0.0 0.0
0.0 0.0 0.0 0.0 0.43910542806837066 0.35565321564969593 0.20524135480249928 0.0 0.0
0.0 0.0 0.0 0.0 0.45310877470939287 0.35720367119132573 0.1896875525715397 0.0 0.0 0.0 0.0 0.0 0.0 0.0 0.0
0.0 0.0 0.0 0.0 0.46339414882692603 0.35709222187502243 0.1795136277334231 0.0 0.0 0.0 0.0 0.0 0.0 0.0 0.0 0.0 0.0 0.0 0.0
0.0 0.0 0.0 0.0 0.4272669595284612 0.342203267390342 0.23052977163619015 0.0 0.0 0.0 0.0
0.0 0.0 0.0 0.0 0.45706482582840546 0.3489585368413248 0.19397663580441885 0.0 0.0 0.0
0.0 0.0 0.0 0.0 0.45562496620519655 0.3422601943325092 0.17935336429599877 0.0 0.0 0.0 0.0 0.0 0.0 0.0 0.0 0.0 0.0 0.0 0.0 0.0 0.0 0.0 0.0 0.0 0.0009268429132033573 0.009922671019526767 0.0043473013261139575 0.0075646583660650135
0.0 0.0 0.0 0.0 0.4451242889812867 0.3649405931753841 0.18993511634781002 0.0 0.0 0.0 0.0 0.0 0.0 0.0 0.0 0.0 0.0
0.0 0.0 0.0 0.0 0.46287512280650345 0.3549919506713068 0.18213292498260347 0.0 0.0 0.0 0.0 0.0 0.0
0.0 0.0 0.0 0.0 0.445436345849539 0.35140344611193614 0.20316020650505776 0.0 0.0 0.0 0.0 0.0 0.0 0.0 0.0
0.0 0.0 0.0 0.0 0.45467431492652444 0.3534828702333726 0.19184281331781194 0.0 0.0 0.0 0.0 0.0 0.0 0.0
0.0 0.0 0.0 0.0 0.44987087487099575 0.36719251012642784 0.18293661348481471
0.0 0.0 0.0 0.0 0.447536141334692 0.3514254448233213 0.2010384123444818 0.0
0.0 0.0 0.0 0.0 0.5158797073152348 0.35266897556313914 0.1314513152769847 0.0 0.0 0.0 0.0
0.0 0.0 0.0 0.0 0.43859531080320185 0.34111460641839325 0.2202900813131747 0.0 0.0 0.0 0.0
0.0 0.0 0.0 0.0 0.505442577022283 0.34755477519966077 0.14700264599065693 0.0 0.0 0.0 0.0 0.0 0.0 0.0 0.0 0.0 0.0 0.0 0.0 0.0
0.0 0.0 0.0 0.0 0.4545848597241544 0.3545315085359298 0.1908836302048999 0.0 0.0 0.0 0.0 0.0 0.0
0.0 0.0 0.0 0.0 0.4589849753778955 0.34694900159774966 0.19406602142630233 0.0 0.0 0.0 0.0 0.0 0.0 0.0 0.0
0.0 0.0 0.0 0.0 0.4336536844868537 0.3392376718023204 0.22710864224703894 0.0 0.0 0.0 0.0 0.0 0.0 0.0 0.0 0.0
0.0 0.0 0.0 0.0 0.45701106281567566 0.35698368179354584 0.18600525378286806 0.0 0.0 0.0 0.0 0.0 0.0 0.0 0.0 0.0 0.0
0.0 0.0 0.0 0.0 0.44646816181991567 0.3559213586222125 0.19761047805521542 0.0 0.0 0.0 0.0 0.0 0.0 0.0 0.0 0.0 0.0 0.0 0.0
0.0 0.0 0.0 0.0 0.4372240748692868 0.3667230684501188 0.19605285511964343 0.0 0.0 0.0 0.0 0.0 0.0 0.0 0.0 0.0 0.0 0.0 0.0 0.0
0.0 0.0 0.0 0.0 0.44900842794149115 0.35211470276876483 0.1988768678096308 0.0 0.0 0.0 0.0 0.0 0.0
0.0 0.0 0.0 0.0 0.47304814973295195 0.35189489117735256 0.1750569574497041 0.0 0.0 0.0 0.0 0.0
0.0 0.0 0.0 0.0 0.4531104867105672 0.35357325619473934 0.193316255563442 0.0 0.0 0.0 0.0 0.0 0.0 0.0 0.0 0.0
0.0 0.0 0.0 0.0 0.4707886586931147 0.3622730825036698 0.16693825716749536 0.0 0.0 0.0 0.0 0.0 0.0 0.0
0.0 0.0 0.0 0.0 0.45226990704141345 0.353883071427027 0.19384702003051454 0.0 0.0 0.0 0.0 0.0 0.0 0.0
0.0 0.0 0.0 0.0 0.4762177473430604 0.3630242096820401 0.16075804132168353 0.0 0.0 0.0 0.0 0.0 0.0
0.0 0.0 0.0 0.0 0.4701587436771634 0.3484135571600031 0.18142769753739588 0.0 0.0 0.0 0.0 0.0 0.0 0.0 0.0 0.0 0.0 0.0
0.0 0.0 0.0 0.0 0.44639151106034536 0.3512659658500406 0.20234252158212493 0.0 0.0 0.0 0.0 0.0 0.0 0.0
0.0 0.0 0.0 0.0 0.4694723655279714 0.35308469640548606 0.1774429364127156 0.0 0.0
0.0 0.0 0.0 0.0 0.4825350441225522 0.359800736981644 0.15766421720768808 0.0 0.0 0.0 0.0 0.0 0.0 0.0 0.0 0.0
0.0 0.0 0.0 0.0 0.4510010472816356 0.35867073252195253 0.19032821867692637 0.0 0.0 0.0 0.0 0.0 0.0
0.0 0.0 0.0 0.0 0.4636520907291019 0.3589117063438533 0.1774362012947628 0.0 0.0 0.0 0.0 0.0 0.0
0.0 0.0 0.0 0.0 0.5062965618971538 0.3526346442647187 0.14106879214287532 0.0 0.0 0.0 0.0 0.0 0.0 0.0
0.0 0.0 0.0 0.0 0.143337097126113 0.11496153203465419 0.07553509839983755 0.0 0.0 0.0 0.0 0.0 0.0 0.0 0.0 0.0 0.0 0.0 0.0 0.0 0.0 0.0 0.0 0.0 0.00041010417040515386 0.0031940617612855175 0.004223858428934603 0.003042381011567989 0.0013700610322836982 0.0030350911089585438 0.0051280284950604915 0.010224772064793082 0.00923518501294264 0.004978994415208258 0.0043471121852925124 0.006173725129396049 0.009233788688313467 0.011934053845056733 0.009444809607953604 0.006507391406805669 0.005459651060967414 0.0062983189947162415 0.00832727116474282 0.011153071345874514 0.00961180368667249 0.006536721477652728 0.005152196698301134 0.005192937642822306 0.007328928976126605 0.009838186897346437 0.009651809294002585 0.0064930890531040035 0.0043698051806294776 0.004628224974499885 0.005980607086251373 0.009137401487206862 0.010451206050908091 0.00726938117091823 0.003964881918621136 0.003749267634973605 0.004367156697355573 0.007919951483257269 0.011153217325267565 0.009330825089702207 0.004189822562746373 0.0035889478066413014 0.0013108595881197022 0.006583751323231002 0.010332027930399617 0.012336374865710709 0.00733719993279369 0.0058722205603769315 0.005639096909902161 0.007590488687004041 0.012150229378668847 0.016528053452168717 0.013928220304435131 0.009350401742344066 0.008947241113503979 0.010495726138971075 0.014134530895212572 0.016419760316837652 0.017987689616118126 0.012730552775004554 0.01097374699531659 0.011920424265949123 0.014511668203804687 0.017517189871979744 0.01720424632145307 0.01337554866927856 0.010907502272114017 0.011196327488136804 0.012789828568921533 0.014504480758781668 0.013884480888778458 0.011838372059899151 0.009943222244110865 0.009526461050700917 0.01059055199526506 0.012179693641752995
0.0 0.0 0.0 0.0 0.3609088544785886 0.29088016795024063 0.19891466095929575 0.0 0.0 0.0 0.0 0.0 0.0 0.0 0.0 0.0 0.0 0.0 0.0 0.0 0.0 0.0 0.0 0.0 0.0 0.004067287481297674 0.0074846128898468055 0.004695387703963969 0.0038328697171071944 0.008836427635245081 0.016255391822900207 0.02441010323422498 0.021287104231348285 0.01154461759863694 0.00998772818917921 0.01460463381356906 0.022290151083682676
0.0 0.0 0.0 0.0 0.45768274930609254 0.3521640775519059 0.190153171616145 0.0 0.0 0.0 0.0
0.0 0.0 0.0 0.0 0.43412822443323396 0.3408310516940765 0.2250407223819735 0.0
0.0 0.0 0.0 0.0 0.4403871516989606 0.3553811158557231 0.19184023317542404 0.0 0.0 0.0 0.0 0.0 0.0 0.0 0.0 0.0 0.0 0.0 0.0 0.0 0.0 0.0 0.0 0.0 0.0017591503817014377 0.010632347391555684
0.0 0.0 0.0 0.0 0.4489811940146915 0.35791218128810787 0.19310662308284227 0.0 0.0 0.0 0.0 0.0
0.0 0.0 0.0 0.0 0.44594001894106833 0.341986920249714 0.21207305931300394 0.0 0.0
0.0 0.0 0.0 0.0 0.4449089257291942 0.3559787093178843 0.19911236347017983 0.0 0.0 0.0 0.0 0.0 0.0
0.0 0.0 0.0 0.0 0.4559442689456359 0.3534455454175697 0.19061018408804006 0.0 0.0 0.0 0.0 0.0
0.0 0.0 0.0 0.0 0.46734097896561816 0.3565345282781334 0.17612449117238393 0.0 0.0 0.0 0.0 0.0
0.0 0.0 0.0 0.0 0.4347128764317109 0.34087264976058074 0.2244144723350053 0.0 0.0 0.0 0.0 0.0 0.0
0.0 0.0 0.0 0.0 0.45015603094088824 0.33780848158031046 0.2120354859388536 0.0 0.0 0.0 0.0 0.0 0.0 0.0 0.0 0.0 0.0 0.0 0.0
0.0 0.0 0.0 0.0 0.5029181411140079 0.35059752544408423 0.14648433168375485 0.0 0.0 0.0 0.0 0.0
0.0 0.0 0.0 0.0 0.44166110798343944 0.36780807922670505 0.19053081130036695 0.0 0.0 0.0 0.0 0.0 0.0 0.0 0.0
0.0 0.0 0.0 0.0 0.43759601020816663 0.3497000964172247 0.21270389190895905 0.0 0.0 0.0 0.0 0.0 0.0
0.0 0.0 0.0 0.0 0.4397509920499022 0.33970551603296034 0.22054349042544494 0.0 0.0 0.0 0.0 0.0 0.0 0.0 0.0
0.0 0.0 0.0 0.0 0.45696649986836024 0.3519545506379447 0.1910789479424765 0.0 0.0 0.0 0.0
0.0 0.0 0.0 0.0 0.44129702581029906 0.35552352749042526 0.2031794451863253 0.0 0.0 0.0 0.0 0.0 0.0 0.0 0.0 0.0 0.0 0.0 0.0 0.0
0.0 0.0 0.0 0.0 0.28873325665567695 0.2249287105281666 0.11908567421413961 0.0 0.0 0.0 0.0 0.0 0.0 0.0 0.0 0.0 0.0 0.0 0.0 0.0 0.0 0.0 0.0 0.0 0.005848681591044908 0.01203987795972534 0.0142884010018651 0.009633538739227523 0.008536596716429411 0.013513290237022515 0.021089390959563813 0.02488651512360276 0.021617559271154236 0.014503180524314886 0.013463203768941185 0.016493750995254915 0.02154867511108923 0.024631021533239084 0.021664684768569083 0.015953356057794514 0.014378061963245257 0.015573955605951909 0.019084457040142267 0.02222886556132821 0.021015648461139902 0.01525964457878946
0.0 0.0 0.0 0.0 0.519104001001904 0.3513433552744206 0.12955264189079133 0.0 0.0 0.0 0.0 0.0 0.0
0.0 0.0 0.0 0.0 0.4545616635018768 0.3639225142641859 0.18151582068344407 0.0 0.0 0.0 0.0 0.0 0.0 0.0
0.0 0.0 0.0 0.0 0.45036027304501625 0.35760728918696383 0.19203243625946814 0.0 0.0 0.0 0.0 0.0 0.0 0.0 0.0
0.0 0.0 0.0 0.0 0.4415344700932428 0.35584289317267825 0.20262263522938634
0.0 0.0 0.0 0.0 0.4296869279623963 0.339936234393544 0.23037683621965224 0.0 0.0 0.0 0.0 0.0 0.0 0.0 0.0 0.0 0.0 0.0 0.0
0.0 0.0 0.0 0.0 0.503697827311336 0.34411230902324763 0.1521898619721155 0.0 0.0 0.0 0.0 0.0 0.0 0.0
0.0 0.0 0.0 0.0 0.47610243387898227 0.3581266212632287 0.1657709432739175 0.0 0.0 0.0 0.0 0.0 0.0
0.0 0.0 0.0 0.0 0.45738336518965633 0.3567630242021337 0.18585360906997 0.0 0.0 0.0 0.0 0.0 0.0 0.0 0.0 0.0 0.0 0.0
0.0 0.0 0.0 0.0 0.44619365096659236 0.3514810282392616 0.20232531929938422
0.0 0.0 0.0 0.0 0.45764731799238495 0.3590778934097529 0.18327478699554095 0.0 0.0 0.0 0.0 0.0 0.0 0.0 0.0 0.0 0.0 0.0 0.0 0.0 0.0 0.0 0.0
0.0 0.0 0.0 0.0 0.46121821437209515 0.3554010776728685 0.18338070640740406 0.0 0.0 0.0 0.0 0.0 0.0 0.0
0.0 0.0 0.0 0.0 0.4698534414956979 0.3596151668999282 0.17053139005482168 0.0 0.0 0.0 0.0 0.0 0.0 0.0 0.0 0.0 0.0 0.0
0.0 0.0 0.0 0.0 0.4426626279284531 0.3534124480500681 0.20392492248567498
0.0 0.0 0.0 0.0 0.4586308501823026 0.3643005123432948 0.17706863593646396 0.0 0.0 0.0 0.0 0.0 0.0 0.0
0.0 0.0 0.0 0.0 0.42535162126496784 0.3409495360897272 0.1933861878034188 0.0 0.0 0.0 0.0 0.0 0.0 0.0 0.0 0.0 0.0 0.0 0.0 0.0 0.0 0.0 0.0 0.0 0.0 0.007108636356268738 0.010931267092790808 0.007535236553070487 0.006518021306025595 0.00821949210227097
0.0 0.0 0.0 0.0 0.4516756725647128 0.35479403621870453 0.1935302896328675 0.0 0.0 0.0 0.0 0.0 0.0 0.0
0.0 0.0 0.0 0.0 0.46223185783716936 0.35421875212181114 0.18354938849737762 0.0 0.0 0.0
0.0 0.0 0.0 0.0 0.4574192102782026 0.3498050529995588 0.1927757351665924 0.0 0.0 0.0 0.0 0.0 0.0 0.0 0.0 0.0 0.0 0.0
0.0 0.0 0.0 0.0 0.45734397804211474 0.3584312025916264 0.1842248178273477 0.0 0.0 0.0 0.0 0.0 0.0
0.0 0.0 0.0 0.0 0.44395562896763907 0.3492089692816392 0.20683540025389424 0.0 0.0 0.0 0.0 0.0 0.0 0.0 0.0 0.0 0.0 0.0
0.0 0.0 0.0 0.0 0.49890769709780924 0.3471036438263459 0.15398865738048437 0.0 0.0 0.0 0.0 0.0 0.0 0.0 0.0 0.0
0.0 0.0 0.0 0.0 0.4509948711458714 0.3535347860446509 0.19547034130518517 0.0 0.0 0.0 0.0 0.0
0.0 0.0 0.0 0.0 0.4248772816891206 0.3470297419162936 0.22809297494135752 0.0 0.0 0.0 0.0 0.0 0.0
0.0 0.0 0.0 0.0 0.4483571086362513 0.35537253857531953 0.19627035126266132 0.0 0.0 0.0 0.0
0.0 0.0 0.0 0.0 0.47547163771268197 0.3512344911952629 0.17329386946320616 0.0 0.0 0.0 0.0 0.0 0.0 0.0 0.0 0.0 0.0 0.0 0.0
0.0 0.0 0.0 0.0 0.4471684287758564 0.3595797466866101 0.1932518229407389 0.0 0.0 0.0 0.0 0.0 0.0 0.0 0.0 0.0 0.0 0.0 0.0 0.0 0.0 0.0 0.0 0.0
0.0 0.0 0.0 0.0 0.439192140689333 0.3411171614422958 0.2196906963990869 0.0 0.0 0.0 0.0 0.0
0.0 0.0 0.0 0.0 0.47350443565599676 0.35452880641651535 0.1719667563253723 0.0 0.0 0.0 0.0 0.0 0.0 0.0 0.0 0.0 0.0 0.0 0.0
0.0 0.0 0.0 0.0 0.4486079561101353 0.34905147074740744 0.20234057163277172 0.0 0.0 0.0 0.0 0.0 0.0 0.0 0.0 0.0 0.0 0.0 0.0
0.0 0.0 0.0 0.0 0.4603147288328649 0.35438488277509744 0.18530038685929992 0.0 0.0 0.0 0.0 0.0 0.0 0.0 0.0 0.0
0.0 0.0 0.0 0.0 0.445419420682445 0.36570321528991656 0.18887736245722772 0.0 0.0 0.0 0.0 0.0 0.0 0.0
0.0 0.0 0.0 0.0 0.4652876544474617 0.3571972457856453 0.17751509817504313 0.0 0.0 0.0 0.0 0.0 0.0 0.0
0.0 0.0 0.0 0.0 0.461156243018522 0.3571903348117835 0.18165342063054268 0.0 0.0 0.0 0.0 0.0 0.0 0.0 0.0 0.0 0.0 0.0 0.0
0.0 0.0 0.0 0.0 0.4443910481498553 0.3600605463582419 0.19554840399524973 0.0 0.0 0.0 0.0 0.0 0.0 0.0 0.0 0.0 0.0
0.0 0.0 0.0 0.0 0.44748357072612793 0.3520104213971159 0.20050600637609625 0.0 0.0 0.0 0.0 0.0 0.0 0.0 0.0 0.0
0.0 0.0 0.0 0.0 0.47097181499707413 0.3610681407085945 0.16796004263322672
0.0 0.0 0.0 0.0 0.4679367081399303 0.35799758723492947 0.17406570305849114 0.0 0.0 0.0 0.0 0.0 0.0
0.0 0.0 0.0 0.0 0.4617914394008112 0.3546019654183341 0.18360659358777284 0.0 0.0 0.0 0.0 0.0 0.0
0.0 0.0 0.0 0.0 0.46708071702115966 0.3509406866530668 0.1819785947037504 0.0 0.0
0.0 0.0 0.0 0.0 0.44218101485629274 0.3501881857685783 0.20763079789356872
0.0 0.0 0.0 0.031371070585562946 0.12491826738033754 0.09009379049295013 0.06819838277647824 0.01335925609443721 0.0 0.0 0.0014471060698927468 0.009612813815488619 0.016021859759625112 0.01705224862253821 0.013187793703411494 0.012467638621687666 0.014536395284594262 0.01765588466989602 0.022268837619133477 0.025773512533159265 0.02038748462579326 0.016804898016841575 0.017607679135010944 0.020198391759177474 0.02442417244688051 0.0243131335233632 0.019602694345251165 0.01612034765271496 0.015735516559020946 0.016983066223803082 0.020004796737899476 0.019611446164069256 0.016059989382285648 0.013850147425608169 0.013149824109945113 0.014247441830023218 0.015522122962922446 0.015696206276527982 0.013962888585590704 0.01147794340474589 0.01086303893131673 0.012182192769972202 0.013605603850517145 0.014994923971101436 0.013692186756963336 0.010424839879474363 0.009171281414802087 0.010301854480263066 0.012743838342185319 0.014489637124865205 0.013963118553469711 0.010319297662425902 0.008340337529264408 0.009259701693477458 0.011923097206826066
0.0 0.0 0.0 0.0 0.4621489782912906 0.3549580592118665 0.18289296094263724 0.0 0.0 0.0 0.0 0.0 0.0 0.0 0.0
0.0 0.0 0.0 0.0 0.4431768311194716 0.3485714595693222 0.20825170780632293 0.0 0.0 0.0 0.0 0.0
0.0 0.0 0.0 0.0 0.4576109984711124 0.3550424342487795 0.1873465657374833 0.0 0.0 0.0 0.0 0.0 0.0 0.0 0.0 0.0 0.0 0.0
0.0 0.0 0.0 0.0 0.45865389795800315 0.3560482935497622 0.18529780694611722 0.0 0.0 0.0 0.0 0.0 0.0 0.0 0.0 0.0 0.0 0.0
0.0 0.0 0.0 0.0 0.4554789112833226 0.35697334357257715 0.18754774362318802 0.0 0.0 0.0 0.0 0.0 0.0 0.0 0.0
0.0 0.0 0.0 0.0 0.45005679858552233 0.36064666765475273 0.18929653222350942 0.0 0.0 0.0 0.0 0.0 0.0 0.0
0.0 0.0 0.0 0.0 0.45134888815036495 0.35326158816348946 0.19538952213802382 0.0 0.0 0.0 0.0 0.0 0.0 0.0
0.0 0.0 0.0 0.0 0.4468075706117973 0.3530051918810523 0.20018723598150512 0.0 0.0 0.0 0.0 0.0 0.0 0.0 0.0 0.0 0.0 0.0 0.0
0.0 0.0 0.0 0.0 0.45115050725968137 0.35078870351752106 0.19806078771752184 0.0 0.0 0.0 0.0 0.0 0.0 0.0
0.0 0.0 0.0 0.0 0.4534929388181952 0.35136991379672206 0.19513714586698794 0.0 0.0 0.0
0.0 0.0 0.0 0.0 0.5125144623790389 0.34849566902607854 0.13898986682318262 0.0 0.0 0.0 0.0 0.0
0.0 0.0 0.0 0.0 0.44861537266570073 0.3562554933409184 0.18541680966653934 0.0 0.0 0.0 0.0 0.0 0.0 0.0 0.0 0.0 0.0 0.0 0.0 0.0 0.0 0.0 0.0 0.0 0.0002701179269155381 0.009442204874090605
0.0 0.0 0.0 0.0 0.45268411823981597 0.3646107086450835 0.18270517160117614 0.0 0.0 0.0 0.0 0.0 0.0 0.0 0.0 0.0 0.0 0.0 0.0 0.0 0.0 0.0
0.0 0.0 0.0 0.0 0.42881814183627603 0.3628574414070193 0.20832441529258455 0.0 0.0 0.0 0.0 0.0 0.0 0.0
0.0 0.0 0.0 0.0 0.43196493765363136 0.3381298605457604 0.19427987194678564 0.0 0.0 0.0 0.0 0.0 0.0 0.0 0.0 0.0 0.0 0.0 0.0 0.0 0.0 0.0 0.0 0.0 0.004595907298130375 0.013917990770751223 0.01711143030088614
0.0 0.0 0.0 0.0 0.503600281283846 0.34757937846515286 0.14882033856958088 0.0 0.0 0.0 0.0 0.0 0.0 0.0 0.0 0.0 0.0 0.0
0.0 0.0 0.0 0.0 0.4569921169322148 0.3547405611049141 0.188267320429792 0.0 0.0 0.0 0.0
0.0 0.0 0.0 0.0 0.44395646723076065 0.3543446814625593 0.2016988498463583 0.0
0.0 0.0 0.0 0.0 0.4722073438297358 0.360045593338428 0.16774706120570745 0.0 0.0 0.0 0.0 0.0 0.0
0.0 0.0 0.0 0.0 0.48152759769438497 0.33545962363255527 0.18301277706489238 0.0 0.0 0.0 0.0 0.0 0.0
0.0 0.0 0.0 0.0 0.45416028328011293 0.3529847108552867 0.1928550042785595 0.0 0.0 0.0 0.0 0.0
0.0 0.0 0.0 0.0 0.4810910915897613 0.3475058530631904 0.17140305369052067 0.0 0.0 0.0 0.0 0.0 0.0
0.0 0.0 0.0 0.0 0.41549302309976244 0.3473077214385684 0.23719925404638736 0.0 0.0 0.0 0.0 0.0 0.0 0.0 0.0 0.0 0.0 0.0 0.0 0.0
0.0 0.0 0.0 0.0 0.4403332516184932 0.35695328711282864 0.20271345979383415 0.0 0.0 0.0 0.0 0.0 0.0 0.0 0.0 0.0
0.0 0.0 0.0 0.0 0.47634447233468824 0.3597471566498621 0.16390836936233585 0.0 0.0 0.0 0.0 0.0
0.0 0.0 0.0 0.0 0.4497137819881617 0.3608868996448689 0.18939931686716888 0.0 0.0
0.0 0.0 0.0 0.0 0.4513897710848347 0.3592054459338877 0.18940478148131296 0.0
0.0 0.0 0.0 0.0 0.452315941731315 0.36067212315593644 0.1870119336152632 0.0 0.0 0.0 0.0 0.0 0.0 0.0
0.0 0.0 0.0 0.0 0.4518433640049213 0.35633183590196743 0.1918247985444823 0.0 0.0 0.0 0.0 0.0 0.0 0.0 0.0 0.0 0.0 0.0
0.0 0.0 0.0 0.0 0.4509736341024154 0.3429410404350224 0.20608532388970008 0.0 0.0 0.0 0.0
0.0 0.0 0.0 0.0 0.43708256653199357 0.33839061100730927 0.22452682100035168 0.0 0.0 0.0 0.0 0.0 0.0
0.0 0.0 0.0 0.0 0.4307797021404422 0.3624262599948087 0.20679403638739807 0.0 0.0 0.0 0.0 0.0
0.0 0.0 0.0 0.0 0.4615213175715005 0.3430232131332902 0.19545546770836383 0.0 0.0 0.0 0.0 0.0 0.0 0.0 0.0
0.0 0.0 0.0 0.0 0.4494396899939946 0.3496768830511384 0.20088342539957946 0.0 0.0 0.0 0.0 0.0 0.0 0.0 0.0 0.0 0.0
0.0 0.0 0.0 0.0 0.45093823332367716 0.36299582804564895 0.1860659370758169 0.0 0.0 0.0 0.0 0.0 0.0 0.0 0.0
0.0 0.0 0.0 0.0 0.432419525173794 0.3410072093510199 0.22657326403756092 0.0 0.0 0.0 0.0 0.0 0.0 0.0 0.0 0.0 0.0
0.0 0.0 0.0 0.0 0.46079525986951764 0.35404756166892903 0.18515717691508923 0.0 0.0 0.0 0.0
0.0 0.0 0.0 0.0 0.43639802208225703 0.34060177167651473 0.22300020474626173 0.0 0.0 0.0
0.0 0.0 0.0 0.0 0.4579679072621162 0.3588376088593642 0.18319448233289812 0.0 0.0 0.0 0.0 0.0 0.0 0.0 0.0 0.0
0.0 0.0 0.0 0.0 0.45994275545156116 0.35360324061932324 0.1864540023875612
0.0 0.0 0.0 0.0 0.4582477562125723 0.35603773771904934 0.18571450440503603 0.0 0.0 0.0 0.0 0.0
0.0 0.0 0.0 0.0 0.4698536727272584 0.36522364271332497 0.16492268290854512 0.0 0.0 0.0 0.0 0.0 0.0 0.0 0.0 0.0
0.0 0.0 0.0 0.0 0.4377628535088639 0.3519665754465602 0.21027056958978854 0.0 0.0 0.0 0.0 0.0 0.0 0.0
0.0 0.0 0.0 0.0 0.4379292812652009 0.3600343391286889 0.20203637811526048 0.0 0.0 0.0 0.0 0.0
0.0 0.0 0.0 0.0 0.49172662753634494 0.361171096106884 0.14710227470631054
0.0 0.0 0.0 0.0 0.4650002711947417 0.36318718206351436 0.17181254512992072 0.0 0.0 0.0
0.0 0.0 0.0 0.0 0.45212617133431127 0.34431877125491445 0.20355505587471523 0.0 0.0 0.0 0.0 0.0 0.0
0.0 0.0 0.0 0.0 0.452558182692217 0.35357859492245375 0.19386322085262683 0.0 0.0 0.0 0.0 0.0 0.0 0.0 0.0
0.0 0.0 0.0 0.0 0.4971455696280333 0.35102607003039915 0.1518283586636927 0.0 0.0 0.0 0.0 0.0 0.0 0.0 0.0 0.0 0.0 0.0 0.0 0.0
0.0 0.0 0.0 0.0 0.4548387122245961 0.3557675053794257 0.1893937808391486 0.0 0.0 0.0 0.0
0.0 0.0 0.0 0.0 0.5080363225266673 0.35232863264667974 0.13963504312375402 0.0 0.0 0.0 0.0 0.0 0.0 0.0 0.0 0.0 0.0
0.0 0.0 0.0 0.0 0.4726461347728006 0.356743384367424 0.1706104792750765 0.0 0.0 0.0 0.0 0.0 0.0
0.0 0.0 0.0 0.0 0.4484421556216478 0.357117570181742 0.1944402726777048 0.0 0.0 0.0 0.0 0.0 0.0 0.0 0.0 0.0 0.0 0.0 0.0 0.0
0.0 0.0 0.0 0.0 0.5001270932302418 0.3450240893659026 0.1548488157281899 0.0 0.0 0.0 0.0 0.0 0.0
0.0 0.0 0.0 0.0 0.4515717916566355 0.36369149560345565 0.18473671117781865 0.0 0.0 0.0 0.0 0.0 0.0 0.0 0.0
0.0 0.0 0.0 0.0 0.45486308252719315 0.3626696421067361 0.1824672738439113 0.0 0.0 0.0 0.0 0.0 0.0 0.0 0.0 0.0 0.0 0.0 0.0 0.0 0.0
0.0 0.0 0.0 0.0 0.45657425749811065 0.36809736529741033 0.17532837566847495 0.0 0.0 0.0 0.0 0.0 0.0 0.0 0.0 0.0 0.0 0.0
0.0 0.0 0.0 0.0 0.42953874036580963 0.35712643183212234 0.21333482633408077 0.0 0.0 0.0 0.0 0.0 0.0
0.0 0.0 0.0 0.0 0.44812609544578896 0.35116379194492386 0.20071011111456383 0.0 0.0 0.0 0.0 0.0 0.0 0.0 0.0 0.0 0.0 0.0 0.0
0.0 0.0 0.0 0.0 0.4545944685665923 0.35626675618027354 0.189138773736619 0.0 0.0 0.0 0.0 0.0 0.0
0.0 0.0 0.0 0.0 0.400087875085201 0.31041772325232797 0.15364535083152978 0.0 0.0 0.0 0.0 0.0 0.0 0.0 0.0 0.0 0.0 0.0 0.0 0.0 0.0 0.0 0.0 0.0 0.0007135510933219539 0.00881647911159601 0.011974184003553575 0.008031891211157913 0.003790819597742776 0.012180150022125502 0.020948784573497272 0.029483166735275432 0.026655514179232755 0.013254508919736079
0.0 0.0 0.0 0.0 0.45620239817297586 0.349255112813383 0.19454248746000197 0.0 0.0 0.0
0.0 0.0 0.0 0.0 0.4497993282080193 0.35769006150942045 0.19251060877478052 0.0 0.0 0.0 0.0 0.0 0.0 0.0 0.0 0.0 0.0 0.0 0.0 0.0 0.0
0.0 0.0 0.0 0.0 0.44076892837739556 0.3524046181841098 0.20682645196159097 0.0 0.0 0.0 0.0 0.0 0.0
0.0 0.0 0.0 0.0 0.4669316212628828 0.357766339745114 0.17530203742851247 0.0 0.0 0.0 0.0 0.0 0.0 0.0
0.0 0.0 0.0 0.0 0.4610446617228017 0.3500037118970555 0.18895162480754932 0.0 0.0 0.0 0.0 0.0 0.0 0.0 0.0 0.0
0.0 0.0 0.0 0.0 0.44670040621381385 0.3514729211571457 0.20182667112263514 0.0 0.0 0.0 0.0 0.0 0.0 0.0 0.0 0.0 0.0 0.0 0.0 0.0 0.0
0.0 0.0 0.0 0.0 0.4547390086000032 0.35134907377545677 0.1939119161071056 0.0 0.0 0.0 0.0 0.0 0.0 0.0
0.0 0.0 0.0 0.0 0.4489908782063635 0.35521793476296365 0.19579118554830424 0.0 0.0 0.0 0.0 0.0 0.0
0.0 0.0 0.0 0.0 0.45766084120731687 0.35341233187761556 0.18801869096717885 0.0 0.0 0.0 0.0 0.0 0.0 0.0 0.0 0.0 0.0 0.0 0.0 0.0 0.0009081343417782361 0.0
0.0 0.0 0.0 0.0 0.5109743683565561 0.3505772066732646 0.1384484232671416 0.0 0.0 0.0 0.0 0.0
0.0 0.0 0.0 0.0 0.510981906138938 0.3490405837526453 0.13997750839242387 0.0 0.0 0.0 0.0 0.0 0.0 0.0 0.0 0.0
0.0 0.0 0.0 0.0 0.4514069199113912 0.3537678522973219 0.19482522625800705 0.0 0.0 0.0 0.0 0.0 0.0 0.0 0.0 0.0
0.0 0.0 0.0 0.0 0.4341281553602109 0.3420636867382681 0.22380815644466323 0.0 0.0
0.0 0.0 0.0 0.0 0.45782091161816796 0.35152130789506086 0.19065777891850966 0.0 0.0 0.0 0.0 0.0 0.0 0.0 0.0
0.0 0.0 0.0 0.0 0.4871207109895338 0.34676528042140337 0.16611400697205006 0.0 0.0 0.0 0.0 0.0 0.0 0.0
0.0 0.0 0.0 0.0 0.4964422028874918 0.34922202658920537 0.1543357688166607 0.0 0.0 0.0 0.0 0.0 0.0
0.0 0.0 0.0 0.0 0.455177369027639 0.3557654849184635 0.18905714450533995 0.0 0.0 0.0 0.0 0.0 0.0 0.0
0.0 0.0 0.0 0.0 0.45497662430655506 0.36590467101115537 0.17911870316294898 0.0 0.0 0.0 0.0 0.0 0.0 0.0
0.0 0.0 0.0 0.0 0.4596312341170191 0.3501259854963894 0.19024277882984997 0.0 0.0 0.0 0.0 0.0 0.0 0.0 0.0 0.0 0.0 0.0 0.0 0.0 0.0 0.0 0.0 0.0 0.0
0.0 0.0 0.0 0.0 0.4658100111292435 0.35912848082230686 0.17506150649691327 0.0 0.0 0.0 0.0 0.0
0.0 0.0 0.0 0.0 0.4535036091185075 0.354590961696165 0.191905427661909 0.0 0.0 0.0 0.0 0.0 0.0 0.0 0.0 0.0
0.0 0.0 0.0 0.0 0.46063796288426867 0.3608233589137178 0.17853867664723758 0.0 0.0 0.0 0.0 0.0 0.0 0.0 0.0
0.0 0.0 0.0 0.0 0.46994390946508363 0.33531386267219654 0.1947422262475812 0.0 0.0 0.0 0.0
0.0 0.0 0.0 0.0 0.4339685211140253 0.35366280744939116 0.21236866996456974 0.0 0.0 0.0 0.0 0.0 0.0
0.0 0.0 0.0 0.0 0.4402942156983939 0.35342652159734783 0.2062792612338938 0.0 0.0 0.0 0.0 0.0 0.0
0.0 0.0 0.0 0.0 0.4523703489853298 0.3559899716243729 0.19163967784516178 0.0 0.0 0.0 0.0 0.0 0.0 0.0 0.0 0.0 0.0 0.0
0.0 0.0 0.0 0.0 0.44217279970153844 0.35896299769713597 0.1988642011251134 0.0 0.0 0.0 0.0 0.0 0.0 0.0 0.0
0.0 0.0 0.0 0.0 0.4352200110054439 0.3413394844798838 0.22344050305567575 0.0 0.0 0.0 0.0 0.0
0.0 0.0 0.0 0.0 0.4462087288936957 0.3565353705432005 0.19725589904879837 0.0 0.0 0.0 0.0 0.0 0.0 0.0 0.0 0.0 0.0 0.0
0.0 0.0 0.0 0.0 0.4351689633209458 0.3588348650768611 0.20599617015016827 0.0 0.0 0.0 0.0 0.0 0.0 0.0 0.0 0.0 0.0 0.0 0.0
0.0 0.0 0.0 0.0 0.4609196502198681 0.36390144708436734 0.17517890107271689 0.0 0.0 0.0 0.0 0.0 0.0 0.0
0.0 0.0 0.0 0.0 0.4760595533729537 0.3531859656773193 0.17075447930306706 0.0 0.0 0.0 0.0 0.0 0.0 0.0 0.0
0.0 0.0 0.0 0.0 0.45112557940813686 0.3479278717274687 0.20094654729768968 0.0 0.0 0.0 0.0 0.0
0.0 0.0 0.0 0.0 0.4449708109386964 0.35758466589373367 0.19744452166237558 0.0 0.0
0.0 0.0 0.0 0.0 0.4257781142669402 0.34525826132527104 0.22896362296255668 0.0 0.0 0.0 0.0 0.0 0.0 0.0 0.0 0.0
0.0 0.0 0.0 0.0 0.4464729778463602 0.3496253632848288 0.20390165733656448 0.0 0.0 0.0 0.0 0.0 0.0 0.0 0.0 0.0 0.0
0.0 0.0 0.0 0.0 0.2611481803611566 0.20684402463894186 0.10378125159539855 0.0 0.0 0.0 0.0 0.0 0.0 0.0 0.0 0.0 0.0 0.0 0.0 0.0 0.0 0.0 0.0 0.0 0.0005941805410403458 0.005222923027085948 0.007280153765710121 0.004829523877587355 0.003983232667922396 0.008036631873210555 0.013432792852042465 0.019083630306716608 0.016035103314827527 0.008567212242125366 0.008066336467966036 0.0113591667202091 0.01698783366344527 0.020291421263543132 0.01719901289434492 0.01156072458444051 0.008742197667820884 0.011391317286016564 0.015361814488555538 0.018546294789560915 0.01690855301112607 0.01108701550487131 0.009153946524983293 0.00993413085259226 0.012902842033395062 0.017290884552012258 0.01708449548455535 0.011158900788338704 0.007806042466660789 0.008222735796849089 0.010671410549721578 0.016363789293292366 0.018696254155734615 0.012924194211564974 0.006931225324800971 0.00651740313781396 0.008001214540696078
0.0 0.0 0.0 0.0 0.4594171582261648 0.35022398831239226 0.19035885191214097 0.0 0.0 0.0 0.0 0.0 0.0 0.0 0.0
0.0 0.0 0.0 0.0 0.460762171041508 0.3501413236022856 0.1890965038098391 0.0 0.0 0.0 0.0
0.0 0.0 0.0 0.0 0.4460706893795444 0.36015093970780376 0.19377836939724125 0.0 0.0 0.0 0.0 0.0 0.0 0.0 0.0 0.0 0.0
0.0 0.0 0.0 0.0 0.4593468645079025 0.35327190720965984 0.18738122664709236 0.0 0.0 0.0 0.0 0.0 0.0 0.0 0.0 0.0 0.0 0.0 0.0 0.0 0.0
0.0 0.0 0.0 0.0 0.4543897863679789 0.3583472578209009 0.18726295422780137 0.0 0.0 0.0 0.0 0.0 0.0 0.0
0.0 0.0 0.0 0.0 0.45031626598477387 0.35157251332315065 0.19811121920123884 0.0 0.0 0.0 0.0 0.0 0.0 0.0 0.0 0.0
0.0 0.0 0.0 0.0 0.445917352730928 0.338831357904924 0.2152512878637446 0.0 0.0 0.0 0.0 0.0 0.0 0.0 0.0 0.0 0.0 0.0 0.0
0.0 0.0 0.0 0.0 0.42785853393077267 0.34732378053342516 0.2248176840863733 0.0 0.0 0.0 0.0 0.0 0.0 0.0
0.0 0.0 0.0 0.0 0.4476453330274051 0.35275144534786634 0.19960322013596526 0.0 0.0
0.0 0.0 0.0 0.0 0.44628232349546065 0.36709467999540113 0.18662299501925675 0.0 0.0 0.0 0.0 0.0 0.0 0.0 0.0 0.0 0.0 0.0 0.0 0.0 0.0 0.0
0.0 0.0 0.0 0.0 0.4699279254013049 0.3602513113240189 0.16982076163614634 0.0 0.0 0.0
0.0 0.0 0.0 0.0 0.4554868833440744 0.35659217894672285 0.1879209361751947 0.0 0.0 0.0 0.0 0.0 0.0 0.0
0.0 0.0 0.0 0.0 0.4502246742441554 0.3556883867181135 0.19408693747383893 0.0 0.0 0.0 0.0 0.0 0.0 0.0 0.0 0.0 0.0 0.0 0.0
0.0 0.0 0.0 0.0 0.4617346807024651 0.3514476153316751 0.18681770242302526 0.0 0.0 0.0 0.0 0.0 0.0 0.0 0.0 0.0 0.0 0.0
0.0 0.0 0.0 0.0 0.4626909974087071 0.3558241753603701 0.18148482568567378 0.0 0.0 0.0 0.0 0.0
0.0 0.0 0.0 0.0 0.47850973083469295 0.33691671396767775 0.1845735535958667 0.0
0.0 0.0 0.0 0.0 0.4895017753242972 0.34390134652922444 0.13029302117871647 0.0 0.0 0.0 0.0 0.0 0.0 0.0 0.0 0.0 0.0 0.0 0.0 0.0 0.0 0.0 0.0 0.0 0.0 0.009362384511372342 0.012029046359787547 0.008426423752337396 0.0064860006558749555
0.0 0.0 0.0 0.0 0.43148350854001916 0.3410609289113548 0.22745556112833168 0.0 0.0 0.0 0.0 0.0 0.0 0.0 0.0 0.0 0.0 0.0 0.0
0.0 0.0 0.0 0.0 0.45098928014906925 0.3535356594846355 0.1954750588489907 0.0
0.0 0.0 0.0 0.0 0.23790929354901078 0.1871938002971353 0.12611187669922155 0.0 0.0 0.0 0.0 0.0 0.0 0.0 0.0 0.0 0.0 0.0 0.0 0.0 0.0 0.0 0.0 0.0 0.0011294485787536274 0.006179477990573717 0.0032529948280219535 0.004902711009181564 0.0042084779626443275 0.007657023776843431 0.009847679095746052 0.015253035358312234 0.014869612540684104 0.008871909507301701 0.008162981929954793 0.010845891294822324 0.01581901678150666 0.018089547296534694 0.015932082408137326 0.011175279833867978 0.009568417082009537 0.011133782430913576 0.013886325621652202 0.017711476662454248 0.01581964160248633 0.011289990672574612 0.008342666658688934 0.009628217094716172 0.01217075900304756 0.016629303207752414 0.015724370637617228 0.011059439222934312 0.008075243279389781 0.008102249930079441 0.010412383906291366 0.01486638055302667 0.016820510414504945 0.01210665416857931 0.007249439716296373 0.006820671677306658 0.008165213005347432 0.013776569898004971 0.017639935409467754 0.015588216602171814
0.0 0.0 0.0 0.0 0.4519902837045576 0.3542274817584235 0.19378223293429492 0.0
0.0 0.0 0.0 0.0 0.512076810007942 0.3436948860984899 0.14422830217953359 0.0 0.0 0.0 0.0 0.0 0.0 0.0 0.0 0.0 0.0 0.0 0.0 0.0 0.0 0.0 0.0 0.0
0.0 0.0 0.0 0.0 0.44752678528317846 0.360344619923308 0.19212859327275097 0.0 0.0 0.0 0.0 0.0 0.0 0.0 0.0 0.0
0.0 0.0 0.0 0.0 0.4355514159305334 0.3401845995736397 0.22426398301542827 0.0
0.0 0.0 0.0 0.0 0.4519827128886488 0.35272298826026516 0.19529429733324688 0.0 0.0
0.0 0.0 0.0 0.0 0.4521256457487772 0.35202333617240766 0.19585101654192794 0.0 0.0 0.0 0.0 0.0 0.0
0.0 0.0 0.0 0.0 0.4509547348381483 0.36311109789464796 0.18593416574363028 0.0 0.0 0.0 0.0 0.0 0.0 0.0 0.0 0.0 0.0 0.0 0.0
0.0 0.0 0.0 0.0 0.4509167373772444 0.35461034777946127 0.194472913313984 0.0
0.0 0.0 0.0 0.0 0.4687627464013549 0.35582785600844585 0.17540939600828243 0.0 0.0 0.0 0.0 0.0
0.0 0.0 0.0 0.0 0.4617520180350398 0.35467998948306695 0.18356799092023457 0.0 0.0 0.0 0.0
0.0 0.0 0.0 0.0 0.4567276209099052 0.33456671287651873 0.208705664635237 0.0 0.0 0.0
0.0 0.0 0.0 0.0 0.4531111628850976 0.3564324445531714 0.19045639102941683
0.0 0.0 0.0 0.0 0.4475563135610924 0.33977378743508985 0.21266989748999135 0.0 0.0 0.0 0.0 0.0 0.0 0.0 0.0 0.0 0.0 0.0 0.0 0.0
0.0 0.0 0.0 0.0 0.5067447396706026 0.34435721876039793 0.14889803986153785 0.0 0.0 0.0 0.0
0.0 0.0 0.0 0.0 0.4757831129114152 0.35834318686132954 0.1658736985945543 0.0 0.0 0.0 0.0 0.0
0.0 0.0 0.0 0.0 0.45947448744661495 0.3538603207354308 0.18666519020331424 0.0 0.0 0.0
0.0 0.0 0.0 0.0 0.4824167739287858 0.35463137140567236 0.16295185304279428 0.0 0.0 0.0 0.0 0.0 0.0
0.0 0.0 0.0 0.0 0.4701734184926591 0.35690009684519736 0.17292648308507638 0.0 0.0 0.0 0.0 0.0 0.0 0.0 0.0 0.0 0.0 0.0 0.0
0.0 0.0 0.0 0.0 0.45080535241258773 0.3568125694737498 0.192382076571142 0.0
0.0 0.0 0.0 0.0 0.5225348259857293 0.3426936058193059 0.1347715662523365 0.0 0.0 0.0 0.0 0.0 0.0 0.0 0.0 0.0 0.0
0.0 0.0 0.0 0.0 0.2951426516224763 0.22479059572162438 0.11835534640130564 0.0 0.0 0.0 0.0 0.0 0.0 0.0 0.0 0.0 0.0 0.0 0.0 0.0 0.0 0.0 0.0 0.0 0.0011529972562429572 0.006901364495975815 0.003035826793062178 0.005319123883813105 0.004399485822293101 0.008829298901880406 0.014929633171006776 0.021727856364137956 0.01804868353593547 0.010602710206262156 0.009545384180261738 0.012956256823881846 0.019196756768551974 0.02266030686072799 0.020892340425682616 0.012567837059190705 0.011246517984053104 0.01317079908210581 0.016895937467694463 0.020663951428851184 0.019167404711735926 0.012905902864343972 0.01079319382541704 0.01057929431296277 0.014700391797242253 0.01952988377431397 0.01929226546538149
0.0 0.0 0.0 0.0 0.5215564891663799 0.34451811247062614 0.1339253965200615 0.0 0.0 0.0 0.0 0.0 0.0
0.0 0.0 0.0 0.0 0.4311313244844535 0.33899565855709934 0.22987301544089817 0.0 0.0 0.0 0.0 0.0 0.0 0.0 0.0 0.0 0.0
0.0 0.0 0.0 0.0 0.4061989389559093 0.32340392421684844 0.1897205200786385 0.0 0.0 0.0 0.0 0.0 0.0 0.0 0.0 0.0 0.0 0.0 0.0 0.0 0.0 0.0 0.0 0.0 0.0 0.006198958778631207 0.009464981027588349 0.006189631779858779 0.0016191335040586753 0.010381099291838143 0.018658983189699312 0.028163827815114173
0.0 0.0 0.0 0.0 0.42821619374609976 0.34057024687112164 0.23121355794387377 0.0 0.0 0.0 0.0 0.0 0.0 0.0 0.0
0.0 0.0 0.0 0.0 0.45453915440655085 0.35314681095516365 0.19231403311261797 0.0 0.0 0.0 0.0 0.0 0.0 0.0 0.0 0.0 0.0 0.0 0.0
0.0 0.0 0.0 0.0 0.47675456431557345 0.3340460655974423 0.18919936847220098 0.0 0.0 0.0 0.0 0.0 0.0
0.0 0.0 0.0 0.0 0.4655469540120689 0.3533087712475478 0.18114427316035997 0.0 0.0 0.0 0.0 0.0 0.0 0.0 0.0 0.0 0.0 0.0
0.0 0.0 0.0 0.0 0.45970281303672994 0.35581907567956483 0.18447810972474454 0.0 0.0 0.0 0.0 0.0 0.0 0.0 0.0 0.0 0.0 0.0
0.0 0.0 0.0 0.0 0.45676841362597076 0.3624434952097614 0.1807880896168908 0.0 0.0 0.0 0.0 0.0 0.0 0.0 0.0
0.0 0.0 0.0 0.0 0.45191856850513873 0.3407333154573508 0.20734811439552092 0.0 0.0 0.0 0.0 0.0
0.0 0.0 0.0 0.0 0.4545406957125688 0.3542104069063043 0.1912488957989524
0.0 0.0 0.0 0.0 0.4509971339262415 0.3570157859400314 0.191987078617041 0.0 0.0 0.0 0.0 0.0
0.0 0.0 0.0 0.002105121115410908 0.45172076979195414 0.3324201558552999 0.21375395159625613 0.0 0.0 0.0 0.0 0.0 0.0 0.0 0.0 0.0 0.0
0.0 0.0 0.0 0.0 0.4505213606467854 0.3569031386866573 0.19257549915709554 0.0 0.0 0.0 0.0 0.0 0.0 0.0
0.0 0.0 0.0 0.0 0.4504836452343329 0.36369969253726614 0.18581666063295826 0.0 0.0 0.0 0.0 0.0 0.0 0.0 0.0 0.0 0.0 0.0 0.0 0.0 0.0 0.0 0.0 0.0
0.0 0.0 0.0 0.0 0.45401421874867887 0.34998627958399264 0.19599950012378242 0.0 0.0 0.0 0.0 0.0 0.0 0.0 0.0 0.0 0.0 0.0 0.0 0.0
0.0 0.0 0.0 0.0 0.18056316506135286 0.13940569076081236 0.07614034351261012 0.0 0.0 0.0 0.0 0.0 0.0 0.0 0.0 0.0 0.0 0.0 0.0 0.0 0.0 0.0 0.0 0.0 0.0017126851243935638 0.005528324046234284 0.006993993185255575 0.004371697436627864 0.004077787078852572 0.006779286805772069 0.011038581413606509 0.015178677977969412 0.01207215504660143 0.0074018203973924435 0.007134343701882154 0.008985600853676551 0.0124604569877385 0.014367693820207958 0.012737067495772443 0.009093168270529589 0.007936174414446683 0.008829242779155123 0.010978378398451867 0.01306503476735764 0.012220186557929592 0.008867193891451533 0.006806280576656869 0.007682013290866818 0.009678711595980709 0.012210649698172312 0.013012090066997684 0.008691779420362547 0.006479673733843053 0.006468090456613031 0.008469349316241515 0.011777649934312334 0.013131792785658604 0.00958682722048198 0.005965895913240191 0.005447935178367423 0.0066996589927102515 0.010417760484013265 0.013565823842296888 0.013453395606514523 0.0067090064549136215 0.005715089667063438 0.006127383889801077 0.009866045409471596 0.014967252564648467 0.015947135455699125 0.010461154466258338 0.005538291669940398 0.00867689785402296 0.011395001048214243 0.016438709877695367 0.02106704099987214 0.01802066795995465 0.013117725397828205 0.01236616703233248 0.014091592606815934 0.018640390614707843 0.02337031851133693
0.0 0.0 0.0 0.0 0.5177062286223869 0.34757410468925515 0.1347196648841262 0.0 0.0 0.0 0.0 0.0 0.0 0.0 0.0 0.0 0.0 0.0 0.0
0.0 0.0 0.0 0.0 0.4633594407919732 0.35025013279986994 0.1863904248579982 0.0 0.0 0.0 0.0 0.0 0.0 0.0 0.0 0.0
0.0 0.0 0.0 0.0 0.45560124934645135 0.35713856167856317 0.18726018744215442 0.0 0.0 0.0 0.0 0.0 0.0 0.0 0.0 0.0
0.0 0.0 0.0 0.0 0.4398073749536597 0.3582399872060526 0.20195263635638583 0.0 0.0 0.0 0.0 0.0 0.0
0.0 0.0 0.0 0.0 0.4730040840474664 0.3565672913923987 0.17042862294037597 0.0 0.0 0.0
0.0 0.0 0.0 0.0 0.4594865212915821 0.3533070498365132 0.18720642733403917 0.0 0.0 0.0 0.0 0.0
0.0 0.0 0.0 0.0 0.45304746846371724 0.35252956925379386 0.19442296078967744 0.0 0.0 0.0 0.0 0.0 0.0 0.0
0.0 0.0 0.0 0.0 0.4585446367182169 0.356887688771781 0.18456767296422877 0.0 0.0 0.0 0.0 0.0 0.0 0.0
0.0 0.0 0.0 0.0 0.46436946911233823 0.3542323805188929 0.1813981487812293 0.0 0.0 0.0 0.0 0.0 0.0 0.0 0.0 0.0 0.0 0.0 0.0
0.0 0.0 0.0 0.0 0.459263534762309 0.3640424836039915 0.17669398003525866 0.0 0.0 0.0 0.0 0.0 0.0
0.0 0.0 0.0 0.0 0.25973580972887567 0.17952566462849734 0.07575444211301635 0.0 0.0 0.0 0.0 0.0 0.0 0.0 0.0 0.0 0.0 0.0 0.0 0.0 0.0 0.0 0.0 0.0 0.0001801422061502793 0.004741984343565403 0.006804000168288244 0.004542198683957253 0.0035467508411253885 0.007580981507490976 0.013005587727626267 0.01833194721283638 0.015387290566485235 0.009253968878258679 0.00818008637432005 0.011386541682778233 0.01645679385232237 0.01943968475615402 0.016914084084661777 0.011605677756576904 0.009814299247617158 0.011501930396298075 0.014770151506532407 0.017929772919122372 0.01667070924330771 0.01202044782751442 0.009588690116482676 0.010250287653438205 0.012968809662482688 0.01693837032785267 0.016713501161795524 0.011784541394750634 0.008435114028551287 0.008607622479932497 0.010966102366126523 0.016131502257561773 0.018109070386379055 0.013014656392550833 0.0073408792108041535 0.0069630451842800445 0.008340170943020057 0.014636722051525297 0.018923025423085413 0.01698630434879162 0.00822063547830355
0.0 0.0 0.0 0.0 0.44580346500186235 0.3656625186404695 0.18853401484731175 0.0 0.0 0.0 0.0 0.0
0.0 0.0 0.0 0.0 0.43834707725564626 0.34381925615004366 0.21783366502845972 0.0 0.0 0.0 0.0 0.0
0.0 0.0 0.0 0.0 0.4558513446866399 0.35509436391092186 0.1890542898687545 0.0 0.0
0.0 0.0 0.0 0.0 0.4595619118418772 0.35740630764084663 0.1830317789757333 0.0 0.0 0.0 0.0 0.0 0.0
0.0 0.016777283834828505 0.006518838849847461 0.009822431405213737 0.015832195029373927 0.020248440325623136 0.019888912435533614 0.013544564701074985 0.008549080941770032 0.008348103743915763 0.010857922875119217 0.014483556797239894 0.015627418098648854 0.012584909703695904 0.008732064608423445 0.00789879439461918 0.008861929459571174 0.01081997662694847 0.013760963277913579 0.011370847266455318 0.008527342053754198 0.0076636245442054775 0.008453449937163422 0.010223028047285875 0.01228978778009429 0.011117095634782269 0.00891010005399662 0.00730227917564393 0.007621819243830298 0.009162882803220392 0.01078007284076796 0.01220175459347002 0.009556153507589323 0.007507622935557016 0.007286160794489462 0.008566204456077663 0.010752996860484766 0.012111564489964621 0.009576621973209931 0.007733425274535106 0.007274918133007461 0.008048051724585855 0.010143894408465253 0.012529164359917862 0.010828403267842353 0.00799967845577051 0.006959176149932629 0.007583007922044125 0.009487016824244488 0.013627076246393937 0.012030774853080184 0.008612918431310658 0.007027017694493225 0.007181832916469104 0.008942827848567264 0.01198571852367027 0.012807887783289536 0.009532663051472158 0.00729851569347701 0.006926613131288732 0.008341211166899903 0.011203817205029627 0.014111443321865378 0.010645305905799485 0.007843187462619606 0.0069156621231970744 0.007879439814263384 0.010072623876869035 0.012811484841770441 0.012558934426603384 0.008669906185576379 0.007240817754967007 0.007663001691202371 0.00955486166432362 0.011960356213025252 0.01234959155494813 0.009558646567361016 0.008072705498745858 0.007690614841006764 0.009115198297778852 0.011039901408619468 0.012278728019890979 0.010319853677361407 0.008370190309137035 0.007981259802678642 0.008768486679271773 0.010879351984392768 0.012175853465544536 0.010946531129727837 0.008834869956880653 0.007716369318357443 0.008282382865532411 0.009924683106557074 0.011911216736150528 0.011413733496909963 0.009137177758647738 0.007994347954540218 0.008066892204050196 0.009644733750290395 0.011355246281710838
0.0 0.0 0.0 0.0 0.44894766512732703 0.3551185978885164 0.19593373550117116 0.0 0.0 0.0 0.0 0.0 0.0 0.0 0.0 0.0 0.0 0.0
0.0 0.0 0.0 0.0 0.4457497452151174 0.350952713732389 0.2032975395224989 0.0 0.0 0.0 0.0 0.0
0.0 0.0 0.0 0.0 0.4765322466589853 0.35608219195388224 0.16738555979521066 0.0 0.0 0.0 0.0 0.0 0.0 0.0
0.0 0.0 0.0 0.0 0.4577272075319153 0.3569706327859619 0.18530215814564116 0.0 0.0 0.0 0.0 0.0 0.0 0.0 0.0 0.0 0.0 0.0 0.0 0.0 0.0
0.0 0.0 0.0 0.0 0.4596911288544281 0.3547650329699284 0.18554383654161025 0.0 0.0 0.0 0.0 0.0 0.0 0.0
0.0 0.0 0.0 0.0 0.4587689946193976 0.35515209355523925 0.18607891025900214 0.0 0.0 0.0 0.0 0.0 0.0
0.0 0.0 0.0 0.0 0.46579901398694695 0.35601166674129214 0.1781893176961468 0.0 0.0 0.0 0.0 0.0
0.0 0.0 0.0 0.0 0.426344355582898 0.339356718439548 0.23429892447830486 0.0 0.0 0.0 0.0 0.0 0.0 0.0 0.0
0.0 0.0 0.0 0.0 0.4426047146375296 0.35286419759363363 0.20453108625838318 0.0 0.0 0.0 0.0 0.0 0.0 0.0 0.0 0.0 0.0 0.0 0.0
0.0 0.0 0.0 0.0 0.4624139944343866 0.3666504604359888 0.1709355436014596 0.0 0.0
0.0 0.0 0.0 0.0 0.4593694498992332 0.36601249809400144 0.17461805045787732 0.0 0.0 0.0 0.0 0.0 0.0 0.0 0.0 0.0 0.0 0.0
0.0 0.0 0.0 0.0 0.4238162819585617 0.3442542685918694 0.16569656703756544 0.0 0.0 0.0 0.0 0.0 0.0 0.0 0.0 0.0 0.0 0.0 0.0 0.0 0.0 0.0 0.0 0.0 0.004278981120843744 0.012859188165588578 0.01616047618621093 0.010391977965593182 0.006895822594897015 0.015646434894581264
0.0 0.0 0.0 0.0 0.4410969142772323 0.35288369775069206 0.20601938649204943 0.0 0.0 0.0 0.0 0.0 0.0 0.0 0.0 0.0 0.0 0.0 0.0 0.0
0.0 0.0 0.0 0.0 0.47656372483945847 0.3593376705572081 0.16409860302803203 0.0 0.0 0.0 0.0 0.0 0.0 0.0 0.0 0.0 0.0 0.0 0.0 0.0 0.0 0.0 0.0 0.0
0.0 0.0 0.0 0.0 0.4978019909546682 0.34467859346126833 0.15751941390815605 0.0 0.0 0.0 0.0 0.0 0.0
0.0 0.0 0.0 0.0 0.4542716845099235 0.3507980616936702 0.1949302522834184 0.0 0.0 0.0
0.0 0.0 0.0 0.0 0.4269397392003332 0.33989866854633427 0.2331615907783363 0.0 0.0 0.0 0.0
0.0 0.0 0.0 0.0 0.4469331822715226 0.3517257736811343 0.20134104255537916 0.0 0.0 0.0 0.0 0.0 0.0
0.0 0.0 0.0 0.0 0.43052991651040745 0.3460869664131323 0.22338311555365087
0.0 0.0 0.0 0.0 0.4649547500054361 0.3580334460087215 0.17701180246288523 0.0 0.0 0.0 0.0 0.0 0.0 0.0 0.0 0.0 0.0 0.0 0.0 0.0 0.0 0.0
0.0 0.0 0.0 0.0 0.46170503854103156 0.3512264780685487 0.18706848176635052 0.0 0.0 0.0 0.0 0.0 0.0 0.0 0.0
0.0 0.0 0.0 0.0 0.4472211137914036 0.3539909792425327 0.1987879054401027
0.0 0.0 0.0 0.0 0.46599192451332916 0.3563277153969804 0.17768035849980976
0.0 0.0 0.0 0.0 0.4878303923829557 0.3344036823244057 0.17776592363883467 0.0 0.0 0.0 0.0 0.0 0.0 0.0 0.0 0.0
0.0 0.0 0.0 0.0 0.455999695250025 0.35054110385356496 0.1934591993835743 0.0 0.0 0.0
0.0 0.0 0.0 0.0 0.43043353285574476 0.342747476158539 0.22681898955201166 0.0 0.0 0.0 0.0 0.0 0.0 0.0
0.0 0.0 0.0 0.0 0.49844752801705355 0.34687642828071374 0.15467604201584562 0.0 0.0 0.0 0.0 0.0 0.0 0.0
0.0 0.0 0.0 0.0 0.46107517319206326 0.3542895204217982 0.18463530485616525 0.0 0.0 0.0 0.0 0.0 0.0 0.0 0.0
0.0 0.0 0.0 0.0 0.4418701449392897 0.35632770999086133 0.20180214359072324 0.0 0.0 0.0 0.0 0.0 0.0 0.0 0.0 0.0 0.0 0.0 0.0 0.0 0.0
0.0 0.0 0.0 0.0 0.43238673212878426 0.3404296925448807 0.22718357387094862 0.0 0.0 0.0 0.0 0.0 0.0 0.0 0.0 0.0
0.0 0.0 0.0 0.0 0.4674903767153662 0.35872801733570736 0.17378160438168455 0.0 0.0 0.0 0.0 0.0 0.0
0.0 0.0 0.0 0.0 0.4963795536565434 0.34987744166352525 0.15374300304682081 0.0 0.0 0.0 0.0
0.0 0.0 0.0 0.0 0.4646496334325991 0.3499695877494954 0.1853807772616633 0.0 0.0 0.0
0.0 0.0 0.0 0.0 0.45615521077224985 0.35001520190988716 0.19382958573169987 0.0 0.0 0.0 0.0 0.0 0.0 0.0 0.0 0.0 0.0 0.0 0.0 0.0
0.0 0.0 0.0 0.0 0.4934495976447815 0.3568881176550208 0.1496622829853519 0.0 0.0 0.0 0.0
0.0 0.0 0.0 0.0 0.4532332263299316 0.3493834601238284 0.19738331204002016 0.0 0.0
0.0 0.0 0.0 0.0 0.424304085619986 0.31944075408546785 0.17014283911449285 0.0 0.0 0.0 0.0 0.0 0.0 0.0 0.0 0.0 0.0 0.0 0.0 0.0 0.0 0.0 0.0 0.0 0.0021377632978918128 0.00305368799774954 0.0044615241585008215 0.00775005606109735 0.007143761597932383 0.013104383396620478 0.022007501885373877 0.026453641358729782
0.0 0.0 0.0 0.0 0.4766213775862591 0.3512578417367746 0.1721207790067531 0.0 0.0 0.0 0.0 0.0 0.0 0.0
0.0 0.0 0.0 0.0 0.4587823595763189 0.3426966840904262 0.19852095474950104 0.0 0.0 0.0 0.0 0.0 0.0
0.0 0.0 0.0 0.0 0.4616623326294899 0.36693556293995994 0.17140210290196886 0.0 0.0 0.0 0.0 0.0 0.0 0.0 0.0 0.0 0.0 0.0 0.0 0.0
0.0 0.0 0.0 0.0 0.4684588699576214 0.3549806182720304 0.1765605102048862 0.0 0.0 0.0 0.0 0.0 0.0 0.0 0.0 0.0 0.0 0.0
0.0 0.0 0.0 0.0 0.43622039185611533 0.35895323284518227 0.2048263738359029 0.0 0.0 0.0 0.0 0.0 0.0 0.0 0.0 0.0 0.0 0.0 0.0
0.0 0.0 0.0 0.0 0.4533422627872987 0.36225867139146806 0.18439906430939798
0.0 0.0 0.0 0.0 0.43378230381600175 0.3611079364229971 0.20510975828628908 0.0 0.0 0.0 0.0 0.0 0.0 0.0 0.0
0.0 0.0 0.0 0.0 0.473460708864073 0.3616988257139277 0.16484046382859407 0.0 0.0 0.0 0.0 0.0
0.0 0.0 0.0 0.0 0.46557461264136374 0.3514276271482729 0.18299775863409024 0.0 0.0 0.0 0.0 0.0 0.0 0.0
0.0 0.0 0.0 0.0 0.44890015867134503 0.357454730420353 0.19364510940771842 0.0 0.0 0.0 0.0 0.0
0.0 0.0 0.0 0.0 0.4462400071435311 0.35406541091738775 0.19969458044904517 0.0 0.0 0.0 0.0 0.0
0.0 0.0 0.0 0.0 0.4531829643074592 0.35568547681486634 0.19113155736744844 0.0 0.0 0.0 0.0 0.0 0.0 0.0
0.0 0.0 0.0 0.0 0.4682619363885896 0.3539820075319172 0.17775605440521705 0.0 0.0 0.0 0.0
0.0 0.0 0.0 0.0 0.44859772751261545 0.36292631700592604 0.18847595394521435 0.0 0.0 0.0 0.0 0.0 0.0
0.0 0.0 0.0 0.0 0.4367080114067505 0.35510728080359927 0.20818470630515945 0.0 0.0 0.0 0.0 0.0 0.0 0.0 0.0
0.0 0.0 0.0 0.0 0.4699716270803952 0.3564815355690611 0.17354683578821542 0.0 0.0 0.0 0.0 0.0 0.0 0.0 0.0
0.0 0.0 0.0 0.0 0.4384679481215119 0.3583852430026956 0.2031468073705816 0.0 0.0
0.0 0.0 0.0 0.0 0.456225789956517 0.3550775973167168 0.18869661116408074 0.0 0.0 0.0 0.0 0.0 0.0 0.0 0.0
0.0 0.0 0.0 0.0 0.44321772704503776 0.3496374758748537 0.20714479558841534 0.0 0.0 0.0 0.0 0.0 0.0 0.0
0.0 0.0 0.0 0.0 0.4408388533656004 0.3421189112461092 0.21704223390504718 0.0 0.0 0.0
0.0 0.0 0.0 0.0 0.43637490453998423 0.3472335298196055 0.21639156410379243 0.0 0.0 0.0 0.0 0.0 0.0
0.0 0.0 0.0 0.0 0.4528255023323942 0.35128469376368043 0.19588980236705875 0.0 0.0 0.0 0.0 0.0 0.0 0.0 0.0
0.0 0.0 0.0 0.0 0.44628998833086114 0.35174148297862673 0.20196852718896358 0.0 0.0 0.0 0.0
0.0 0.0 0.0 0.0 0.4427509580704493 0.351051703298561 0.20619733712039748 0.0 0.0 0.0 0.0 0.0 0.0 0.0
0.0 0.0 0.0 0.0 0.44081202219193816 0.36098672816926075 0.19820124814041762 0.0 0.0 0.0 0.0 0.0 0.0 0.0
0.0 0.0 0.0 0.0 0.4332730577383239 0.3458146758948498 0.22091226485022322 0.0 0.0 0.0 0.0 0.0
0.0 0.0 0.0 0.0 0.45959078136299203 0.3496768374390223 0.1907323796260343 0.0 0.0 0.0 0.0 0.0 0.0
0.0 0.0 0.0 0.0 0.4420324190612376 0.35608721689322703 0.20188036253463718 0.0 0.0 0.0 0.0 0.0 0.0
0.0 0.0 0.0 0.0 0.45550610087945387 0.3535672295506284 0.19092666805788966 0.0 0.0 0.0 0.0 0.0
0.0 0.0 0.0 0.0 0.45546305420015715 0.3521361971324929 0.19240074716008643 0.0 0.0
0.0 0.0 0.0 0.0 0.462043844044629 0.3513320642912422 0.18662409005282005 0.0 0.0 0.0 0.0 0.0 0.0 0.0 0.0 0.0 0.0 0.0 0.0 0.0
0.0 0.0 0.0 0.0 0.44811918875708184 0.3519569674268842 0.19992384231813382 0.0 0.0 0.0 0.0 0.0 0.0 0.0 0.0 0.0
0.0 0.0 0.0 0.0 0.45336253300318013 0.3596117553991811 0.1870257100388841 0.0 0.0 0.0 0.0 0.0 0.0 0.0 0.0 0.0 0.0 0.0 0.0 0.0 0.0
0.0 0.0 0.0 0.0 0.44528572411155976 0.34003214727749415 0.21468212712332949 0.0 0.0 0.0 0.0 0.0 0.0 0.0 0.0 0.0
0.0 0.0 0.0 0.0 0.4519866161392097 0.35211204068130036 0.19590134164716003 0.0 0.0 0.0 0.0 0.0 0.0 0.0 0.0 0.0 0.0
0.0 0.0 0.0 0.0 0.4558533459641052 0.3505024242610432 0.1936442282218009 0.0
0.0 0.0 0.0 0.0 0.4515555735526025 0.3577101658983604 0.19073425903581923 0.0 0.0 0.0 0.0 0.0 0.0 0.0 0.0 0.0 0.0 0.0 0.0 0.0 0.0 0.0
0.0 0.0 0.0 0.0 0.48440763043232454 0.3540203254623364 0.1615720424937806 0.0 0.0 0.0 0.0 0.0 0.0 0.0
0.0 0.0 0.0 0.0 0.46386377788397526 0.3614746020548826 0.17466161843512093 0.0 0.0 0.0 0.0 0.0 0.0 0.0
0.0 0.0 0.0 0.0 0.44349223069741467 0.360761183385238 0.19574658441090526 0.0 0.0 0.0 0.0 0.0 0.0 0.0 0.0
0.0 0.0 0.0 0.0 0.4549910738530629 0.36099970395050124 0.18400922059042302 0.0 0.0
0.0 0.0 0.0 0.0 0.4583765368528037 0.3656086650061378 0.17601479660722844 0.0 0.0 0.0 0.0
0.0 0.0 0.0 0.0 0.4630244666271186 0.35502090291358573 0.1819546288985131 0.0 0.0 0.0 0.0 0.0 0.0 0.0 0.0 0.0 0.0
0.0 0.0 0.0 0.0 0.3822734503532016 0.29889281957729985 0.1658929199365549 0.0 0.0 0.0 0.0 0.0 0.0 0.0 0.0 0.0 0.0 0.0 0.0 0.0 0.0 0.0 0.0 0.0 0.0 0.011505499451348229 0.006826121208534942 0.008507555512844113 0.007988124954336567 0.014255947801035946 0.01794126310824811 0.030797089191738528 0.024989826783881685 0.01568683128766147 0.01444254951794648
0.0 0.0 0.0 0.0 0.45922513845334634 0.3570342949607722 0.18239706806817513 0.0 0.0 0.0 0.0 0.0 0.0 0.0 0.0 0.0 0.0 0.0 0.0 0.0 0.0 0.0 0.0 0.0 0.0013434969637498712
0.0 0.0 0.0 0.0 0.4506676671783839 0.3633485379305357 0.1859837933843805 0.0 0.0 0.0 0.0 0.0 0.0 0.0 0.0 0.0 0.0 0.0 0.0 0.0
0.0 0.0 0.0 0.0 0.46441028119472283 0.36780219529388003 0.16778752197515637 0.0 0.0 0.0 0.0 0.0 0.0 0.0
0.0 0.0 0.0 0.0 0.4284365560403581 0.33725811530886174 0.23430532716747968 0.0 0.0 0.0 0.0 0.0 0.0 0.0
0.0 0.0 0.0 0.0 0.49468610940516083 0.35434382079667676 0.15097006812663494 0.0 0.0 0.0 0.0 0.0 0.0 0.0 0.0 0.0 0.0
0.0 0.0 0.0 0.0 0.4367559573450038 0.3412172877577759 0.22202675342736228 0.0 0.0 0.0
0.0 0.0 0.0 0.0 0.44265822696497986 0.34352381433365853 0.2138179572135133 0.0 0.0 0.0 0.0 0.0 0.0 0.0
0.0 0.0 0.0 0.0 0.5076373973832854 0.3515451819247605 0.14081741897510025 0.0 0.0 0.0 0.0 0.0 0.0 0.0 0.0 0.0 0.0 0.0 0.0 0.0 0.0 0.0 0.0 0.0 0.0
0.0 0.0 0.0 0.0 0.4609146272641715 0.34865900805878247 0.19042636313101854 0.0 0.0 0.0 0.0 0.0 0.0
0.0 0.0 0.0 0.0 0.4392317117759078 0.34852942141958304 0.21223886531146238 0.0 0.0 0.0 0.0 0.0 0.0 0.0 0.0 0.0 0.0 0.0 0.0 0.0 0.0 0.0 0.0
0.0 0.0 0.0 0.0 0.45086840584762455 0.35660489728321726 0.1925266953195141 0.0 0.0 0.0 0.0 0.0 0.0 0.0 0.0 0.0 0.0 0.0 0.0 0.0 0.0 0.0 0.0
0.0 0.0 0.0 0.0 0.4587125534256955 0.3536621752493756 0.18762526976712618 0.0 0.0 0.0 0.0 0.0 0.0 0.0
0.0 0.0 0.0 0.0 0.452295720797629 0.34416322877825967 0.20354104884918792 0.0 0.0 0.0 0.0 0.0 0.0
0.0 0.0 0.0 0.0 0.4546953899908427 0.3558356416997114 0.18946896678547112 0.0 0.0 0.0
0.0 0.0 0.0 0.0 0.4831129735159158 0.34723476071416964 0.16965226414051723 0.0 0.0 0.0 0.0 0.0 0.0
0.0 0.0 0.0 0.0 0.44856128683783325 0.35002467467637355 0.2014140369410864 0.0 0.0 0.0 0.0 0.0 0.0 0.0
0.0 0.0 0.0 0.0 0.44120533961599007 0.3383371978522607 0.22045746103554234 0.0 0.0 0.0 0.0 0.0 0.0 0.0 0.0 0.0 0.0
0.0 0.0 0.0 0.0 0.45501231425319966 0.3522458866674748 0.1927417975219164 0.0 0.0 0.0 0.0 0.0 0.0 0.0 0.0 0.0 0.0
0.0 0.0 0.0 0.0 0.4599577676267654 0.35071246944628964 0.18932976137561836 0.0 0.0 0.0 0.0 0.0
0.0 0.0 0.0 0.0 0.4449299861878376 0.34008523312282607 0.21498477919771974 0.0 0.0 0.0 0.0 0.0 0.0 0.0
0.0 0.0 0.0 0.0 0.4371712779164182 0.36491230118901913 0.19791641940479404 0.0 0.0 0.0 0.0 0.0 0.0
0.0 0.0 0.0 0.0 0.5172454071083864 0.34992676345733803 0.13282782763205941 0.0 0.0 0.0 0.0 0.0 0.0
0.0 0.0 0.0 0.0 0.44709624170325746 0.35424519491800166 0.19865856187591352 0.0 0.0 0.0 0.0 0.0 0.0 0.0 0.0 0.0 0.0 0.0 0.0
0.0 0.0 0.0 0.0 0.4724042865678379 0.3537638075235942 0.1738319043155818 0.0 0.0 0.0 0.0 0.0 0.0 0.0
0.0 0.0 0.0 0.0 0.443427998448293 0.3503890091816457 0.20618299084044275 0.0 0.0 0.0 0.0 0.0 0.0 0.0 0.0 0.0
0.0 0.0 0.0 0.0 0.46235906727619486 0.35680005527646586 0.18084087591196862 0.0 0.0 0.0 0.0 0.0 0.0 0.0 0.0 0.0 0.0 0.0 0.0 0.0
0.0 0.0 0.0 0.0 0.4851012747187124 0.35196888434673085 0.16292983929560964 0.0 0.0 0.0 0.0 0.0 0.0
0.0 0.0 0.0 0.0 0.4514515710210388 0.3485670716646658 0.1999813557832484 0.0 0.0 0.0 0.0 0.0 0.0 0.0 0.0 0.0 0.0 0.0 0.0
0.0 0.0 0.0 0.0 0.4188870204766624 0.3471913637300287 0.2339216143695584 0.0 0.0 0.0 0.0 0.0 0.0 0.0 0.0
0.0 0.0 0.0 0.0 0.4630147842160739 0.3537346439191187 0.18325057029920994 0.0 0.0 0.0 0.0 0.0 0.0 0.0 0.0 0.0 0.0 0.0
0.0 0.0 0.0 0.0 0.42861577402661005 0.34366092463772074 0.22772329989160278 0.0 0.0 0.0
0.0 0.0 0.0 0.0 0.4455070427511812 0.35426292691523376 0.20023002881676383 0.0 0.0 0.0
0.0 0.0 0.0 0.0 0.5069373385841438 0.3588700590877738 0.13419260056941543 0.0 0.0 0.0
0.0 0.0 0.0 0.0 0.4441263889826104 0.3525473751813824 0.20332623432778962 0.0 0.0 0.0 0.0 0.0
0.0 0.0 0.0 0.0 0.22947252307718874 0.17626869104490603 0.1117267465101745 0.0 0.0 0.0 0.0 0.0 0.0 0.0 0.0 0.0 0.0 0.0 0.0 0.0 0.0 0.0 0.0 0.0 0.0 0.0030720984633076987 0.004462837853872595 0.002744279597306606 0.0023017750096202484 0.003226833010345177 0.009839577905277735 0.014949953395691851 0.013078414977635972 0.0070039192383754174 0.005200883718591596 0.008892592202326481 0.013899406723176078 0.016775867909624022 0.014177119039438706 0.009437888539848128 0.00783140348071271 0.008744567509587662 0.012498567265854514 0.015312624266782713 0.015382441189950028 0.009182960653106583 0.007556927532962244 0.008243943784267703 0.010783359702200812 0.014772386431113484 0.0145730385511929 0.009694587749085427 0.0065548162979658315 0.006957075873983714 0.008894520191592776 0.013584397835638305 0.01584546065610315 0.010954668464431631 0.00416965928110919 0.005398107422929621 0.006453747882606492 0.011579152091693749 0.01610708287160753 0.014159720559434593 0.0033842958174498208 0.005520107083398152 0.005132804244023703 0.009713884578696545 0.015889221495928536 0.01975928592374388 0.01090189575676928 0.008342820276251817 0.00833769684943143 0.0112513614539396
0.0 0.0 0.0 0.0 0.4636050609667854 0.35378794424579746 0.1826069932209566 0.0 0.0 0.0 0.0
0.0 0.0 0.0 0.0 0.3446114898934401 0.2720582863331227 0.14827356538675868 0.0 0.0 0.0 0.0 0.0 0.0 0.0 0.0 0.0 0.0 0.0 0.0 0.0 0.0 0.0 0.0 0.0 0.0 0.004477049674012047 0.007563724751867304 0.004998661099624681 0.003941318690792128 0.00890286412013971 0.015980437712892058 0.023391490206189944 0.020150408382783994 0.011195456218610143 0.00980836464402235 0.014197587078912242 0.02137455650078817 0.025840560175146198 0.02185940278707248 0.0146785305023157 0.012252270693635702 0.014443974000374516
0.0 0.0 0.0 0.0 0.4521135957241345 0.35280564207323795 0.19508076068854763 0.0 0.0 0.0 0.0
0.0 0.0 0.0 0.0 0.45300553066768307 0.3371462477709189 0.20984822001560435 0.0 0.0 0.0 0.0 0.0 0.0 0.0 0.0 0.0 0.0 0.0 0.0
0.0 0.0 0.0 0.0 0.44451111898584605 0.3548292510126423 0.20065962850223854 0.0 0.0 0.0 0.0
0.0 0.0 0.0 0.0 0.461966540317392 0.3569468928159671 0.1810865653087273 0.0 0.0 0.0 0.0 0.0 0.0 0.0 0.0 0.0 0.0 0.0
0.0 0.0 0.0 0.0 0.47456927039176244 0.35694830616865786 0.16848242181989387 0.0 0.0 0.0 0.0 0.0 0.0
0.0 0.0 0.0 0.0 0.503191125006986 0.35233576062250055 0.1444731126915056 0.0 0.0 0.0 0.0 0.0 0.0
0.0 0.0 0.0 0.0 0.45877210238081795 0.35690254261568527 0.1843253534738738 0.0 0.0 0.0 0.0 0.0 0.0 0.0 0.0 0.0 0.0
0.0 0.0 0.0 0.0 0.4949572650787074 0.34692708851736326 0.1581156447419259
0.0 0.0 0.0 0.0 0.5055570637956962 0.34017223147646547 0.15427070298563259 0.0
0.0 0.0 0.0 0.0 0.15047859911181813 0.10261786310727751 0.0436331936758028 0.0 0.0 0.0 0.0 0.0 0.0 0.0 0.0 0.0 0.0 0.0 0.0 0.0 0.0 0.0 0.0 0.0 0.0 0.0025029436257714877 0.0034297433812288283 0.0025117431378508465 0.0019707326202281117 0.004165251097353699 0.007459373979870435 0.010673827719778522 0.009067835560102903 0.005198963848361853 0.00462794067424074 0.006427546559057626 0.009878916937675182 0.01175024070485289 0.009905834991470979 0.006370162860761144 0.005703060246487789 0.006746446199178022 0.009071534799059103 0.01086547784465925 0.010025509921151563 0.006893581202855866 0.005442072627603929 0.006004010603907727 0.007688481222825241 0.010236078899165332 0.010106062537121081 0.006856487062209122 0.0038509713478313387 0.004931301749668633 0.006490000200827004 0.009550057431758937 0.010821580078595579 0.0077305112694582385 0.004334249865367482 0.004093690733499078 0.004869756040655497 0.008548214294545872 0.011392192334874426 0.010042737162500611 0.004787617477489999 0.0016407303713600434 0.004092520596024438 0.007315796350655627 0.011954701682654136 0.013111496067930412 0.008372274928501072 0.003163807137473121 0.006252152148341733 0.008585549115643085 0.010477601731211428 0.01784056166640092 0.014900148057123492 0.01033859507380391 0.01000826017715877 0.011468029179416047 0.015331425900096824 0.020067190437772064 0.018658601252768886 0.013733486751753784 0.011829927458226207 0.012536204240128818 0.015338899712946972 0.018266278421242267 0.01777765210150179 0.01374009470200773 0.01164387951326169 0.01171779776283026 0.013348289431287203 0.015054546522851276 0.014443900106601862 0.012272182677842903 0.010493370214220437 0.010038740497296679 0.011131230153761754 0.013301680585840397
0.0 0.0 0.0 0.0 0.4663571216277248 0.35046289792327673 0.18317997885573215 0.0 0.0 0.0 0.0 0.0 0.0 0.0 0.0 0.0 0.0 0.0 0.0 0.0 0.0
0.0 0.0 0.0 0.0 0.45768092224354234 0.35725874568601296 0.18506033047101153 0.0 0.0 0.0 0.0 0.0 0.0 0.0 0.0 0.0 0.0
0.0 0.0 0.0 0.0 0.4575173176771746 0.3501153070374984 0.19236737374223936 0.0 0.0 0.0 0.0 0.0 0.0 0.0 0.0 0.0 0.0
0.0 0.0 0.0 0.0 0.4531529758498811 0.3547104587678623 0.192136563852863 0.0 0.0
0.0 0.0 0.0 0.0 0.4500371448291845 0.34247635730052023 0.20748649637849859 0.0 0.0 0.0 0.0 0.0
0.0 0.0 0.0 0.0 0.4340499759065632 0.3585734949440957 0.20737652769508533 0.0 0.0 0.0 0.0 0.0 0.0
0.0 0.0 0.0 0.0 0.4731546774336827 0.3485555449585911 0.17828977595985843 0.0 0.0 0.0 0.0 0.0 0.0
0.0 0.0 0.0 0.0 0.4677132391214614 0.3583044238646143 0.1739823354622975 0.0
0.0 0.0 0.0 0.0 0.4691180199856867 0.35171905554833677 0.1791629228959046 0.0 0.0 0.0 0.0 0.0 0.0
0.0 0.0 0.0 0.0 0.4451071200999559 0.35691877062517063 0.19797410777384555 0.0 0.0 0.0 0.0 0.0 0.0 0.0 0.0 0.0 0.0 0.0 0.0
0.0 0.0 0.0 0.0 0.45237480158733734 0.35430439913843903 0.19332079773774985 0.0 0.0 0.0 0.0 0.0 0.0
0.0 0.0 0.0 0.0 0.42430598035806066 0.3409975442446196 0.23469647396580515 0.0 0.0 0.0 0.0 0.0 0.0 0.0 0.0 0.0
0.0 0.0 0.0 0.0 0.4649045630757557 0.36379295092691594 0.1713024844254076 0.0
0.0 0.0 0.0 0.0 0.455636608187174 0.3559039137999765 0.18845947649970415 0.0
0.0 0.0 0.0 0.0 0.45051011352890824 0.35114514710250705 0.1983447378311754
0.0 0.0 0.0 0.0 0.45050348536938506 0.3579599562155195 0.1915365568856906 0.0 0.0 0.0 0.0 0.0 0.0 0.0 0.0 0.0
0.0 0.0 0.0 0.0 0.4664410301984792 0.352623594312957 0.18093537388197467 0.0 0.0 0.0 0.0 0.0 0.0 0.0
0.0 0.0 0.0 0.0 0.45868823594385005 0.3549351638289428 0.18637659866258557 0.0 0.0 0.0 0.0 0.0 0.0
0.0 0.0 0.0 0.0 0.4380649621644456 0.3394141949282014 0.22252084144229659 0.0 0.0 0.0 0.0 0.0 0.0 0.0 0.0 0.0 0.0 0.0 0.0
0.0 0.0 0.0 0.0 0.4295498848930638 0.3586790572212259 0.21177105645165967 0.0 0.0 0.0 0.0 0.0 0.0 0.0
0.0 0.0 0.0 0.0 0.4504649966513663 0.3489911542944859 0.17885698916588827 0.0 0.0 0.0 0.0 0.0 0.0 0.0 0.0 0.0 0.0 0.0 0.0 0.0 0.0 0.0 0.0 0.0 0.00026370072086166676 0.00884423132075421 0.012578926334415928
0.0 0.0 0.0 0.0 0.44945070120701147 0.35332484107216433 0.19722445621182055 0.0 0.0 0.0 0.0 0.0 0.0 0.0
