0.0 0.0 0.0 0.0 0.0 0.0 0.0 0.0 0.0 0.0 0.0 0.009526132921814376 0.013856120377414627 0.011128842396901541 0.008003683193638075 0.010722106711750027 0.016047366809526887 0.02482338178061594 0.03192983867451336 0.0314571346554493 0.024484271404797066 0.02188447697066756 0.026121673802742475 0.032543074921394244 0.037641018703726783 0.04029202403443361 0.03613120341312871 0.02977302626284995 0.030786007829828828 0.03687316593795825 0.04266232737287992 0.047235993776197936 0.04577661267494901 0.035324618846915457 0.03267294036994421 0.038062408265249766 0.04329669005636702 0.049752835878358916 0.05198219274513337 0.03961452820954215 0.031513057575877516 0.03200476503179079 0.03607647144378369
0.0 0.0 0.0 0.0 0.0 0.0 0.0 0.0 0.0 0.0 0.0 0.0 0.0069331404113719955 0.0022947794429165687 0.0 0.0015958281017488913 0.012073978174308171 0.02095105062379865 0.02727321534024369 0.02668453032629827 0.021173851915597494 0.019057266023012585 0.023613006384563682 0.030564480551299185 0.036084339029433775 0.03888478718682963 0.034102499643894627 0.027657195402216693 0.029175546900364686 0.035168073333324244 0.04170881862090891 0.046681724460616164 0.04412950743699098 0.03363964486460236 0.0321162285016633 0.03654476689434699 0.042359126156479014 0.04864203817079327 0.05102679810226369 0.03963021921425702 0.031023536681998157 0.031819564598328014 0.03608586904067274 0.04260060413719493 0.04870397724646739
0.0 0.0 0.0
0.0 0.0 0.0 0.0 0.0 0.0 0.0 0.0 0.0 0.0 0.0 0.061675148496295934 0.10875405431150591 0.08193538544915173 0.053993480168726994 0.07758704247188687 0.13888832303251689 0.212784031868855 0.26438247159381817
0.0 0.0 0.0 0.0 0.0 0.0 0.0 0.0 0.0 0.0 0.0 0.0 0.6814830064613042 0.19074984093865283 0.0 0.12776642834622703
0.0 0.0 0.0 0.0 0.0 0.0 0.0 0.0 0.0 0.0 0.0
0.0 0.0 0.0 0.0 0.0 0.0 0.0 0.0 0.0
0.0 0.0 0.0 0.0 0.0 0.0 0.0 0.0 0.0 0.0 0.0 0.0 0.7103156459226884 0.2896835775122423 0.0
0.0 0.0 0.0 0.0 0.0 0.0 0.0 0.0 0.0 0.0 0.0 0.0 0.0 0.0 0.0 0.0 0.05990732130752238 0.16470828667482515 0.23342853236207048 0.2189442695255392 0.1739993485121375 0.1490121695521858
0.0 0.0 0.0 0.0 0.0 0.0 0.0 0.0 0.0 0.0 0.0 0.0 0.004253171707202301 0.0 0.0 0.0 0.010504956692155664 0.027743490252483773 0.038152592379935166 0.03720976913997123 0.02884075791115563 0.025001450339461724 0.033229046768695494 0.04506810616317159 0.05469395445288991 0.059308090041948675 0.050507364099421935 0.04093858554147589 0.04443312939109343 0.05488366570736579 0.06621265894511918 0.07452173392595478 0.07232441895653083 0.05343051571829664 0.04943337602692202 0.059864281050377735 0.06944487312966477
0.0 0.0 0.0 0.0 0.0 0.0 0.0 0.0 0.0 0.0 0.0 0.0 0.0 0.0 0.0 0.0 0.008177590923310562 0.02112885320806991 0.02989498564700081 0.0290137955169214 0.02195639051075177 0.019053626032370628 0.026137892337042286 0.036220088863359395 0.04353124592836504 0.046811812825936994 0.039782664510399364 0.032078565021592675 0.03498746922534571 0.04312421004405124 0.05239917222317764 0.059220755959381435 0.055854023597783506 0.04085125580353446 0.04015962969431219 0.04681495245822944 0.054950018806379 0.06335481445325279 0.06471992657400764 0.051216996010662555 0.03855925446044351
0.0 0.0 0.0 0.0 0.0 0.0
0.0 0.0 0.0 0.0 0.0 0.0 0.0 0.0 0.0 0.0 0.0 0.0 0.0 0.0 0.0 0.0 0.9999809204396638
0.0 0.0 0.0 0.0 0.0 0.0 0.0 0.0 0.0 0.0 0.0 0.0 0.0 0.0 0.0 0.0 0.018389549522255345 0.05474200923050435 0.07702520124157099 0.07579711624808377 0.05665554116767132 0.0520279253087894 0.06536741989748562 0.09343035058332977 0.11174545717154533 0.11908894429749729 0.10349381987066851 0.08439764336227554 0.0878389981089795
0.0 0.0 0.0 0.0 0.0 0.0 0.0 0.0 0.0 0.0 0.0 0.0 0.0 0.0 0.0 0.0 0.005685960690059206 0.014351095413652232 0.019781129610969218 0.021006839259509344 0.014871357763924847 0.012902582328889262 0.017576355193899558 0.02398209935996356 0.028430832255562668 0.030654572474069487 0.026333724546179896 0.021430438645381723 0.02266017405366087 0.02799309797993995 0.03398083409310243 0.038112068737284205 0.036157920229300394 0.02718119170190726 0.026054873588257147 0.030097049480879056 0.035349368751050214 0.04091448955294319 0.0428678329089792 0.033517021840503626 0.024783762315993635 0.02648303550183375 0.030307194139255873 0.035529007096738015 0.040234046695721365 0.02907481962181448 0.020651230482562625 0.019557476292134803 0.022096701882189446 0.027399074765115747 0.029323611573685883 0.022607481331743482 0.012468694890350497 0.0128761912372668 0.01471475571007699
0.0 0.0 0.0 0.0 0.0 0.0 0.0 0.0
0.0 0.0
0.0 0.0 0.0 0.0 0.0 0.0 0.0 0.0
0.0
0.0 0.0 0.0 0.0 0.0 0.0 0.0 0.0 0.0 0.0 0.0 0.0 0.018912055481024356 0.003913979945069783 0.0 0.0030397786990516884 0.03417987094898724 0.05823341637438047 0.0804371466100365 0.07488264527583682 0.05971832429115827 0.05237185166664323 0.06470152418171081 0.0855388595798672 0.1004670465998108 0.10933233050631748 0.09596235999547807 0.07706272087846844 0.08124606900812092
0.0 0.0 0.0 0.0 0.0 0.0 0.0 0.0 0.0 0.0 0.0 0.0 0.0 0.0 0.0 0.0 0.021845802572812757 0.0639086213851264 0.09428300279831635 0.0986521415260098 0.0667457074782761 0.05910374527559455 0.07827727941993798 0.1100636678189752 0.13401549809255833 0.14650917817331935 0.12659532621723252
0.0 0.0 0.0 0.0 0.0
0.0 0.0 0.0 0.0 0.0 0.0 0.0 0.0 0.0 0.0 0.0 0.0 0.0 0.0 0.0 0.0 0.03155328079584113 0.11236197941064538 0.15660415419347035 0.15293886529903553 0.11498895051915672 0.1013165399274162 0.13711119977306743 0.193124978100519
0.0 0.0 0.0 0.0 0.0 0.0 0.0 0.0 0.0 0.0 0.0 0.0 0.04535877960414152 0.0 0.0 0.0 0.1755778015199199 0.33976355453017903 0.4392997345206805
0.0 0.0 0.0 0.0 0.0 0.0 0.0 0.0 0.0 0.0 0.0
0.0 0.0 0.0 0.0 0.0 0.0 0.0 0.0
0.0 0.0 0.0 0.0 0.0 0.0 0.0 0.0 0.0
0.0 0.0 0.0 0.0 0.0
0.0 0.0 0.0 0.0 0.0 0.0 0.0 0.0 0.0 0.0 0.0 0.0 0.0 0.0 0.0 0.0 0.9999986072612074
0.0 0.0 0.0
0.0 0.0 0.0 0.0 0.0 0.0 0.0 0.0 0.0 0.0 0.0 0.0 0.0 0.0 0.0 0.0 0.022936150630659013 0.06452294237536736 0.09389001619796687 0.08963043112236041 0.06830990494960737 0.059446626619949976 0.07950128671192172 0.11120111707197361 0.13655455564386904 0.14750619172100826 0.12650074721583285
0.0 0.0 0.0 0.0 0.0 0.0 0.0 0.0 0.0 0.0 0.0 0.03971290447182123 0.06811019450913883 0.05317453008602177 0.03506359674241298 0.049407481915271445 0.08338069563784095 0.12866479064277536 0.15595371168212235 0.15146289693290219 0.12359409714010255 0.11147506393828029
0.0 0.0 0.0 0.0 0.0 0.0 0.0 0.0 0.0 0.0
0.0 0.0 0.0 0.0 0.0 0.0 0.0 0.0 0.0 0.0 0.0 0.0 6.716556027662109e-05 0.0 0.0 0.0 0.024378181868217535 0.05856519470970626 0.076691661126429 0.08041227289071784 0.05738212011540848 0.05084501536756591 0.0667192481308749 0.09117694784631648 0.10908055841936277 0.11744923282624292 0.09992528351728899 0.08026507480459437 0.08704201979066611
0.0 0.0 0.0 0.0 0.0 0.0 0.0 0.0 0.0 0.0 0.0 0.0 0.0 0.0 0.0 0.0 0.0076050171612388005 0.023276857672751176 0.03324721749508259 0.030081661365502044 0.021828934174944935 0.0196715474946355 0.02625160550872278 0.03652518226292431 0.04455022826260846 0.048099477317311075 0.04166211383574261 0.033589741651414734 0.03558252485442325 0.045199549243748985 0.053649671730921424 0.06072812243987243 0.058189978346650295 0.04346859941024438 0.041096920338651054 0.048970536867047054 0.05687572805115846 0.0664628245355204 0.070211402029025 0.05317454834015634
0.0 0.0 0.0 0.0 0.0 0.0 0.0 0.0 0.0
0.0 0.0 0.0 0.0 0.0 0.0 0.0 0.0 0.0 0.0 0.0 0.005147476994488 0.008608425574963267 0.006752541560334576 0.004349517331521589 0.006310309241718292 0.011067220775053569 0.01699209938294776 0.02156513162523028 0.02102020276004152 0.017000869817947014 0.015437446078101175 0.018592328965397312 0.023223043684021085 0.027067342731044986 0.02860794085159789 0.025334094884440068 0.020735201103057183 0.02182074857691797 0.02594015443118346 0.03028129487286602 0.034046660004896624 0.03281812445615482 0.02494954504216504 0.023907587379860377 0.02713087216405241 0.031029143118764035 0.035563045727972954 0.037139700081300575 0.027573929053480592 0.021996119796411622 0.02319500827641663 0.025785847247884602 0.030754748440859993 0.03472850510535153 0.024162042436313123 0.018185890516115594 0.016768903056364155 0.01911971696058756 0.022699553659941616 0.02546999914643707 0.018138889979837536 0.011435204240107784 0.010858679320626837 0.012278215453796863 0.016917175880539596 0.020721520723678003 0.016771976456663038
0.0 0.0 0.0 0.0 0.0 0.0 0.0 0.0 0.0 0.0 0.0 0.0 0.03161151852430365 0.009488629672507026 0.0 0.006902967331565548 0.051180603632218685 0.09088850788306149 0.11988797026520981 0.11854897901067783 0.09308233273461666 0.08293804383283682 0.1020471559116681 0.13567216102460758 0.1577510989651318
0.0 0.0 0.0 0.0
0.0 0.0 0.0 0.0 0.0 0.0 0.0 0.0 0.0 0.0 0.0 0.0 0.0 0.0 0.0 0.0 0.22955322026182468 0.7704464237967515
0.0 0.0 0.0 0.0 0.0 0.0 0.0 0.0 0.0 0.0 0.0 0.0 0.9999731973778107 0.0
0.0 0.0 0.0 0.0 0.0 0.0 0.0
0.0 0.0 0.0 0.0 0.0 0.0 0.0 0.0 0.0 0.0 0.0 0.0 0.0 0.0 0.0 0.0 0.10335369855463933 0.8966457908013968
0.0 0.0 0.0 0.0 0.0 0.0 0.0 0.0 0.0 0.0 0.0 0.08912768850203076 0.1442033332279766 0.11970684356523417 0.07971924921354798 0.11218354688571666 0.18084097043275993 0.27421829089125627
0.0 0.0 0.0 0.0 0.0 0.0 0.0 0.0 0.0 0.0 0.0 0.0 0.00017789340774412323 0.0 0.0 0.0 0.00452996977985332 0.011475358814052114 0.01617320784035924 0.01555506420354879 0.011658312569256769 0.010225399724485211 0.013802337399271577 0.01858292754545969 0.022576695806152937 0.02421937336986741 0.020717009236604682 0.016841493306041774 0.018019293616381993 0.022549316663050687 0.027036158078056174 0.030977476281211128 0.029025176475332565 0.021859227314275052 0.021031887137885678 0.024392952165566237 0.028401457578512965 0.03307796436746023 0.03482767271886625 0.027254338953828183 0.020766511863692275 0.02148412240041116 0.024716423779727575 0.029195239661216704 0.03238982813524831 0.02469440682937298 0.01682849620309051 0.014734222578635043 0.016919653479800595 0.021943850528299256 0.024344053229052882 0.0177016813519118 0.010873940957269106 0.01037866610792141 0.011694676048552104 0.016118023419631748 0.019886970208236356 0.015656945865754175 0.009362015669692744 0.008564398376282074 0.00954326488680543 0.013321693168546613 0.016475479262001713 0.0156829400716567 0.010124512376166806 0.008685988760175851 0.00927302457680787 0.012150462432102523 0.015194270307415384 0.016306268345163556
0.0 0.0 0.0 0.0 0.0 0.0 0.0
0.0 0.0 0.0 0.0 0.0 0.0 0.0 0.0 0.0 0.0 0.0 0.0 0.0 0.0 0.0 0.0 0.04760555606998449 0.13591398387814801 0.18961148926453078 0.18865311683822442 0.14246132182816487 0.1279008998643685 0.1678535702360536
0.0 0.0 0.0 0.0 0.0 0.0 0.0 0.0 0.0 0.0 0.0 0.0 0.0 0.0 0.0 0.0
0.0 0.0 0.0 0.0 0.0 0.0 0.0 0.0 0.0 0.0
0.0 0.0 0.0 0.0
0.0 0.0 0.0 0.0 0.0 0.0 0.0 0.0 0.0 0.0 0.0 0.005700117260767229 0.010693206863318535 0.007937511112031486 0.005225342894717916 0.008170378505975375 0.014767452822635125 0.0226861724202819 0.027763172889680495 0.02733777230652435 0.022453698051475467 0.01986400629262226 0.024281707093934995 0.030213193340309554 0.03507712505706371 0.03766347610224852 0.03341094411495253 0.027452732159230827 0.02855806623018938 0.03395749469673012 0.03963346547561477 0.04509867652453755 0.042283191824214694 0.03265613933846437 0.03129116303607259 0.03462784819680699 0.040498955956439556 0.04644675274601862 0.04767569322270773 0.03812690186745374 0.028648314627378185 0.030594182082932943 0.03435390967599874 0.039550586299753304 0.0453006423170488
0.0 0.0
0.0 0.0 0.0 0.0 0.0 0.0 0.0 0.0 0.0 0.0 0.0 0.0 0.012630619405535642 0.0 0.0 0.0 0.04718811513018783 0.13500018772307615 0.18900319959651252 0.1847706706015871 0.13954997840569938 0.1272097001659742 0.16464746924892665
0.0 0.0 0.0
0.0 0.0 0.0 0.0 0.0 0.0 0.0 0.0 0.0 0.0 0.0 0.0 0.0
0.0 0.0 0.0 0.0 0.0 0.0 0.0 0.0 0.0 0.0 0.0 0.0 0.0 0.0 0.0 0.0 0.06688186981603446 0.19001930936968747 0.2910043715231824 0.26113818055130805 0.19095618434701525
0.0 0.0 0.0
0.0 0.0
0.0 0.0 0.0 0.0 0.0 0.0 0.0 0.0 0.0 0.0 0.0 0.0 0.0 0.0 0.0 0.0 0.0 0.08050311283067789 0.13169390981541285 0.12811502762921415 0.08564701284996099 0.07443030858947859 0.1136449292218925 0.16838376877265854 0.2175818804205389
0.0 0.0 0.0 0.0 0.0 0.0 0.0 0.0 0.0 0.0 0.0 0.08384929311600336 0.14740384297198797 0.10938743276013398 0.07443684203743182 0.09849364530901723 0.19196572187024757 0.29446313853685496
0.0 0.0 0.0 0.0 0.0 0.0 0.0 0.0 0.0 0.0 0.0 0.0 0.010211101147799448 0.001844024002482009 0.0 0.0017945564855755714 0.01930605747045447 0.035191291187072274 0.04567287818052038 0.04560157610029078 0.03563677063877366 0.031668769104064416 0.039306336274783624 0.05191557009429543 0.061477749832127185 0.06674884897794502 0.05775074389260315 0.046817335458106686 0.04893700949756275 0.060267970064267005 0.07085691787737469 0.07957851222718826 0.0765371659359205 0.057775477651056374 0.0551033257396306
0.0 0.0 0.0 0.0 0.0 0.0 0.0 0.0 0.0 0.0 0.0 0.0 0.9999988071193044
0.0 0.0 0.0 0.0 0.0 0.0 0.0 0.0 0.0 0.0 0.0 0.1834739364252453 0.3589053490612891 0.28980372605630494 0.16781673323804
0.0 0.0 0.0 0.0
0.0 0.0 0.0 0.0 0.0 0.0 0.0 0.0 0.0 0.0 0.0 0.0 0.0 0.0 0.0 0.0 0.007779709520784441 0.39533175486092664 0.596888313713085
0.0 0.0 0.0 0.0 0.0 0.0
0.0 0.0 0.0 0.0 0.0 0.0 0.0
0.0 0.0
0.0 0.0 0.0 0.0 0.0 0.0 0.0 0.0 0.0 0.0 0.0 0.0 0.0 0.0 0.0 0.0 0.00057677601043895 0.04614575456766657 0.07525200281929531 0.08151435228877824 0.04923399911345998 0.043796665011047155 0.06583507169053447 0.09495706451023708 0.11915436636401162 0.13380584155839403 0.10915908476800444 0.086364938820972 0.0942040543011581
0.0 0.0 0.0 0.0 0.0 0.0 0.0 0.0 0.0 0.0 0.0 0.00941129165163207 0.014653950606880272 0.011538031674683051 0.008278239982445024 0.01112267960586375 0.017233567720865674 0.0253942668793893 0.03181657509924075 0.03266810857676586 0.0252474951906014 0.023117373084012148 0.027107104297994525 0.03379852973653425 0.039616894467408424 0.04223768710637566 0.03694741056226321 0.030880006378467644 0.03172885566270841 0.037666237523810375 0.044598381416090016 0.049024508774240944 0.04792849897237784 0.03620796899629228 0.034666490476959536 0.039568256885096124 0.04452762608111472 0.051054081000398696 0.054149922166829026 0.041033343263556454 0.03322744077335734 0.03354916818041875
0.0 0.0 0.0 0.0 0.0 0.0 0.0 0.0 0.0
0.0 0.0 0.0 0.0 0.0 0.0 0.0 0.0 0.0 0.0 0.0 0.0 0.0 0.0 0.0 0.0 0.05659502605368043 0.1974758134795705 0.28078268668362016 0.2640621466458892 0.20108423791201338
0.0 0.0 0.0 0.0 0.0 0.0 0.0 0.0 0.0 0.0 0.0 0.0 0.07071143693905048 0.019932589820141976 0.0 0.018785367200596887 0.12337347095405386 0.2156775836781738 0.2789011620153809 0.27261831723814406

0.0 0.0 0.0 0.0 0.0 0.0 0.0
0.0 0.0 0.0 0.0 0.0 0.0 0.0 0.0 0.0
0.0 0.0 0.0 0.0 0.0 0.0 0.0 0.0 0.0 0.0 0.0 0.0 0.0004600901684764614 0.0 0.0 0.0 0.005860672864900299 0.013269644952571498 0.018053395479470786 0.017859805075496928 0.013447284541032284 0.011846670681559646 0.015652050681241862 0.021220944767687194 0.026437588313067868 0.027666285689311627 0.02430042132518458 0.01910465517631089 0.02027391052613631 0.025749563010000157 0.030685997165899273 0.034979916320207215 0.03289948577737676 0.02487154128417546 0.023497429004988465 0.0275775668496098 0.032227572817067826 0.03747890433846301 0.03833524103155221 0.03052862924677409 0.023510795384570307 0.023542575870162178 0.02760377464522495 0.03250899366089215 0.03623308507417483 0.027601917081899376 0.018933840113981016 0.017625469423794737 0.019686314788083827 0.02494640916255834 0.028389725840999504 0.02068398782116229 0.011122624802700386 0.01104610127004906 0.013058205787947568 0.018219041669938197 0.022263401229636538 0.017937782353359574 0.010505025378758753 0.009717337765092903 0.01057831836649604
0.0 0.0 0.0 0.0 0.0 0.0 0.0 0.0 0.0 0.0 0.0 0.0 0.0 0.0
0.0 0.0 0.0 0.0 0.0 0.0 0.0 0.0 0.0
0.0 0.0 0.0 0.0 0.0 0.0 0.0 0.0 0.0 0.0 0.0 0.0 0.0 0.0 0.0 0.0 0.00095320252143533 0.026012700160408894 0.04085114943020374 0.03928833326885717 0.028858755628850808 0.023266295847937712 0.035417393342132925 0.052273778520335115 0.06542923048929092 0.07140091828042597 0.06077988124353139 0.046391938241354236 0.05125408422642626 0.0671905416036764 0.08224086491689514 0.09327884515845893 0.08932670799353631 0.06416998127529963 0.0616153823706749
0.0
0.0 0.0
0.0 0.0 0.0 0.0 0.0 0.0 0.0 0.0 0.0 0.0 0.0 0.0 0.008145899744589626 0.0 0.0 0.0 0.016250804602505733 0.04001390677632226 0.05563930818288386 0.05808667209406987 0.042819189953713456 0.03658784388644635 0.04767877930179389 0.06473536460160724 0.07836687335468269 0.08308196343304473 0.07238088014299543 0.05899164192319356 0.06221821691340706 0.07699129455583623 0.094143801725821 0.10386754225899515
0.0 0.0 0.0 0.0 0.0 0.0 0.0 0.0 0.0 0.0 0.0 0.0 0.0 0.0 0.0
0.0 0.0 0.0 0.0 0.0
0.0 0.0 0.0 0.0 0.0 0.0 0.0 0.0 0.0 0.0 0.0 0.0 0.0 0.0 0.0 0.0 0.017907620889539292 0.060015430756876494 0.0842139166036841 0.0896200551035824 0.06124328801670291 0.053536319733092676 0.0719890427237021 0.10146242579997942 0.12299861735642907 0.13211577810000313 0.1130499279528877 0.09184755007053577
0.0 0.0 0.0 0.0
0.0 0.0 0.0 0.0 0.0 0.0 0.0 0.0 0.0 0.0 0.0 0.0 0.0 0.0 0.0 0.0 0.0116306850584123 0.03425309268109731 0.045882610329349795 0.04510511516291197 0.03367172242150867 0.0287989524144344 0.039518112501869936 0.055925561979451595 0.06803772034234823 0.07353655574084413 0.06331093219621102 0.050053155329814414 0.05396464645671974 0.06892539679148874 0.08246501982504106 0.09187445689508242 0.08860659790295594 0.06443965104787365
0.0 0.0 0.0 0.0 0.0 0.0 0.0 0.0
0.0 0.0 0.0 0.0 0.0 0.0 0.0 0.0 0.0 0.0 0.0 0.0 0.005528375835068656 0.0 0.0 0.0 0.019441460025130083 0.059134812124219914 0.08970439709651491 0.0820072946880897 0.061316251749725846 0.05606365905380315 0.07266950783298488 0.10045143078751698 0.12122595943842086 0.1305038848353735 0.11238448213100594 0.08956845753101211
0.0 0.0 0.0 0.0 0.0 0.0 0.0 0.0
0.0 0.0 0.0 0.0 0.0 0.0 0.0 0.0 0.0 0.0 0.0 0.0 0.0035058042003499393 0.0030454280364470717 0.0 0.0009279948099671709 0.006491163918278594 0.01158252888294524 0.014704938647928755 0.01426724702381358 0.011125523973066235 0.010277110757026793 0.012499767106980336 0.016611639927967825 0.019418980291466867 0.020970985650266387 0.0182749252395042 0.014892014676303831 0.01545438555940325 0.018901635648550578 0.02234511450438307 0.02569662669324254 0.024048454884914843 0.018198100645689205 0.017397056405679984 0.020076460535968337 0.023121760007643315 0.026990388279824237 0.027701980008403654 0.02153532785987129 0.01698407778775669 0.0174593388952734 0.019834073085642414 0.023533395837946933 0.026941105117187246 0.01915653673669389 0.012676929362929305 0.01274921133479689 0.014361299297089505 0.01756959032983348 0.019389896083023706 0.014185251269165372 0.009013604746811805 0.007413916142539163 0.008852955921589897 0.012793580466144858 0.016004757063773665 0.01296388593424868 0.00751659654052023 0.006483935721091835 0.007707186672665943 0.010376705600477544 0.013242328660660331 0.01254333627974637 0.007937974723553827 0.006785748666075694 0.007547537795671452 0.009680570214499062 0.011895141268785202 0.012746811459051087 0.01018611546833183 0.007900090970709393 0.007815695340315384 0.009562233484271578 0.012028791491866846 0.01353739909759646 0.0122456374074696 0.009796707058626227 0.009246621253749362 0.010216456754546603 0.012123129464636319 0.013944435166053962 0.013963577032121663 0.011205976950449285 0.009816506033529088
0.0
0.0 0.0 0.0 0.0 0.0 0.0 0.0 0.0 0.0 0.0 0.0 0.0 0.003827313518529448 0.0 0.0 0.0 0.007872228427955643 0.017993653391932752 0.024380087952042155 0.024018905869500156 0.018220960199568464 0.015929887088258262 0.02078383904874373 0.0290669120955909 0.03449545716852754 0.03663762377455022 0.03231798339186116 0.02604785162509724 0.02749328285452767 0.03429664481560734 0.0412148497023336 0.046206786194951874 0.04419752161870289 0.03228154076856276 0.03153284491572458 0.036685907546961896 0.043142361687444335 0.049982382548518535 0.05240489782190353 0.03974843963337827 0.03169737741230771 0.03234772143757944 0.03674765454370785 0.04324017282327046 0.04835554924020661 0.03683135362511129
0.0 0.0
0.0 0.0 0.0 0.0 0.0 0.0 0.0 0.0
0.0 0.0 0.0 0.0 0.0 0.0 0.0 0.0 0.0 0.0 0.0 0.014672888110334322 0.02979368374734675 0.02269380303441335 0.012305344145739937 0.022378028610213735 0.04381415988783787 0.06941022945367152 0.08387425708449531 0.08143441820090459 0.06713240455345525 0.060484023186642685 0.07322214336438708 0.09252091280851296 0.10908898241587686 0.1154510881309344 0.10172361275094213
0.0 0.0 0.0 0.0 0.0 0.0 0.0 0.0 0.0 0.0 0.0 0.0 0.0 0.0 0.0 0.0 0.02514659882600768 0.06787175695159697 0.09488908714856391 0.0901659897238124 0.0689834676405489 0.06336991421249466 0.07825671577452085 0.10907678245905394 0.13577477815225308 0.14301741853797012 0.12344746250483986
0.0 0.0 0.0 0.0 0.0 0.0 0.0 0.0 0.0 0.0
0.0 0.0 0.0 0.0 0.0 0.0 0.0 0.0 0.0 0.0 0.0
0.0 0.0 0.0 0.0 0.0 0.0 0.0 0.0 0.0 0.0 0.0 0.0 0.0 0.0 0.0 0.0 0.07422733337412973 0.24356108418376957 0.3478251323353188 0.3343863392107303
0.0 0.0 0.0 0.0 0.0 0.0 0.0 0.0
0.0 0.0 0.0 0.0 0.0 0.0 0.0 0.0 0.0
0.0 0.0 0.0 0.0 0.0 0.0 0.0 0.0 0.0 0.0 0.0 0.0 0.0 0.0 0.0 0.0 0.019730858405487908 0.05541002595498154 0.0813039347296152 0.07426698567698599 0.05552360452592348 0.048542442058700744 0.06612816040802758 0.09212981386231883 0.11172439621358668 0.12071150573710826 0.10392448356642774 0.0819292549516551 0.08867450944006744
0.0 0.0 0.0 0.0
0.0 0.0 0.0 0.0 0.0 0.0 0.0 0.0 0.0 0.0 0.0 0.0 0.0 0.0 0.0 0.0 0.27569338808058064 0.7243063095769402
0.0 0.0
0.0 0.0 0.0 0.0
0.0 0.0 0.0
0.0 0.0 0.0 0.0 0.0 0.0 0.0 0.0 0.0 0.0 0.0 0.0 0.0 0.0 0.0 0.0 0.03302119546287852 0.09094488681384041 0.1300665116925814 0.12184539024169314 0.09688270678561826 0.08167600134314897 0.11030615318427087 0.15121221436977217 0.18404490060380688
0.0 0.0 0.0 0.0 0.0 0.0 0.0 0.0 0.0 0.0 0.0 0.0 0.0 0.0 0.0 0.0 0.09927857586929126 0.38536228130481415 0.5153589693499842
0.0 0.0 0.0 0.0 0.0 0.0 0.0 0.0 0.0 0.0 0.0 0.0 0.012757709207150891 0.010889567856497398 0.0 0.0034104512994929297 0.02056942964314338 0.034969840813712474 0.04824097461394056 0.04450292133036587 0.034934517697471794 0.031394858156993236 0.03842247623573342 0.05068694548765894 0.06078829438313163 0.06599708182737386 0.05685273264759467 0.045651763634764995 0.04846663532395931 0.05881683955715766 0.0700049718485465 0.07820073157840378 0.0748883262719849 0.056374321318861303 0.053178597383884064
0.0 0.0
0.0
0.0 0.0 0.0 0.0 0.0 0.0 0.0 0.0 0.0 0.0 0.0 0.0 0.014603215194658029 0.0 0.0 0.0 0.15714634214056528 0.3501676287868376 0.47808267184305625
0.0 0.0 0.0 0.0 0.0 0.0 0.0 0.0 0.0 0.0 0.0 0.0 0.009677603405781197 0.0011500640637582547 0.0 0.0015030011029986332 0.012156138658751765 0.022472124965626023 0.028043511965951187 0.029487274813540597 0.021926767450189618 0.019458645279983835 0.024346313697072457 0.0321829893086426 0.03771931523774379 0.040558265009599664 0.035098153984138576 0.028491440691051147 0.03032658036212965 0.03653338696605896 0.043558672953047765 0.04912424413587132 0.04754627437584007 0.03454941775567743 0.033697760518489724 0.03863760512687848 0.04489232298927341 0.05167456319343315 0.05427772310715244 0.0423831023753896 0.03235862699719113 0.03342774042020083 0.03784056118546777 0.04489980046891834
0.0 0.0 0.0 0.0 0.0
0.0 0.0 0.0 0.0 0.0 0.0 0.0 0.0
0.0 0.0 0.0 0.0 0.0 0.0 0.0 0.0 0.0 0.0 0.0 0.0 0.9999970625316801 0.0 0.0
0.0 0.0 0.0 0.0 0.0 0.0 0.0 0.0 0.0 0.0 0.0 0.0 0.0 0.0 0.0
0.0
0.0 0.0 0.0 0.0 0.0
0.0 0.0 0.0 0.0
0.0 0.0 0.0 0.0 0.0 0.0 0.0 0.0 0.0 0.0 0.0 0.0 0.003023212593475942 0.0 0.0 0.0 0.027496028346914853 0.06309866289286896 0.08473247948906222 0.08141121684579511 0.06195730597595153 0.05542955192213715 0.07259925356749154 0.10042398747261133 0.12040035045231148 0.12821171045903645 0.11264805837643256 0.08856815651741888
0.0 0.0 0.0 0.0 0.0 0.0 0.0 0.0 0.0 0.0 0.0 0.15792697372407558 0.2790355587473059 0.2145087485837353 0.14384360059747242 0.20468496958002969
0.0 0.0 0.0 0.0 0.0 0.0 0.0 0.0 0.0 0.0 0.0 0.012872240567706444 0.020793484368754663 0.016422338023254667 0.010937387433283959 0.015109326747981208 0.02587914333310752 0.040137978918522714 0.04996028963951806 0.049414708093041985 0.03994473932300392 0.03621263509129495 0.04353801292795961 0.0545819805105431 0.06365950265425963 0.06798659528633981 0.0602596441576252 0.049738529213598 0.051029689144964016 0.061517456656522036 0.07140453160162859 0.08139849384343899 0.07720128068518615
0.0 0.0 0.0 0.0 0.0 0.0 0.0 0.0 0.0 0.0 0.0 0.0 0.0 0.0 0.0 0.0 0.1327390951799956 0.3581523331757528 0.5091084186330156
0.0 0.0 0.0 0.0 0.0 0.0 0.0 0.0 0.0 0.0 0.0 0.0 0.0 0.0
0.0 0.0 0.0 0.0
0.0 0.0 0.0 0.0 0.0 0.0 0.0 0.0 0.0
0.0 0.0 0.0 0.0 0.0 0.0 0.0
0.0 0.0 0.0 0.0 0.0 0.0 0.0 0.0 0.0 0.0 0.0 0.06923168519033282 0.519582368474456 0.23078494070476588 0.0 0.18040046918039818
0.0 0.0 0.0 0.0 0.0
0.0 0.0 0.0 0.0 0.0 0.0 0.0 0.0 0.0 0.0 0.0 0.000471939266151312 0.00430072473487471 0.0013998302593489693 0.0 0.0008944583178524346 0.007068072626552438 0.012628483491999952 0.015572983136562463 0.015597624199712728 0.012249078629247923 0.010879857909740036 0.013370354404479168 0.017612790597070032 0.020895544835786185 0.022703916557465235 0.01961362651311828 0.015820406414495947 0.016678977156564776 0.020622038240694883 0.024412312458791156 0.027424321865409187 0.026006248627177486 0.01921728283734141 0.0186378035888612 0.02163048065452697 0.024857876888357593 0.02868690784712483 0.030652792118181605 0.02307525093502608 0.01836610748284321 0.01863074575010085 0.02098336889896932 0.02541203997606698 0.0292040633107256 0.02069310760838606 0.014604310109832175 0.013478308651257043 0.015019311028940751 0.018644339761278394 0.020774395499152002 0.015159547216483356 0.009294299089099685 0.008420415905546444 0.010242074775848242 0.014040849086712413 0.017340480765942443 0.014198821929922332 0.008002990772254966 0.007436184947287906 0.00796733334338746 0.01119095516779407 0.014408040819783488 0.013545112629436529 0.008809517625030084 0.007282293376056798 0.007918941118495842 0.01054817017425907 0.012762827918490439 0.013881403303239464 0.010690953321006497 0.008609044317980666 0.00831513136299531 0.0103407924597267 0.01280216769801552 0.01438784926367779 0.013195013140667693 0.010453012096016265 0.009963689066135656
0.0 0.0 0.0 0.0 0.0 0.0 0.0 0.0 0.0 0.0 0.0 0.0 0.9999913080619507 0.0 0.0
0.0 0.0 0.0 0.0 0.0 0.0 0.0 0.0 0.0 0.0 0.0 0.0 0.0 0.0 0.0 0.0 0.006797992224968933 0.01760872256188953 0.025201121703397864 0.02284005235429083 0.017400335312636402 0.015663686684748362 0.020404139324603675 0.02762607812638057 0.03361913027184303 0.03568648845861692 0.031038611205844082 0.024960076355900085 0.02679941009010031 0.033212783075369505 0.039814906106571304 0.045217836473541724 0.04320388512814361 0.032109923861389764 0.030102165380650688 0.036662473342787216 0.04250350918653391 0.04847094298588549 0.05057101220137119 0.04031520488227376 0.031153046875868277 0.031761641387403075 0.036646435411234336 0.04274148456693575 0.048211901279549496 0.036362781037663716 0.02529221503739955
0.0
0.0 0.0 0.0 0.0 0.0 0.0 0.0 0.0 0.0 0.0 0.0 0.026582503233956355 0.0448975329773447 0.03354115588501862 0.023092194300101426 0.03269405470201091 0.05693915281197203 0.08405665310550488 0.1028041455569877 0.10221018449370557 0.08299854180847273 0.07589513477884761 0.08936395356729047 0.11389676000678323 0.13102800860707367
0.0 0.0 0.0 0.0 0.0 0.0 0.0 0.0 0.0
0.0 0.0 0.0 0.0 0.0 0.0 0.0 0.0 0.0 0.0 0.0 0.0 0.0 0.0 0.0 0.0 0.009137979141951698 0.021057905486701105 0.02962699117742063 0.02850976237783116 0.021638671892916395 0.018868922931539696 0.024824592322934203 0.03416428158502374 0.041356104497701635 0.044854364965384905 0.03837251223205366 0.03083302317455506 0.03308524141324299 0.04127035899267287 0.04909135093352462 0.055788673403316606 0.05406439505333004 0.03879564483046569 0.03799622088069831 0.04474389769107623 0.05204833476855289 0.06022109146334281 0.06372917558145048 0.048223812003662304 0.0384797266419834 0.03921695582482553
0.0 0.0 0.0
0.0 0.0 0.0 0.0 0.0 0.0 0.0 0.0 0.0 0.0 0.0 0.0 0.0 0.0 0.0 0.0 0.0769653628903768 0.2432813105231808 0.360474095320694 0.31927912666492175
0.0 0.0 0.0 0.0 0.0 0.0 0.0 0.0 0.0 0.0 0.0 0.0 0.000317124070285006 0.0 0.0 0.0 0.004209322146829559 0.01602676548790557 0.02215129917832605 0.02323575190861627 0.015755852526776495 0.013890055635437236 0.018650520675695025 0.026379548925612895 0.03249041416549159 0.03544093074904572 0.03049732982848191 0.02417935552746414 0.025675944077020285 0.03257434699459977 0.03903979106279107 0.04484135421677684 0.04355716057446773 0.031742333460253236 0.030155458387782375 0.0356232657435778 0.04211038712005022 0.048376143668607555 0.051924921925289635 0.03886130031997387 0.030565725473575788 0.031729038756405946 0.03561173298843316 0.04317284218774974 0.04907430249393742 0.03593977580143612 0.022820572723409403 0.023379324031689994
0.0 0.0 0.0 0.0 0.0 0.0 0.0 0.0 0.0 0.0 0.0 0.0
0.0 0.0 0.0 0.0 0.0 0.0 0.0 0.0 0.0 0.0 0.0 0.0
0.0 0.0 0.0 0.0 0.0 0.0 0.0 0.0 0.0 0.0 0.0 0.0 0.0011868508249457134 0.0 0.0 0.0 0.062356123064505144 0.14035816561863304 0.187527673541745 0.18084951415529485 0.14176418221704903 0.12304218196236552 0.16291525231702697
0.0 0.0 0.0 0.0 0.0 0.0 0.0 0.0 0.0 0.0 0.0 0.3909162279441016 0.6090834388449996
0.0 0.0 0.0
0.0 0.0 0.0 0.0 0.0 0.0 0.0 0.0 0.0 0.0 0.0
0.0 0.0 0.0 0.0 0.0 0.0 0.0 0.0
0.0
0.0 0.0 0.0 0.0 0.0 0.0 0.0
0.0 0.0 0.0 0.0 0.0 0.0 0.0 0.0 0.0 0.0 0.0 0.0 0.011906423023864496 0.003751048380019785 0.0 0.0028483401691545046 0.019138478150005904 0.03311478747378885 0.042986514233799816 0.042913285444464724 0.03375725698937405 0.030067833065367946 0.036751426343697574 0.04909139899046187 0.05749343902996161 0.06189495846948136 0.05335978279353601 0.04350791326816167 0.04624067092600295 0.05571148263227433 0.06642433504003697 0.07510203036204524 0.07040751197938498 0.053496437433588104 0.05137548368847545 0.05865915086751207
0.0 0.0 0.0 0.0 0.0 0.0 0.0 0.0 0.0 0.0 0.0
0.0 0.0 0.0 0.0 0.0
0.0 0.0 0.0 0.0 0.0 0.0 0.0 0.0 0.0 0.0 0.0 0.03707031130371323 0.06487164182142703 0.05778265567472547 0.03339825151950506 0.047834642214301684 0.08326752802232078 0.12747514204884355 0.15466272886324778 0.1540363927378364 0.12520631608406665 0.11439435296813662
0.0 0.0 0.0 0.0 0.0 0.0 0.0 0.0 0.0 0.0 0.0 0.0 0.9999979924245791 0.0 0.0
0.0 0.0 0.0 0.0
0.0 0.0 0.0 0.0 0.0 0.0 0.0 0.0 0.0 0.0 0.0 0.0 0.030129465457437103 0.0 0.0 0.0 0.12401310129871543 0.34456230380860564 0.5012949729826487
0.0 0.0 0.0 0.0 0.0 0.0 0.0 0.0 0.0 0.0 0.0 0.0
0.0 0.0 0.0 0.0 0.0 0.0 0.0 0.0
0.0 0.0 0.0 0.0 0.0 0.0 0.0 0.0 0.0 0.0 0.0 0.012714578896988347 0.026340518029403764 0.019434269191644447 0.012638317654402945 0.021064673139669966 0.035953529158524865 0.05802808796447888 0.0705785644392931 0.07031676829444455 0.05833876295944089 0.052086748573592925 0.061264712345683196 0.07952390583047689 0.0918949892480684 0.09802941289241303 0.08674313285508839 0.07113913575433782 0.07390987559820413
0.0 0.0 0.0 0.0 0.0 0.0 0.0 0.0 0.0 0.0 0.0 0.0 0.0005754556598941647 0.0 0.0 0.0 0.019173258227201596 0.046299111470287306 0.06335741368011046 0.060683783547120645 0.04615660589752518 0.04111636535973577 0.05436030508626379 0.07402758721749549 0.08788474107855396 0.0935529139905317 0.08269855612696086 0.06536102002456329 0.07098613864670072 0.08822367325160983 0.105543052273308
0.0 0.0 0.0 0.0 0.0 0.0 0.0 0.0 0.0 0.0 0.0 0.0 0.012350384511012679 0.0 0.0 0.0 0.04735689084998111 0.13695335325219973 0.19068297006965662 0.1818099390643153 0.13895619082075913 0.12455758182151554 0.16733262959352307
0.0 0.0 0.0 0.0 0.0 0.0 0.0 0.0 0.0 0.0 0.0 0.0 0.002087516320746922 0.0 0.0 0.0 0.01505079659032718 0.04550143066146309 0.060902353468423806 0.059847705868992 0.04403247789227644 0.038979344038741946 0.052601779057967084 0.07431437992431554 0.09041034559901377 0.09688250721874316 0.08271060774630141 0.06625619502113768 0.07168369404203359 0.09053913763571717 0.1081997094911312
0.0 0.0 0.0 0.0 0.0 0.0 0.0 0.0 0.0 0.0 0.0 0.0 0.0 0.0 0.0 0.0 0.13106377065368197 0.3561884002801871 0.5127476714561935
0.0 0.0 0.0 0.0
0.0
0.0 0.0
0.0 0.0 0.0
0.0 0.0 0.0 0.0 0.0 0.0 0.0 0.0 0.0 0.0 0.0 0.002073007418821207 0.012635328380440085 0.005385734446613634 0.0 0.0037586055885477938 0.02400540688739955 0.03993509051705373 0.052297545423296274 0.05015430474740313 0.040568140958202534 0.03696597081395254 0.04435002414086184 0.05868371582328321 0.06775506933755306 0.07283519150018651 0.0638889863413549 0.052184411309980104 0.054783692593090204 0.06617459578639459 0.07821186520586641 0.08820871583827314 0.08514458350372324
0.0 0.0 0.0 0.0 0.0 0.0 0.0 0.0 0.0 0.0 0.0 0.04915660350362002 0.0837388843946413 0.06586555560574438 0.04320053812159632 0.06402660300472068 0.11142362656244494 0.16802494517624988 0.20955535798405764 0.20500783644037784
0.0 0.0 0.0 0.0 0.0 0.0 0.0 0.0 0.0 0.0 0.0 0.0 0.0 0.0 0.0 0.0 0.006267773588226312 0.023908888411064082 0.03469348636697115 0.03372750027489799 0.02468154331768202 0.022138095322630745 0.030019208861893878 0.04243653012502351 0.05155223367274801 0.0548684203038176 0.04803953413900913 0.0383298542250571 0.041226137913269185 0.05135128311185908 0.06179778174907053 0.07056793406146644 0.06811047616059555 0.04938380966195571 0.047346589621543804 0.05697488455833582 0.06587004486548471 0.07670797844942773
0.0 0.0 0.0 0.0 0.0 0.0 0.0 0.0 0.0 0.0 0.0 0.0 0.0 0.0 0.0 0.0 0.10252411945826603 0.23999114030903299 0.3284646186141582 0.3290200212889532
0.0 0.0 0.0 0.0 0.0 0.0 0.0 0.0 0.0 0.0 0.0 0.007070164071963364 0.012731201114932299 0.009117192769357525 0.005884160538612246 0.00951360416019613 0.017729119556021505 0.027161150077309026 0.033654256185141125 0.03292921699927136 0.026895519745989464 0.024587168236162006 0.02897922218056806 0.03734591952397103 0.04296567617761328 0.04536352835763309 0.040748739790816516 0.033700801319773245 0.034878788081863815 0.04146887319128804 0.04884579841726965 0.054266392149073424 0.0527785631604279 0.039458099444519924 0.038224174763559125 0.042579554970780746 0.04929282315502185 0.057156318535197606 0.058422848741061364 0.04625111655480809
0.0 0.0 0.0 0.0 0.0
0.0 0.0 0.0 0.0 0.0 0.0
0.0 0.0 0.0 0.0 0.0 0.0 0.0 0.0 0.0 0.0 0.0 0.0 0.999888117789559
0.0 0.0 0.0 0.0 0.0 0.0 0.0 0.0 0.0 0.0 0.0 0.027747873363230792 0.06753347636511597 0.05627752461390878 0.025908658821252355 0.043855694386455854 0.09785250360262629 0.15521839914667424 0.18927394316344964 0.18369718069968582 0.15263469970506482
0.0 0.0 0.0 0.0 0.0 0.0 0.0 0.0
0.0 0.0 0.0 0.0 0.0 0.0 0.0 0.0
0.0 0.0 0.0 0.0 0.0 0.0 0.0
0.0 0.0 0.0 0.0 0.0 0.0 0.0 0.0 0.0 0.0 0.0 0.010350473278706028 0.017313257827517897 0.01333893766349539 0.009224680873575341 0.012844884881387677 0.022836629944669867 0.03431630780239637 0.04278127378387363 0.04422368592884322 0.03398251470385942 0.031314419700546096 0.036645435201713504 0.04642547549816357 0.0542672510395505 0.05736947955161026 0.05055300601947904 0.041892383737376554 0.043788877484602105 0.05262295818883804 0.06082252453523952 0.06761942493802495 0.06512358847152118 0.04931697415021685 0.047871412306272065 0.0531541324231533
0.0 0.0 0.0 0.0 0.0 0.0 0.0 0.0
0.0 0.0 0.0 0.0 0.0 0.0 0.0 0.0 0.0 0.0 0.0 0.0 0.0 0.0 0.0 0.0 0.0 0.012706156943870627 0.020568091371936145 0.019915381498964144 0.013358114046407157 0.01166189063361716 0.01747947427519612 0.02627866580084191 0.03290513022804417 0.035877531150631005 0.02997882201827545 0.02403425179477424 0.02589631632504044 0.03354214773270749 0.040797870338545913 0.0477135144238055 0.04555873800497707 0.03231223665198311 0.03132332792144586 0.0374684825132912 0.044579673195519066 0.05204640314496199 0.0547432321827481 0.04196014789091408 0.0318419867514858 0.03291995401508115 0.039364827051080416 0.047037352856497655 0.0520793513278684 0.03972725706305094 0.02432366307450402
0.0 0.0
0.0 0.0 0.0 0.0 0.0 0.0 0.0 0.0 0.0 0.0 0.0 0.0 0.9999928186005979
0.0 0.0 0.0 0.0 0.0 0.0 0.0 0.0 0.0 0.0 0.0 0.0 0.0 0.0 0.0 0.0 0.011217078697422604 0.08613890738737615 0.12987536253977036 0.12612045744416261 0.08829629180323138 0.0753163024695976 0.11321611572815392 0.16717249265602113 0.20264694338156916
0.0 0.0 0.0 0.0 0.0 0.0 0.0 0.0 0.0 0.0
0.0 0.0 0.0 0.0 0.0 0.0 0.0 0.0 0.0 0.0 0.0 0.0 0.005299046792736998 0.0020597122013101083 0.0 0.0015148668969412532 0.009117673616262879 0.015542200791802968 0.020260884967680998 0.019638933037511692 0.015742498972706104 0.01389485918465887 0.017290664566453156 0.02235662048154957 0.02647865273067591 0.02801930616956204 0.024944694061924906 0.020051945862533692 0.021031990148767683 0.026078406676609264 0.030331064789534852 0.03443499780544705 0.03263554479313983 0.024471311536440263 0.023663307273446045 0.026878353861592028 0.030836208550079146 0.03535381608341042 0.03636826837429236 0.029469268826966568 0.023295172762178677 0.023462152784734926 0.026418711184117257 0.030576007745699532 0.034613927214232856 0.025469844286710203 0.018161257145594332 0.017048601918369866 0.019046212342060276 0.02343580185809843 0.026032204978060483 0.01864390336463804 0.011700414734379425 0.010758009068614406 0.012658156094523735 0.017117573619994497 0.021173436629413234 0.016615232321367232 0.010263919463409502 0.009377173805163234 0.010367182400435547
0.0 0.0 0.0 0.0 0.0 0.0 0.0 0.0 0.0 0.0
0.0 0.0 0.0 0.0 0.0 0.0 0.0 0.0 0.0 0.0 0.0 0.0 0.0 0.0 0.0
0.0 0.0
0.0 0.0 0.0 0.0 0.0 0.0 0.0 0.0 0.0 0.0 0.0 0.0 0.00953749990626175 0.0 0.0 0.0 0.042995056033438284 0.10990909228607205 0.15456244630257265 0.14885353984720276 0.1147252759816621 0.10326980301074681 0.13222608527884863 0.18392115321369296
0.0 0.0 0.0
0.0 0.0 0.0
0.0 0.0 0.0 0.0 0.0 0.0 0.0 0.0 0.0 0.0 0.0 0.0 0.0055783785786142435 0.0020815081490895334 0.0 0.0020855633379167956 0.00931028775256707 0.016080912122340526 0.0206069489243361 0.020263596086331815 0.016160799342237592 0.014896878088556519 0.017885552254248736 0.02338868680417313 0.02765985498837528 0.029785422764073016 0.025668878929854373 0.021120984660079854 0.022164344193446137 0.027051252249179772 0.0320862963527733 0.035472419575425476 0.03410930840302957 0.025923828651424344 0.024866154301497828 0.028364687358441717 0.032735978154788965 0.037313313095449406 0.03848660087884117 0.03068883773101048 0.024193601234496397 0.02452649168532635 0.027879605670924616 0.03229672010101993 0.03579833510147254 0.027597486184211987 0.01860242853513214 0.01794208158650077 0.019028628880877394 0.02442365209666698 0.027843879457356436 0.020760843340330702 0.012288175115978768 0.011590358222583495 0.013276343529406013 0.018174038387420165 0.021940051699410268
0.0 0.0 0.0 0.0 0.0 0.0 0.0 0.0 0.0 0.0
0.0 0.0 0.0 0.0 0.0 0.0 0.0 0.0 0.0 0.0 0.0 0.0 0.7349450504056018 0.26505422466188217
0.0 0.0 0.0 0.0 0.0 0.0 0.0 0.0 0.0 0.0 0.0 0.0 0.0 0.0 0.0 0.0 0.03504524921667189 0.09027548209104393 0.12810495107598058 0.12343336052658029 0.09737826212122895 0.08387216393885667 0.10836796156204315 0.1519150580148296 0.18160747294571655
0.0 0.0 0.0 0.0 0.0 0.0 0.0 0.0
0.0 0.0 0.0 0.0 0.0 0.0 0.0 0.0 0.0 0.0 0.0 0.0 0.0 0.0 0.0 0.0 0.0071064074782841635 0.016924437050649756 0.02395757809516812 0.023270265270701484 0.017542003504648837 0.01548492217285426 0.02058393851520512 0.028902475697143104 0.03435606337668308 0.03685612693780874 0.03238177175067824 0.02568726625291352 0.027820315462400456 0.034460300910010955 0.04175065216111271 0.04717597018501717 0.044198324082450544 0.033677973663804095 0.031818779921458144 0.03750605614430177 0.04336382349495497 0.04983479132962493 0.05166009422998312 0.04083347101707696 0.03226067065829365 0.03350813743149187 0.037591738305204785 0.04366993256534034 0.04966746553005253 0.03614823947980043
0.0 0.0 0.0 0.0 0.0 0.0 0.0 0.0 0.0 0.0 0.0 0.0 0.1244944444544373 0.0 0.0 0.0 0.8755047889731814
0.0 0.0 0.0 0.0 0.0 0.0 0.0 0.0 0.0 0.0 0.0 0.0006530602852122511 0.006627971314894613 0.002191847990256934 0.0 0.002244037676429142 0.011113670088236858 0.018865692216832257 0.0258968027150325 0.024149113670528022 0.019338156224620734 0.016907248100845474 0.02116717182016405 0.027901875321123957 0.03237488315985056 0.035305918676980984 0.03032052029459646 0.024642824299189885 0.02633932182091889 0.03170616121562761 0.037598034557019586 0.042428147233826145 0.04003669033001713 0.03044871299369158 0.02870710799274816 0.03320678105364471 0.03824826671260775 0.04353311411401314 0.044709996290355464 0.036206784908330576 0.028091668961274803 0.029153429625860212 0.03273773932035933 0.038177254516668514 0.04144809337300214 0.031452960433988854 0.0226731627278874 0.02102619312327264 0.02236957846050863
0.0 0.0 0.0 0.0 0.0 0.0 0.0 0.0 0.0 0.0 0.0 0.03744501127219684 0.059312035877011476 0.04749015834010845 0.034560949046606296 0.044440598161765314 0.07189335227123092 0.10857533696825447 0.1347228561748224 0.13948433643506503 0.11006319828335047 0.09725573993131385 0.1147563961714784
0.0 0.0 0.0 0.0 0.0 0.0 0.0 0.0 0.0 0.0 0.0 0.0 0.0 0.0 0.0
0.0 0.0
0.0 0.0 0.0
0.0 0.0 0.0 0.0 0.0 0.0 0.0 0.0 0.0 0.0 0.0 0.0 0.0 0.0 0.0 0.0 0.06779880230731536 0.19424253797536725 0.2686331581926467 0.2676276764776524 0.20169773735795313
0.0 0.0 0.0 0.0 0.0 0.0 0.0 0.0 0.0 0.0 0.0 0.0 0.0 0.0 0.0 0.0 0.0006498441189235417 0.01133190163667509 0.018205617380295674 0.01761872335665654 0.01313241082528347 0.010721859364428763 0.016213857159526557 0.023735926032258648 0.02853923816027869 0.030843348111162332 0.026898896656902177 0.02108348042766153 0.023045926272465204 0.029410532172810127 0.03563392364824567 0.040522752886840756 0.03925091330616084 0.028408839729260008 0.02699143910930342 0.03297981015674017 0.038316947179496394 0.04467973356685036 0.0460131333370577 0.03673579039035355 0.02683061437771371 0.028466154388475197 0.0335230358685963 0.03997012635786467 0.04322675135951503 0.03137434265235702 0.022291535969602847 0.02014395467796915 0.024472272831294002 0.03032867864485874 0.03441353585158785 0.02399414525089216
0.0 0.0 0.0 0.0 0.0 0.0 0.0 0.0 0.0 0.0 0.0 0.0 0.6868722883497372 0.31312704116215967 0.0
0.0 0.0 0.0 0.0 0.0 0.0 0.0 0.0 0.0 0.0 0.0 0.0 0.0066306433499747144 0.002325244700737715 0.0 0.0018527911844553454 0.011670924640929625 0.019958120169240253 0.026398276870325536 0.025558179306938218 0.020189329452793156 0.0178776927513176 0.022128456677259982 0.029191743176960556 0.034622880670186394 0.03742090831735622 0.03274401382234044 0.02646370676621918 0.027614026167534448 0.03356667692857252 0.03968323185949443 0.045257544763951524 0.043633352762631944 0.03166358429433062 0.03099580404003578 0.03603051035922593 0.04088752712380484 0.047840834635055215 0.049392957455924945 0.03907728311022689 0.030231678137333646 0.030772602443199525 0.03508920171752754 0.04121259865925165 0.047913106541751065 0.03410456034074853
0.0 0.0 0.0 0.0 0.0 0.0 0.0 0.0 0.0 0.0 0.0 0.0 0.0 0.0 0.0 0.0 0.04432216147819195 0.13690027606133903 0.19565494853923537 0.18838111003562022 0.1400472162993092 0.12571823837707757 0.168975986755409
0.0
0.0 0.0 0.0 0.0 0.0 0.0 0.0 0.0 0.0 0.0 0.0 0.1653878659175245 0.26717814257324185 0.2194522913041678 0.1568464686094412 0.19113509841637963
0.0 0.0 0.0 0.0 0.0 0.0
0.0 0.0 0.0 0.0 0.0 0.0 0.0 0.0 0.0 0.0 0.0 0.0 0.0 0.0 0.0 0.0 0.018275361219301078 0.05439747891394352 0.07625559440717058 0.0755080786757561 0.05582168162671136 0.04868650231285991 0.06751750599578164 0.0925107925462022 0.11417004270271916 0.12264842569721725 0.10253869065742247 0.0832505691183369 0.0884192517510037
0.0 0.0 0.0 0.0 0.0 0.0 0.0 0.0 0.0 0.0 0.0 0.0 0.0 0.0 0.0 0.0 0.007692706553625291 0.1279746709083617 0.2127929702012787 0.20622287711416443 0.14305027474808982 0.12419701575935696 0.17806940505631855
0.0 0.0 0.0 0.0 0.0 0.0 0.0 0.0 0.0 0.0 0.0 0.0 0.00593903488518657 0.0007879877220124521 0.0 0.0018000120955474562 0.013321942039059264 0.024701592483446357 0.032366475172564003 0.030850927558326788 0.025358926289854252 0.022024242652707155 0.02719576848603873 0.03641255630533467 0.04288961311402716 0.04694955673121211 0.03991258157476841 0.03266905540055199 0.034711251399946144 0.04161722607867492 0.04969634500660828 0.056487576121162515 0.053976450080809056 0.040187688879099015 0.03852784540436774 0.043640518690231424 0.05117818157920168 0.05899580364204754 0.06211246820613374 0.04830228316487436 0.03738608077897366
0.0 0.0 0.0 0.0 0.0 0.0 0.0 0.0
0.0 0.0 0.0 0.0 0.0 0.0 0.0 0.0 0.0 0.0 0.0 0.0 0.0 0.0 0.0 0.0 0.07926580334404866 0.1898761389592961 0.27092338941654603 0.2626689240697079 0.19726566032975446
0.0 0.0 0.0 0.0 0.0 0.0
0.0 0.0
0.0 0.0 0.0 0.0 0.0 0.0 0.0 0.0 0.0 0.0 0.0 0.0 0.0 0.0 0.0
0.0 0.0 0.0 0.0 0.0 0.0 0.0 0.0 0.0 0.0 0.0 0.0 0.0 0.0 0.0 0.0 0.0006604279774767334 0.054161432233490195 0.08999071596148811 0.08060528650805676 0.05483142495047671 0.04836151248014802 0.0731491687277916 0.10617079807727911 0.13118547284099827 0.1429535595727945 0.12240043245800032 0.09552973727808149
0.0 0.0 0.0 0.0 0.0 0.0 0.0 0.0 0.0 0.0 0.0 0.0 0.0023587873713115277 0.0 0.0 0.0 0.0440332879639159 0.11331142049003809 0.15360819169920858 0.15138703911338175 0.11586621222963708 0.10197528766901356 0.13526909047043642 0.18219063663665008
0.0 0.0 0.0 0.0 0.0 0.0 0.0
0.0 0.0 0.0 0.0 0.0 0.0 0.0 0.0 0.0 0.0 0.0 0.0 0.0 0.0 0.0 0.0 0.2762079918895781 0.7237917083969483
0.0 0.0 0.0 0.0 0.0 0.0 0.0 0.0 0.0 0.0 0.0 0.0 0.0 0.0 0.0 0.0 0.0 0.10177184822376006 0.1702986552317625 0.16045584266623844 0.10858661856346565 0.0966807547818054 0.14461438559012996 0.2175918306973515
0.0 0.0 0.0 0.0 0.0 0.0 0.0 0.0 0.0 0.0 0.0 0.0 0.0 0.0 0.0
0.0
0.0 0.0 0.0 0.0 0.0 0.0 0.0 0.0 0.0 0.0 0.0 0.013184917783521762 0.024830519484786283 0.019691156952501405 0.012278893903274257 0.01650614714562771 0.03459877229856301 0.05410660628433647 0.06538205123886592 0.0643866186471086 0.051893038511812366 0.04744214646357504 0.05662725319167967 0.07267845744988008 0.08395378537730022 0.08881450636232738 0.078855967468819 0.06455162687123013 0.06851334560256814 0.08170417325510985
0.0
0.0 0.0 0.0 0.0 0.0 0.0 0.0 0.0 0.0 0.0
0.0 0.0 0.0 0.0 0.0 0.0 0.0 0.0 0.0 0.0 0.0 0.0 0.0 0.0 0.0 0.0 0.002648250421882376 0.04529066947892758 0.06697132951299974 0.0645956584653126 0.044403302542816 0.038707872881096644 0.05765030209150403 0.08590395981054286 0.10736697091464922 0.11641381721657765 0.09821516318069402 0.07703669743091521 0.08437853289446232 0.11041744786554629
0.0
0.0 0.0 0.0 0.0 0.0 0.0 0.0 0.0 0.0 0.0 0.0 0.0 0.0 0.0 0.0 0.0 0.00049322214222926 0.025673377255030667 0.040769598480127706 0.04446459444710236 0.027653513169711076 0.023835197287524812 0.03551515776445104 0.051811332380940135 0.06505096768103705 0.07066512982849235 0.06088823031923927 0.04679478866587691 0.051170805060139546 0.06660420041908474 0.08079818461525955 0.09216225284669037 0.09030888796425175 0.0639781304335898 0.06136241379918539
0.0 0.0 0.0 0.0 0.0 0.0 0.0
0.0 0.0 0.0 0.0 0.0 0.0 0.0 0.0 0.0 0.0 0.0 0.0 0.004058123416761729 0.0 0.0 0.0 0.0553648949302227 0.13536121403988324 0.19043415006240166 0.18172428858332207 0.1415642341251583 0.12915482114412202 0.16233821711175822
0.0 0.0 0.0 0.0 0.0 0.0 0.0 0.0 0.0 0.0 0.0 0.0 0.0033441323037868525 0.0 0.0 0.0 0.005795038447111774 0.015334521788000599 0.020109344811886597 0.019640077364228563 0.01481096409041404 0.013174322549465354 0.017331404543992242 0.02371906697954792 0.02912295264484709 0.03080590581935549 0.026769483682428367 0.021290937780158527 0.022278949011616356 0.028236256469290354 0.03392465335404253 0.03864001562800681 0.03636633282927615 0.026916441772752125 0.02592504297233324 0.030695631535017916 0.03572260558012366 0.0414025335424732 0.04443552209451452 0.03395001554797465 0.026545859557722786 0.02698758072093433 0.030954334827780764 0.036863770587241926 0.041504561770787145 0.0301739459150151 0.020874489664327502 0.01995200114830065 0.020931276017701016 0.02730445213862059 0.03211676128745724 0.022251581020273078 0.01239469138238835 0.011402534836280806
0.0 0.0 0.0 0.0 0.0 0.0 0.0 0.0 0.0 0.0 0.0 0.0 0.0 0.0 0.0 0.0 0.9999985751626962
0.0 0.0 0.0 0.0 0.0 0.0 0.0 0.0 0.0 0.0 0.0 0.0 0.0 0.0 0.0 0.0 0.04430720595890066 0.11381417441755821 0.15635974810919076 0.15078109693662406 0.11257657992308649 0.10144895696051337 0.1326977709672714 0.18801441873288766
0.0 0.0 0.0 0.0 0.0 0.0 0.0
0.0 0.0 0.0
0.0 0.0 0.0 0.0 0.0 0.0 0.0 0.0 0.0 0.0 0.0 0.0 0.0 0.0 0.0 0.0 0.9999986370186389
0.0
0.0 0.0
0.0 0.0 0.0 0.0 0.0 0.0 0.0 0.0 0.0 0.0 0.0 0.0 0.0 0.0 0.0
0.0 0.0 0.0 0.0 0.0 0.0 0.0 0.0 0.0 0.0 0.0 0.0007229437900257478 0.0066771095773822675 0.0064405507088177195 0.0 0.002484941008601551 0.01192442490482003 0.021348260327210898 0.026660315327306703 0.026391726806626777 0.02037088491339609 0.018643377140480474 0.02247856162906677 0.030338858069518287 0.03574605997736859 0.03856043014485942 0.03371039764292465 0.027397049661993238 0.028437123643184223 0.03484300173022672 0.04097406330867797 0.04643972456524212 0.04523139023837967 0.03317044679182278 0.031122119137424707 0.03713736107513849 0.04296879886541893 0.04920013628284577 0.05144843991883347 0.03842215834602147 0.03150312545670566 0.031369877917023066 0.03636252610852386 0.043184527992901914 0.04828927996680653
0.0 0.0 0.0 0.0 0.0 0.0 0.0 0.0 0.0 0.0 0.0 0.0 0.0057155091323236595 0.0 0.0 0.0 0.012911615585035405 0.03655370499058046 0.05007092957842488 0.049173902676251664 0.03615361991640971 0.032361401108860245 0.04331356048671054 0.05982305977052802 0.0715388843591613 0.0777050542918397 0.06713964381902113 0.053354113591040725 0.057091292446296085 0.07140179306114741 0.08619476915103685 0.0959561668505078 0.0935409640157539
0.0 0.0 0.0 0.0 0.0 0.0 0.0 0.0 0.0 0.0 0.0 0.0 0.06530187158163238 0.01577436582980456 0.0 0.010926282195734003 0.12285588419524192 0.2260647257395269 0.27957848307839483 0.27949831265541525
0.0 0.0 0.0 0.0 0.0
0.0 0.0 0.0 0.0 0.0 0.0 0.0 0.0 0.0 0.0 0.0 0.0 0.0 0.0
0.0 0.0 0.0 0.0 0.0 0.0 0.0 0.0 0.0 0.0 0.0 0.00610441263163498 0.009983187640920961 0.0077186918808028054 0.004956513844728013 0.007585079509379173 0.012497062797718554 0.019176397828920576 0.023834281605816875 0.022764099094448226 0.018637642273617104 0.01725038398277459 0.020224677351605273 0.025990421748948465 0.030042930105149093 0.03190393886200624 0.02837921386450937 0.023592934685138737 0.02413260113978256 0.02914627391811774 0.034120653811271315 0.03820723808370425 0.03613543893858628 0.027373084138573745 0.02668005535862681 0.03049109258060289 0.03427753552038943 0.03950990694944033 0.040854311566770767 0.03187429322892928 0.025947278243828097 0.025230152035877276 0.029108016145822903 0.034399596031996764 0.039195646677018456 0.029167141793914924 0.01990462044701752 0.018729643106992783 0.02082144063308306 0.02537423974971497 0.028677864634598822
0.0 0.0 0.0 0.0 0.0 0.0 0.0 0.0 0.0 0.0 0.0 0.0 0.0 0.0 0.0 0.0 0.9999987592380623
0.0 0.0 0.0 0.0 0.0 0.0 0.0 0.0 0.0 0.0 0.0 0.1589949174577808 0.27510281320358543 0.22115826606293393 0.14404882116253184 0.2006950432874872
0.0 0.0 0.0 0.0 0.0 0.0 0.0 0.0 0.0 0.0 0.0 0.049179406809778455 0.08302836729472009 0.06345390539567278 0.042124911460174885 0.06366283127057161 0.10936119159813248 0.17206196189059536 0.20855570871728474 0.2085716657556873
0.0 0.0 0.0 0.0 0.0 0.0 0.0 0.0 0.0 0.0 0.0 0.0 0.0 0.0 0.0 0.0 0.0054699026548119525 0.014523450558852201 0.02087669967416156 0.020080921892546365 0.015033359272658583 0.013353383955915399 0.017815867270300698 0.024199019007765787 0.029937930251894125 0.03121960264152294 0.027187349053907517 0.022274486245822792 0.02337122241842692 0.029222153485554042 0.0353288669821979 0.039172918066368544 0.03760597466137403 0.027870784984285323 0.026848345326729674 0.031535926379896516 0.03683499305413106 0.04266697045921485 0.04551462016912238 0.03438987864247379 0.02721485946629079 0.02813001771635849 0.03171916044766003 0.03733528692481352 0.043320779791641444 0.03145840958246204 0.02166493279418669 0.020485711388466825 0.02297788792699381 0.028225292070950064 0.031033102287339336 0.024099926318345094
0.0 0.0 0.0 0.0 0.0 0.0 0.0
0.0 0.0 0.0 0.0 0.0 0.0 0.0 0.0 0.0 0.0 0.0 0.0 0.004507334190510808 0.0 0.0 0.0 0.02257273023725244 0.05074847742167777 0.07013385719939189 0.06850935586501297 0.053976700163660254 0.04526929967047122 0.06152806443639115 0.08160804382528723 0.09753906636375768 0.10386273422737133 0.09155566980109041 0.07305572881501718 0.07848249836854765 0.09665041890695297
0.0 0.0 0.0 0.0 0.0 0.0 0.0 0.0 0.0 0.0 0.0 0.0 0.0023714679016260047 0.0 0.0 0.0 0.011876097648013971 0.026323138055398553 0.035565393309026805 0.03461854626518266 0.0264178067954086 0.0246339476033812 0.03143556930342838 0.04247046415498716 0.050942119057808516 0.05491996221941105 0.04776345247713396 0.038462687791442164 0.04089318396729871 0.050176308019312416 0.06118142931267242 0.06894258973418736 0.06518154277652015 0.04848009324257257 0.0459181304437847 0.05432832250528419 0.0634325657424897 0.07366517096011849
0.0 0.0 0.0 0.0 0.0 0.0 0.0 0.0 0.0 0.0 0.0 0.0 0.0
0.0 0.0 0.0 0.0 0.0 0.0 0.0 0.0 0.0 0.0 0.0 0.9999990716563546
0.0 0.0 0.0
0.0 0.0 0.0 0.0 0.0 0.0 0.0 0.0 0.0 0.0 0.0 0.0 0.0038077077633207617 0.0 0.0 0.0 0.010859443980655862 0.023409549738272344 0.030440973803840397 0.029793310244130154 0.023415157807110384 0.020193117086406163 0.02699905575003497 0.03640050441942549 0.04308176613803299 0.04649256624889563 0.03960838818586782 0.03262046084933628 0.034734292454777056 0.043552365182844624 0.05109043039417123 0.05712820040915532 0.05511517726063248 0.04171647494030378 0.03907856246283982 0.04535802656652676 0.05271478701578453 0.060138228771348265 0.06313259557544473 0.04965312338563158 0.03946572438591476
0.0 0.0 0.0 0.0 0.0 0.0 0.0 0.0 0.0 0.0 0.0 0.0 0.0
0.0 0.0 0.0 0.0 0.0 0.0 0.0 0.0 0.0 0.0 0.0 0.025927218181513126 0.06370709501814618 0.04278134085324426 0.026532476730497946 0.03982355115820526 0.08702986282902767 0.1330321815018695 0.16569241914708954 0.16377374065030767 0.13247170200280955 0.11922837212502216
0.0 0.0 0.0 0.0 0.0 0.0 0.0 0.0 0.0 0.0 0.0 0.0 0.0 0.0 0.0 0.0 0.0 0.10348057375637043 0.16737985508880857 0.16488323738838895 0.1068871062251563 0.09736304324554244 0.1452174460951144 0.2147886736857257
0.0 0.0 0.0 0.0 0.0 0.0 0.0 0.0 0.0 0.0 0.0 0.11564246321344117 0.24220064285314022 0.15123266768429883 0.10370236573002689 0.13921505829293562 0.24800669271592388
0.0 0.0 0.0 0.0 0.0 0.0 0.0 0.0 0.0 0.0 0.0 0.0 0.0 0.0 0.0 0.0 0.005430117045375242 0.016384819440608024 0.02349631557917612 0.02253887823237495 0.016938983052828573 0.014815391773464992 0.020438093374345198 0.028268099872233773 0.03366430452569674 0.036467927083836525 0.03092288621152672 0.025136432343723532 0.026543729053517078 0.03343515943930947 0.04051790435477426 0.04609493906933436 0.044096512889044585 0.031685874496813406 0.0304554086178357 0.036262453117222274 0.04271034724735892 0.04892823159266909 0.05141024037507994 0.03953636353898046 0.031057292775169446 0.03210471280329958 0.03692978413767276 0.0427783341621408 0.048497449638991504 0.03702495500963691 0.025428051892342807
0.0 0.0 0.0 0.0 0.0 0.0 0.0 0.0 0.0 0.0 0.0 0.0 0.015868878197734165 0.006691679877273317 0.0 0.004972616307346038 0.025768470992644243 0.045351657148985376 0.0569778293791329 0.05457373281013879 0.04411328218215588 0.03942436255887241 0.04847248406205004 0.06326141955518123 0.07378798801277674 0.08007963868205627 0.07009541070821872 0.056470889710241653 0.059685283700138626 0.0726607171418366 0.08613840645230497 0.0956052379011676
0.0 0.0 0.0 0.0 0.0 0.0 0.0 0.0 0.0 0.0 0.0 0.0 0.005283693329242196 0.0022288089809834625 0.0 0.0018310726574038573 0.00978631412622769 0.01645525097088521 0.020395494790825277 0.020253751706585454 0.016436196073311326 0.014496993804830723 0.018066043466210942 0.023229049174956596 0.026989123194135704 0.028708421644669056 0.025449400316788242 0.020747356745609548 0.021642184243320317 0.02660259796413907 0.031247041075707728 0.03440349872413161 0.03368032376527248 0.025354165444090495 0.02449554621328727 0.027315433363191997 0.031075190460997736 0.035747205732049606 0.03667055615336369 0.029498150091935932 0.023363503067608905 0.024008913444477323 0.026646887726067554 0.031246882615021045 0.03413011442442814 0.02660723293922461 0.018689507037973473 0.017367469528959668 0.019240316384890887 0.02340937743640424 0.025762914785394716 0.019262065114138416 0.011722703717519633 0.01133277158275927 0.013276767287012096 0.017148080708244147 0.02089064482154455 0.01714233650835181 0.010662641338767974
0.0 0.0 0.0 0.0 0.0 0.0 0.0 0.0 0.0 0.0 0.0 0.0 0.0 0.0 0.0 0.0 0.04222794691090586 0.13686733452748004 0.1953267753389999 0.18833295640740863 0.1400370681258771 0.12946031403975536 0.16774754240605566
0.0 0.0 0.0 0.0 0.0 0.0 0.0 0.0 0.0 0.0 0.0 0.0 0.0 0.0 0.0 0.0 0.9999988276456787
0.0 0.0 0.0 0.0 0.0 0.0 0.0 0.0 0.0 0.0 0.0 0.0 0.0 0.0 0.0 0.0 0.0 0.023855309545589867 0.03772801717483144 0.03520033807037824 0.02448219992168789 0.021497981086815485 0.03175482050292164 0.04781115301191526 0.0627667499519735 0.06586518483880578 0.05575381946615233 0.043740908251162905 0.048559397943220665 0.06274565891965135 0.0763350977609356 0.08709466086028943 0.08499734697434798 0.05971168688032673 0.05891541929081092 0.07118423503130895
0.0 0.0 0.0 0.0 0.0 0.0 0.0
0.0 0.0 0.0 0.0 0.0
0.0 0.0 0.0 0.0 0.0 0.0 0.0 0.0 0.0 0.0 0.0
0.0 0.0 0.0 0.0 0.0 0.0 0.0 0.0 0.0 0.0 0.0 0.0 0.0 0.0 0.0 0.0 0.009345403120821313 0.023512535430429256 0.03298954493050596 0.03159456981793115 0.02416332878832026 0.02120160392168028 0.028736134768466818 0.039020110029745855 0.04840733164953261 0.050829729148349136 0.04374023714346755 0.03591871512709929 0.03788549726678373 0.04692414388263787 0.05638945170408029 0.06446218475728314 0.06224839218335077 0.045592777894946826 0.044331321936019547 0.05203987774711073 0.060369222611902466 0.0688296862860065 0.07146818978575478
0.0 0.0 0.0 0.0 0.0 0.0 0.0 0.0 0.0 0.0 0.0 0.0 0.0 0.0 0.0 0.0 0.008532178531767047 0.05619697316770192 0.08229217154433356 0.0811600846243871 0.05712382929395558 0.052051402653855945 0.07438907001062488 0.10763508580762972 0.1301624257708327 0.13970325531039762 0.11765959193344502 0.09309390064247265
0.0 0.0 0.0 0.0
0.0 0.0 0.0 0.0 0.0 0.0 0.0 0.0 0.0 0.0 0.0 0.16864859340819005 0.26691182609590475 0.21035300100400467 0.14784703436795793 0.20623940640099744
0.0 0.0 0.0 0.0 0.0 0.0 0.0 0.0 0.0
0.0 0.0 0.0 0.0 0.0 0.0 0.0 0.0 0.0
0.0 0.0 0.0 0.0 0.0 0.0 0.0 0.0 0.0 0.0 0.0 0.0 0.0 0.0 0.0 0.0 0.004545294596324735 0.01395003876140611 0.019731745943902333 0.01928941760299932 0.014458639616848791 0.012509204534772084 0.017425043874672128 0.02396551321486288 0.02888442201859423 0.030906966148289437 0.02671435759688511 0.0212498748506521 0.02310150565337658 0.029038639322603733 0.034554837883691555 0.039767113018451844 0.037450411938256004 0.028308711522112433 0.026809417961600256 0.031405707513849725 0.036749551030106666 0.04255716262705804 0.04462570220719517 0.033918621744110734 0.02583509573029775 0.02803059949618456 0.031511650523057703 0.037125792884580996 0.04140564862003895 0.031495001007124226 0.021725130167200086 0.020736809320545696 0.023465469652525668 0.02857087163752304 0.03208554724545736 0.02200077732065736 0.014093698970117013
0.0 0.0 0.0 0.0 0.0 0.0 0.0 0.0 0.0 0.0 0.0 0.0 0.03616848274003658 0.0 0.0 0.0 0.963830527666328
0.0 0.0 0.0 0.0 0.0 0.0 0.0 0.0 0.0 0.0 0.0 0.0 0.0 0.0 0.0 0.0 0.0003376713616631046 0.008752007426109654 0.014505912582072955 0.012765276563765403 0.008997313282579173 0.007623578216185861 0.011105889527121004 0.016710584584278515 0.020822770367038102 0.022964120869601208 0.019449888990264824 0.015364909924526292 0.016513901919210882 0.021464262441082998 0.026248376188688662 0.030454356478831893 0.0290528579413175 0.020330859561199014 0.020001372484806226 0.024220492171709965 0.028460545812774515 0.03337119120884509 0.035109117690532536 0.027184020012244976 0.021019230330465728 0.02155037374188634 0.02469733349990847 0.029983676562673627 0.03319525691323826 0.02453479841964216 0.01669859581265805 0.014691682866780164 0.01796116564374705 0.022955843791980884 0.024816924280593112 0.01823694450795775 0.0113583218360708 0.01005340157644016 0.011915744041012434 0.016714630330738674 0.02084255369605887 0.016420144528767243 0.00980479231231051 0.009013310683719794 0.009637617614544023 0.013453461748332111 0.016867069603324587 0.016040660934192517 0.010323427314950638 0.00884724949415335 0.00976017775042878 0.012569447588317803 0.015262801222582329 0.016378425088205625 0.012252283336005495 0.010331370340110946
0.0 0.0 0.0 0.0 0.0 0.0 0.0 0.0 0.0 0.0 0.0 0.0 0.0403961389627599 0.02367881828142413 0.0 0.0 0.2718368055008745 0.6640879652839354
0.0 0.0 0.0 0.0 0.0 0.0 0.0 0.0 0.0 0.0 0.0
0.0
0.0 0.0 0.0 0.0 0.0 0.0 0.0 0.0 0.0 0.0 0.0 0.0 0.0 0.0 0.0
0.0 0.0 0.0 0.0 0.0 0.0 0.0 0.0 0.0 0.0 0.0 0.00902684102288851 0.017894069551882382 0.013455184462021149 0.007037699541052734 0.012694400330003526 0.024316570258278113 0.03752015782246641 0.04772532586086842 0.04889859458429843 0.038662991780083235 0.03425539158915847 0.04151858894115955 0.05186776953064412 0.060884281436084854 0.06563958607442855 0.0569025979399202 0.047012319210378774 0.04951604627173212 0.05906746193833665 0.06861760240525629 0.07787402187808484 0.07293100784612232 0.05668147831455672
0.0 0.0 0.0 0.0 0.0 0.0 0.0 0.0 0.0 0.0 0.0 0.0 0.0 0.0 0.0 0.0 0.0030502784074251427 0.00933169533996093 0.012578462421129024 0.012515578654687037 0.009338254714227407 0.00798730077199255 0.011170106255266418 0.015501110187017038 0.019086531910478245 0.020495165233 0.01752989693197207 0.013887196165620508 0.01480741786435679 0.01903208602454806 0.022622558158242614 0.025353013178604455 0.024517447441645364 0.017785404576521127 0.01773995088442104 0.019918186659024933 0.02374830691732847 0.027545476328377883 0.028403183802884372 0.022377089743791545 0.01731950423249525 0.0180924017693028 0.020354277264600346 0.024078492883925433 0.026320936617898347 0.01987581248535981 0.01376771085034386 0.013421880930097276 0.014991573066767705 0.018563506499483767 0.0201683667366815 0.014216027144106086 0.00936803365749352 0.008765864622720436 0.009544798015660518 0.013598984035292121 0.016562035083046878 0.013524736845825112 0.007639222803288441 0.007609813402234524 0.008216386148369607 0.010978960546008132 0.013660728379913173 0.012807147460109535 0.00863221352264295 0.007286956689512779 0.008153871924139815 0.010468499570228312 0.012465628865671902 0.013399954758840324 0.010626109323729828 0.008513374906237645 0.008437433981631404 0.01005689113621087 0.01239858774934271 0.013815782133113666 0.012423223896822431 0.010299280032226977 0.009587510936353485 0.010399887899497287 0.012562233358976759 0.014498911707541983 0.014342318195124005 0.011591107220510502 0.010271318004837493
0.0 0.0 0.0 0.0 0.0 0.0 0.0 0.0 0.0 0.0 0.0 0.0 0.025720460722592375 0.0 0.0 0.0 0.14568161091921478 0.3511739294573738 0.4774238577291339
0.0 0.0 0.0 0.0 0.0 0.0 0.0 0.0 0.0 0.0 0.0014599196396938093 0.04104478380779578 0.061870245758113264 0.05184090495657553 0.03437575854825134 0.047783682440257456 0.07149199188430048 0.10717467935376673 0.13426317029876972 0.1298405968129498 0.10763091137693218 0.09731225827642016 0.11391106619831308
0.0 0.0 0.0 0.0 0.0 0.0 0.0
0.0 0.0 0.0 0.0 0.0 0.0 0.0 0.0 0.0 0.0 0.0 0.0 0.0016411525956507467 0.0 0.0 0.0 0.014079917267767967 0.03255623952457661 0.045076357330246404 0.044211843370021923 0.03289967521322142 0.0293909354739413 0.03815885159230645 0.05244135509044492 0.0633194739092336 0.0687509157975548 0.05893287710092111 0.047434901175198836 0.04990018989061438 0.06260760909678892 0.07548131928586772 0.08465102230005248 0.0807378071281034 0.06038568275395903 0.057341860738738815
0.0 0.0 0.0 0.0 0.0 0.0 0.0 0.0 0.0
0.0 0.0
0.0 0.0 0.0 0.0 0.0 0.0 0.0 0.0 0.0 0.0 0.0 0.0 0.0 0.0 0.0 0.0 0.0030511593658930193 0.23813198194435298 0.379696303880258 0.37912041033262955
0.0 0.0 0.0 0.0 0.0
0.0 0.0 0.0 0.0 0.0 0.0 0.0 0.0 0.0 0.0 0.0 0.0 0.0002501352355956604 0.0 0.0 0.0 0.007906749095318076 0.019092907910462236 0.028741504605397147 0.02586732755672562 0.01987838040886987 0.017495965629210432 0.022716633937229083 0.031176682055515284 0.0375778043311649 0.04163420788958807 0.03500413225668483 0.028154438655030197 0.030250351543251494 0.03751009322215519 0.04514076888217842 0.05151855268657251 0.04855385782027194 0.035817256412174966 0.033956559863367 0.0406021747821948 0.047050505762991676 0.05461937878774077 0.057198073064896084 0.044508030429835456 0.03396778596346459 0.03539751843799956 0.04040542260680008 0.04800679223709485
0.0 0.0 0.0 0.0 0.0 0.0 0.0 0.0 0.0 0.0 0.0 0.0
0.0 0.0 0.0 0.0 0.0 0.0 0.0 0.0 0.0 0.0 0.0 0.0 0.0 0.0 0.0 0.0 0.28687855394155 0.7131211612167588
0.0 0.0 0.0 0.0 0.0 0.0 0.0 0.0 0.0 0.0
0.0 0.0 0.0 0.0 0.0 0.0 0.0 0.0 0.0 0.0 0.0 0.0 0.0 0.0 0.0 0.0 0.0 0.10273517431553007 0.17002218927190532 0.16229084477507874 0.1072059145633693 0.09527099024334103 0.14657202711579465 0.21590279533856224
0.0 0.0 0.0 0.0 0.0 0.0 0.0 0.0 0.0 0.0 0.0 0.0 0.006667981172181236 0.0 0.0 0.0 0.017604533721687923 0.04566631021911227 0.06142554666792864 0.06007602693802371 0.045857085138531095 0.040341917588777955 0.052743124695198006 0.0743841458944356 0.08814157148433197 0.09562114851889812 0.0813452673140486 0.06594078568978429 0.07074965340985295 0.08823270244437623 0.10520218037175884
0.0 0.0 0.0 0.0 0.0 0.0 0.0 0.0 0.0 0.0 0.0 0.003930487811223755 0.011325556799588545 0.006097803643982074 0.003590535263216937 0.00585721487499069 0.011880413361779113 0.018801713876047954 0.023055051646139788 0.02268912621306307 0.018463531271080764 0.01695282314455864 0.019937441046965026 0.02534729252832306 0.029388978040048138 0.031085036248138815 0.02783665567136172 0.022655908909970504 0.02352359261404893 0.028807983946923518 0.033468614423460136 0.03713058541098581 0.0360256881781311 0.026964485367485167 0.02563431143100517 0.028761924266427135 0.033247618512302776 0.03849331806710177 0.03900697200178842 0.03088013447020227 0.024862616265727073 0.025113124948033583 0.028308448395087855 0.033318704364150194 0.03665706390568608 0.02788818982684114 0.019437041104342568 0.018370506357835166 0.020406187822204356 0.024472240921823856 0.027160866721951876 0.020841717294351123 0.0123224875070259
0.0 0.0 0.0 0.0 0.0 0.0 0.0 0.0 0.0 0.0
0.0 0.0 0.0 0.0 0.0 0.0 0.0 0.0 0.0 0.0 0.0 0.0 0.0 0.0 0.0 0.0 0.0009759418461779116 0.012934105249336712 0.01882027488740988 0.018399901272736535 0.012975057506412733 0.011322047037991334 0.016927863262654903 0.02449996168025134 0.029346517841877442 0.03227139586127131 0.02767660478582212 0.02168114218141231 0.023493788199709664 0.029969096486393662 0.0368130272552422 0.04180215987366928 0.0393571275365496 0.029785880783398777 0.02762735774037019 0.03312695893903786 0.03898662698909241 0.04555150855654014 0.047567872490610556 0.03700918074136429 0.029002205871556757 0.02886917624666013 0.033541489683911824 0.03972825410577102 0.04477346784057609 0.0327059593026003 0.023152710675170777 0.021948088295371544 0.023588526160028205 0.030143756558610884 0.03362495925247442
0.0 0.0 0.0 0.0 0.0 0.0 0.0 0.0 0.0 0.0 0.0 0.0 0.0 0.0 0.0 0.0 0.01591649123416383 0.05397411058986155 0.07730934036481564 0.07447492060736198 0.057779707328061695 0.04875240528873205 0.0648316159319739 0.09198584178733084 0.11485723405891196 0.12143337423831178 0.10466822740587138 0.08391007659702591 0.09010662993156017
0.0 0.0 0.0 0.0 0.0 0.0 0.0 0.0 0.0 0.0 0.0 0.0 0.010652140005649274 0.004027050509634461 0.0 0.002027772719574627 0.016582026756805115 0.02965630930651375 0.03789586635736024 0.037148159406892076 0.029347461038224384 0.02648612890312735 0.032260414955306925 0.04217826820309823 0.0501683199743481 0.053221211571086516 0.04738971505397143 0.038463558888596885 0.04008596825604172 0.048906674798386035 0.057444270428131765 0.06492016336798181 0.062338780127498494 0.046038577415507424 0.044282407333772505 0.05140981647756938 0.05923147240729957 0.0678374558678808
0.0 0.0 0.0 0.0 0.0 0.0 0.0 0.0 0.0 0.0 0.0 0.0 0.0 0.0
0.0 0.0 0.0 0.0 0.0 0.0 0.0 0.0 0.0 0.0 0.0 0.0 0.0006679311176287072 0.0 0.0 0.0 0.005920226106228679 0.013831071800656673 0.019058804092518016 0.018576261840844786 0.014098159255677919 0.012509785698584984 0.016305699753050813 0.02250858810384175 0.026984353408177092 0.029051189599491857 0.025505194609939306 0.020441496936436276 0.021414188226488988 0.026780797495758353 0.03233566411200371 0.03603260494725801 0.03505617400787485 0.02538080877368677 0.02515659979792033 0.028887409957224254 0.03378269592281174 0.03941282298183238 0.04040667728741422 0.030376087862848636 0.023787293198764468 0.025855064302411846 0.029367189967914764 0.03442158101410679 0.03950686666329014 0.02813616540195527 0.01996052703732244 0.01901469322882477 0.021531859692352762 0.025605612693664875 0.030073516235203247 0.021181182575592965 0.01284665161043119 0.011958229918358931 0.013921970776995645 0.01928539284513111 0.023064903437761103
0.0 0.0 0.0
0.0 0.0 0.0 0.0 0.0 0.0 0.0 0.0 0.0 0.0 0.0 0.0 0.9999846986633655 0.0
0.0 0.0 0.0 0.0 0.0 0.0 0.0 0.0 0.0 0.0 0.0 0.0 0.0 0.0 0.0 0.0 0.025815048857742367 0.06186561447806328 0.08873575209387755 0.08241162991624915 0.06302064674456342 0.054887051717549075 0.07623960835494593 0.10033230713012464 0.1190305817477674 0.1273702799087805 0.11049313336016546 0.08979831961788624
0.0 0.0 0.0 0.0 0.0 0.0 0.0 0.0 0.0 0.0 0.0 0.0 0.04295291138441911 0.0 0.0 0.0 0.08895959918420722 0.23063428198881614 0.321643499190489 0.3158096118458749
0.0 0.0 0.0 0.0 0.0 0.0 0.0 0.0 0.0 0.0 0.0 0.9999989605326108
0.0 0.0 0.0 0.0 0.0 0.0 0.0 0.0 0.0 0.0 0.0
0.0 0.0 0.0
0.0 0.0 0.0 0.0 0.0 0.0 0.0 0.0 0.0 0.0 0.0 0.0 0.08740776451489388 0.08058966969419022 0.0 0.028482960514911684 0.15838138747356847 0.2890080629502261 0.35613006041369616
0.0 0.0
0.0 0.0 0.0 0.0 0.0 0.0 0.0 0.0 0.0 0.0 0.0 0.0 0.0 0.0 0.0 0.0 0.008065060581200571 0.03295217100574076 0.04566488125893034 0.04421428197192437 0.031266124154288026 0.028237723322971354 0.03846886784569132 0.05516511757301042 0.0681180987566645 0.0757688546312028 0.06280656322942148 0.05030249159932431 0.05308276950898484 0.06900918758561403 0.08340794469025635 0.09604718274015263 0.09211434469486061 0.06530831979438391
0.0 0.0 0.0 0.0
0.0 0.0 0.0 0.0
0.0 0.0 0.0 0.0 0.0 0.0 0.0 0.0 0.0 0.0 0.0 0.005902016210357349 0.026222907031806342 0.011643759520329955 0.0034036403983151785 0.0108924495860691 0.03768631566247865 0.05941673749309317 0.0744269299490997 0.0760613906003295 0.05851027945990534 0.05302168730139458 0.06469205366764912 0.08286530166449448 0.09548326488111838 0.09999393259707133 0.08937660762624876 0.07314853769504531 0.07725216981028396
0.0 0.0 0.0 0.0 0.0 0.0 0.0 0.0 0.0 0.0 0.0 0.0 0.0 0.0 0.0 0.0 0.017638159439068504 0.05388044058663599 0.07767830496789539 0.0741559336336173 0.05680178909710715 0.048950550416123235 0.06607502688363977 0.09411469370117244 0.1125053689082005 0.12179730273865758 0.10468345735494124 0.0825552230139555 0.08916372465760761
0.0 0.0 0.0 0.0 0.0 0.0 0.0 0.0 0.0 0.0 0.0 0.0 0.0 0.0 0.0 0.0 0.01831103899366434 0.3881935355995152 0.5934952057075354
0.0 0.0 0.0 0.0 0.0 0.0 0.0 0.0 0.0 0.0 0.0 0.0 0.02108607534081667 0.0 0.0 0.0 0.15166015847073389 0.3500421405332185 0.47721148408880887
0.0 0.0 0.0 0.0 0.0 0.0 0.0 0.0 0.0 0.0
0.0 0.0 0.0 0.0 0.0 0.0 0.0 0.0 0.0 0.0 0.0 0.045214452555464336 0.0817635778762111 0.06268938120401775 0.039273956979223326 0.05241415916470264 0.08013355469827038 0.118007652072999 0.14662269770986228 0.1518883301848206 0.11649689888368811 0.10549530511068414
0.0 0.0 0.0 0.0 0.0 0.0 0.0 0.0 0.0 0.0 0.0 0.0 0.0 0.0 0.0 0.0 0.004273704117249651 0.013295786236388907 0.018349919956508115 0.017554269624088032 0.013076394853525 0.012363085474813205 0.015516607760345255 0.02210592767943724 0.027278761802316892 0.028761793053878784 0.024889809758094763 0.019827884727464377 0.021107490396390188 0.0267770950714251 0.03205973132440489 0.03626005662380747 0.03507884285975232 0.025063815692844382 0.024849107611380636 0.029097756066139426 0.03422528989183934 0.039485148269827436 0.04233310642673262 0.031636658906101255 0.02536265289764193 0.02600188096329663 0.029378967027485457 0.0354035233731853 0.04042627897392343 0.028530991445785397 0.020282122387812723 0.018893097767992244 0.02002305066944927 0.026509252806803163 0.03054493877425645 0.02229104581114542 0.01268721250717162 0.012087664777016465 0.013054766516149712 0.019204068980962934 0.024050434420784087
0.0 0.0 0.0 0.0
0.0 0.0 0.0 0.0 0.0
0.0 0.0 0.0 0.0 0.0 0.0 0.0 0.0 0.0 0.0 0.0 0.0 0.9999047854214149 0.0
0.0 0.0 0.0 0.0 0.0 0.0 0.0 0.0 0.0 0.0 0.0 0.01704617202538715 0.09913760285986167 0.04431696217636129 0.0 0.02454714680389081 0.16160435776654233 0.2852491414962534 0.3680985227640391
0.0 0.0 0.0 0.0 0.0 0.0 0.0 0.0 0.0 0.0 0.0 0.0 0.0 0.0 0.0 0.0 0.9999986411996211
0.0
0.0 0.0 0.0 0.0 0.0 0.0 0.0 0.0 0.0 0.0 0.0 0.0 0.0 0.0 0.0 0.0 0.0625562642470519 0.170969954222239 0.24197746617081134 0.21507988076707707 0.1648858971801417 0.14453046856037602
0.0
0.0 0.0 0.0 0.0 0.0 0.0 0.0 0.0 0.0 0.0 0.0 0.007629125360854413 0.014777701632463988 0.01137610801950016 0.007154287259365756 0.010873110079012477 0.021256045001367185 0.03180599937696866 0.042021771173428646 0.039052129376539145 0.03169716734614335 0.028835136362571543 0.03461214170048627 0.04420825336631976 0.0513255808369993 0.05547341018343728 0.048023696041715684 0.039971634323446074 0.041353477851469644 0.05042173620871937 0.05833335791361375 0.06442299493347683 0.06165305811724368 0.047725287951914795 0.0457759374644721 0.05074844781016724 0.05947239466659471
0.0 0.0 0.0 0.0 0.0 0.0 0.0 0.0 0.0 0.0 0.0 0.9999992219606477
0.0 0.0 0.0
0.0 0.0 0.0
0.0 0.0 0.0 0.0 0.0 0.0 0.0 0.0 0.0 0.0 0.0 0.0 0.0003526889595774795 0.0 0.0 0.0 0.006710132911969593 0.01617205110587573 0.021952181039617772 0.02125789873321648 0.015802865365221765 0.01430891687093501 0.018832945233999747 0.025538361288565247 0.031066958080323268 0.03339068244291953 0.02909736461816894 0.02311570511886139 0.024675445220048747 0.031034795467143033 0.03676731691268211 0.04193347331427077 0.040794095634587996 0.029447731808557878 0.02848969652233813 0.03339977400226835 0.03884009468551041 0.045197049844389145 0.04837147043766748 0.0365942840089465 0.02865182933072542 0.029228850073267466 0.033580138808704627 0.039532617335263545 0.045994663099518426 0.03400841968512592 0.022283240886228302 0.019987817668056584 0.023943330295712044 0.02964510662925968
0.0 0.0 0.0 0.0 0.0 0.0 0.0 0.0 0.0
0.0 0.0 0.0 0.0 0.0 0.0 0.0 0.0 0.0 0.0 0.0
0.0 0.0 0.0 0.0 0.0 0.0 0.0 0.0 0.0 0.0 0.0 0.014093705127220016 0.0261405259986367 0.01800860754460463 0.011941830746259307 0.015806515238136785 0.02516905499027071 0.03805450715699438 0.04668046359727563 0.046052457405259414 0.037631644817972806 0.034148229648163955 0.04069356796133411 0.05034338971428254 0.06012532572069196 0.06344349731539707 0.05589243017951014 0.04593630326295478 0.047014819865339195 0.05646836449371318 0.06627617522578519 0.07366538426469244 0.07218496304500693 0.05422822586166048
0.0 0.0 0.0 0.0 0.0 0.0 0.0 0.0 0.0 0.0 0.0 0.0 0.005248218369119447 0.0006778906837545128 0.0 0.0009037127524817518 0.009898884020367161 0.0173202711757257 0.022462437174420907 0.02211208679039038 0.017477551286908897 0.015519637311926923 0.019786083737020004 0.025460857384949222 0.03107383603464936 0.03296839114666037 0.028786259372079424 0.023018681522182165 0.024032557375266807 0.029826050698029478 0.03501115595435169 0.039634118858743274 0.03770663322345328 0.028046953485818857 0.026994427832684936 0.03178593067440124 0.03648181435761413 0.04185650470250177 0.04377424969454235 0.03376685580201371 0.026809087519847462 0.027437761146082575 0.030828711406822366 0.03716133592888517 0.04256158429184008 0.030747524485793994 0.021388955733745812 0.01993509770599613 0.022440274976936 0.027386913201046643 0.03167069618384969
0.0 0.0 0.0 0.0 0.0
0.0
0.0 0.0 0.0 0.0 0.0 0.0 0.0 0.0 0.0 0.0 0.0 0.003103015584820615 0.006373504413594219 0.0046700331124698785 0.0025989212800052557 0.004914201797825584 0.008717938449169625 0.013997468272824285 0.017418572977789874 0.017320490847486963 0.01391960860450903 0.012668048725216126 0.015312183475043943 0.01947032355721584 0.023121785707725377 0.02440300945081721 0.021265529559722676 0.017573590588610088 0.018711056230474206 0.02222300253124555 0.025809842113952253 0.029166643217392423 0.028010454255044462 0.021168340534996506 0.020314308327237 0.023324775846667728 0.026423724611451396 0.030301461439154055 0.031562462720258234 0.024804938856978837 0.019648434326520383 0.020110233702951463 0.022704641610131394 0.026641642372176436 0.03013212224247823 0.022316714823547974 0.015674592959434738 0.014523794527174972 0.015321975739760364 0.019502092598445663 0.02218970245188417 0.01588941674726892 0.009892946421884647 0.00931615970244804 0.010822733120528517 0.014386192475101226 0.017940497497512333 0.014603599889782415 0.008594976949228901 0.007773351715254031 0.008626745990458722 0.011884922720924384 0.014840177177735813 0.013621311341877213 0.008988677025433404 0.007860844165147002 0.008429433451254228 0.01076557436361703 0.01356587500286373 0.014125373750064832 0.011435626822567692 0.009200374943748991
0.0 0.0 0.0 0.0 0.0 0.0 0.0 0.0 0.0 0.0 0.0 0.0 0.0 0.0 0.0 0.0 0.004584270595877165 0.012487941797598904 0.017992227360397232 0.017296146613291513 0.012583951526929826 0.011371884846137933 0.015355573951413145 0.021372700935282384 0.02574488028093405 0.027459088872339728 0.024016174261237234 0.019252727703029396 0.020391082107580404 0.025387059248012944 0.03078312457145485 0.03492269165922948 0.03358582458165524 0.024114715935790832 0.023944258849347932 0.02793464535811539 0.03256206111734352 0.03734249621123901 0.039801423400721535 0.03079080208277523 0.02379283218990129 0.024331115576677498 0.028128420843302637 0.033237722951363124 0.0364635845163602 0.027794530776518455 0.018918102555374114 0.01653096826430237 0.02003669145205776 0.024638175191666525 0.028678016307928555 0.019831563051194632 0.012063595945843225 0.010427142575469481 0.013332672231971555 0.018433316720883528 0.022833224950506145 0.01804466312920238 0.010583510611882964 0.010063645084710431 0.010758745723988019
0.0 0.0 0.0 0.0 0.0 0.0 0.0 0.0 0.0 0.0 0.0 0.0 0.0016218658016423284 0.0 0.0 0.0 0.043495683540373635 0.11239169981029049 0.1571636257741113 0.15007237538551207 0.11526486976317284 0.10100474422318867 0.135970660560534 0.18301442799810094
0.0 0.0 0.0 0.0 0.0 0.0 0.0 0.0 0.0 0.0 0.0 0.0 0.0011488925659200273 0.0 0.0 0.0 0.021499641061433098 0.05006519998849521 0.06934554975833085 0.06780883718213027 0.05398446794453722 0.04548869140763808 0.06075492972641004 0.08230361975218033 0.10031567023564791 0.10483654349834691 0.09100891982710117 0.07310411068114173 0.07927978596972513 0.09905511960083392
0.0 0.0 0.0 0.0 0.0 0.0 0.0 0.0 0.0 0.0 0.0
0.0 0.0 0.0 0.0 0.0 0.0 0.0 0.0 0.0 0.0 0.0 0.0 0.0 0.0 0.0 0.0 0.02079455661579724 0.05111597072222432 0.06902550193279121 0.06823876869733726 0.051740381922537174 0.04536457761695224 0.059272031064557786 0.08294788154454766 0.1009390402153148 0.10729634229658766 0.09269870923787935 0.07423177908480211 0.07869781178345409 0.09763662639692712
0.0 0.0 0.0 0.0 0.0 0.0 0.0 0.0 0.0 0.0 0.0 0.0 0.9999947439046607
0.0 0.0 0.0 0.0 0.0 0.0 0.0 0.0 0.0 0.0
0.0 0.0 0.0 0.0 0.0 0.0 0.0 0.0 0.0 0.0 0.0 0.0
0.0 0.0 0.0 0.0 0.0 0.0 0.0 0.0 0.0 0.0 0.0 0.0 0.0 0.0 0.0 0.0 0.013183440558100267 0.035410863626087 0.050831436490992116 0.048450346578040614 0.03543955145636352 0.032405669389408864 0.0431473608271657 0.060140925446148664 0.07233060343376636 0.07801862825606354 0.06608725595310434 0.05416556147240711 0.057396110713185164 0.07290389919061771 0.08693593498527113 0.09800932225983967 0.09514307389992253
0.0 0.0 0.0 0.0 0.0 0.0 0.0 0.0 0.0 0.0 0.0 0.0 0.0 0.0 0.0 0.0 0.9999982546149309
0.0 0.0 0.0 0.0 0.0 0.0 0.0 0.0 0.0 0.0 0.0 0.0 0.0 0.0 0.0 0.0 0.11738821893762773 0.37006371618618544 0.5125479029258644
0.0 0.0 0.0 0.0 0.0 0.0 0.0 0.0 0.0 0.0 0.0 0.0 0.0 0.0 0.0 0.0 0.0 0.016834186337736274 0.026439356854526034 0.026334596677857137 0.018913307605829297 0.015254742555060386 0.023317744072264484 0.034293063470709415 0.04281155381918337 0.046469743116090485 0.03977621412359032 0.03130574511865398 0.0337044826215912 0.04412827050169107 0.053369560978716986 0.060526920538218884 0.05890043237204606 0.041806637691194505 0.04081389598832785 0.049357035790135666 0.057948272086253444 0.06880876110453332 0.07290282488112451 0.054122722019302114 0.04185991958879727
0.0 0.0 0.0 0.0 0.0 0.0 0.0 0.0 0.0 0.0 0.0 0.0 0.0 0.0
0.0 0.0 0.0 0.0 0.0 0.0 0.0 0.0 0.0 0.0 0.0 0.0 0.0 0.0 0.0 0.0 0.009120052021960293 0.026820883738302017 0.037765793992030054 0.03638013739918943 0.027226217379402437 0.02411784771468419 0.032585929504180225 0.04592829714867157 0.05525890800132811 0.061124520525067234 0.051609913093005964 0.041430302337439266 0.044411948867812585 0.05538554094127136 0.06681714018640525 0.07673879495319864 0.07194288803325369 0.053181730930891374 0.05094256471505714 0.06045455650947001 0.0707560199016915
0.0 0.0 0.0 0.0 0.0 0.0 0.0 0.0 0.0 0.0 0.0 0.025111613937650493 0.07492861002867365 0.042346167694637595 0.015316874411700307 0.03779049156839398 0.10426765190324178 0.15745246366039167 0.19189969991325295 0.19529584065524724 0.15559053810367965
0.0 0.0 0.0 0.0 0.0 0.0 0.0 0.0 0.0 0.0 0.0 0.0 0.0 0.0 0.0 0.0 0.045389884673683684 0.11406912937446334 0.15585731154917498 0.15300710355351996 0.11511317181913658 0.10164516367436645 0.13170389837068805 0.18321429021293598
0.0 0.0 0.0 0.0 0.0 0.0 0.0 0.0 0.0 0.0 0.0 0.0 0.0 0.0 0.0 0.0 0.009156574413989793 0.023234449257549295 0.03174536211898366 0.0304442835757327 0.02363583605290811 0.0209697030858497 0.02705320844833533 0.03710781335807022 0.045984060308693446 0.04944335281149083 0.0418215279608398 0.03327873319649828 0.035312529973968 0.0445792065249376 0.0532199091285838 0.061154614915525436 0.05842273877839241 0.04217095644436544 0.040988498373571707 0.048233112949472 0.056011731726171965 0.06576024209136588 0.06747069557859763 0.05280084943804363
0.0 0.0 0.0 0.0 0.0 0.0 0.0 0.0 0.0 0.0 0.0 0.16562168885310075 0.2734719104541513 0.21935138588618777 0.13395784176877074 0.20759702054946447
0.0
0.0 0.0 0.0 0.0 0.0 0.0 0.0 0.0 0.0 0.0 0.0 0.022702866455931 0.040821421095261844 0.03208851754391376 0.02039789797197561 0.03175196772272939 0.054528009249731536 0.08514904746064704 0.10504656116027898 0.10846053438759837 0.08374012668642002 0.07679691330566916 0.09166782692727092 0.11443073209511745 0.13241755310460593
0.0 0.0 0.0 0.0 0.0 0.0 0.0 0.0 0.0 0.0 0.0 0.0 0.0 0.0 0.0 0.0 0.13554139016493927 0.34754557030982003 0.5169128928665488
0.0 0.0 0.0 0.0 0.0 0.0 0.0 0.0 0.0 0.0 0.0 0.0 0.999998482723457
0.0 0.0 0.0 0.0 0.0 0.0 0.0 0.0 0.0 0.0 0.0 0.0 0.06021268184676954 0.0 0.0 0.0 0.3125724405874537 0.6272146463554729
0.0
0.0 0.0 0.0 0.0 0.0 0.0 0.0 0.0 0.0 0.0 0.0 0.0 0.0475942913400467 0.016759666854096834 0.0 0.014344230643900538 0.0857596348617805 0.15195534406882197 0.20003757338460015 0.1942564154975775 0.153148548167597 0.1361442439174485
0.0 0.0 0.0 0.0 0.0 0.0 0.0 0.0 0.0 0.0 0.0 0.0 0.0 0.0 0.0 0.0 0.03879688598131114 0.11652206484318285 0.15228184981649484 0.15227347763177812 0.11386335018357648 0.10099967037034678 0.13497690801505904 0.19028574430191983
0.0 0.0 0.0 0.0 0.0 0.0
0.0 0.0 0.0 0.0 0.0 0.0 0.0 0.0 0.0 0.0 0.0 0.0 0.0 0.0 0.0 0.0 0.0 0.058636821315340565 0.0917404462073985 0.08759349993669836 0.06182052906759674 0.05664642167929746 0.07837907020827363 0.11957291523065837 0.15090689343031444 0.15867465380943727 0.13602871437998054
0.0 0.0 0.0 0.0 0.0 0.0 0.0 0.0 0.0 0.0 0.0 0.0 0.0 0.0 0.0 0.0 0.0024755263174389658 0.02750448659766943 0.04414307617938055 0.04212552009717142 0.029598970463301965 0.027049015601045265 0.038536857287581244 0.057218604907949853 0.06949754704874017 0.07621781678827813 0.06343744204333493 0.049884253955886214 0.055486449683100784 0.07133137861491273 0.08671279022093102 0.09777015329689957 0.09251126761424969 0.06849882691909746
0.0 0.0
0.0 0.0 0.0 0.0
0.0 0.0 0.0 0.0 0.0 0.0 0.0 0.0 0.0 0.0 0.0 0.026637004449031308 0.0457111593117797 0.037080503474463095 0.02455740976178206 0.0342205717350803 0.05581428342431641 0.08331316196704991 0.10357685068160352 0.10081668400289688 0.08331173929238786 0.07471718382462073 0.08803466350172304 0.11266187323911184 0.12954688746563325
0.0 0.0 0.0 0.0 0.0 0.0 0.0 0.0 0.0
0.0 0.0 0.0 0.0 0.0 0.0 0.0 0.0 0.0 0.0 0.0 0.0 0.0 0.0 0.0 0.0 0.00040121766878747754 0.011093247203230279 0.019011418302052545 0.01877674613425768 0.01231196030578809 0.010175146396017735 0.01513372606209539 0.022336972529130528 0.027880660271862555 0.03035641233352759 0.026010260200824146 0.019974625694280934 0.021927377221187056 0.02849323521237734 0.03525308100056389 0.03933920693729362 0.038250556068436185 0.02786685313636206 0.025856661960345344 0.03191072235946039 0.037912748037952575 0.044327759388621456 0.046006628448339845 0.03549595883251741 0.027215755796443763 0.028722060230262747 0.03286734556607645 0.03887585715875392 0.0449574335574429 0.03313543001906824 0.020685472061845497 0.02131568672351572 0.02421867381427966 0.029520319032188085 0.03402881556237776 0.023580941388440132 0.014773020789109182
0.0 0.0 0.0 0.0 0.0 0.0 0.0 0.0 0.0 0.0 0.0 0.0 0.002351462558426168 0.0 0.0 0.0 0.07222434303544392 0.16707236944567727 0.22199884507489415 0.21628967351049427 0.1702572460775897 0.14980599373458048
0.0 0.0 0.0 0.0 0.0 0.0 0.0 0.0 0.0 0.0 0.0 0.0 0.0 0.0 0.0 0.0 0.12405988871436935 0.362792186595505 0.5131477661639333
0.0 0.0 0.0 0.0 0.0 0.0
0.0 0.0 0.0 0.0 0.0 0.0 0.0 0.0 0.0 0.0 0.0 0.0 0.009388996652151736 0.0 0.0 0.0 0.021890553936553942 0.06330269348774352 0.0847047196334551 0.08203031532259153 0.06180645332200854 0.05403472042231716 0.07116686841003106 0.09848216548687327 0.11977269523390256 0.1321163464511354 0.11216490543142764 0.08913854088866925
0.0 0.0 0.0 0.0 0.0 0.0 0.0 0.0 0.0 0.0 0.0 0.0 0.0 7.641882995373959e-05 0.0 0.0 0.01875362589386126 0.04477955691120919 0.06303746866608936 0.06084197445593525 0.0454572438236106 0.04219897855157026 0.054058151844209285 0.07251409892912426 0.08915754990705638 0.0976313481722816 0.08355790625266633 0.06603386559089969 0.06981739732469668 0.08737300682067532 0.10471138936053434
0.0 0.0 0.0 0.0 0.0 0.0 0.0 0.0 0.0
0.0 0.0 0.0 0.0 0.0 0.0 0.0 0.0 0.0
0.0 0.0 0.0 0.0 0.0 0.0 0.0 0.0 0.0 0.0 0.0 0.0 0.0 0.0 0.0 0.0 0.0 0.026405326952053047 0.04275585063176281 0.041894507715569046 0.028785418640787538 0.025007131496177528 0.037345075819752195 0.055833345569083245 0.07020793472240375 0.07682325151244022 0.0640754506919195 0.049999704909407305 0.0553773988010175 0.07160997103420591 0.08878442025946925 0.10009227180323452 0.0956923854914001 0.06931053731993088
0.0 0.0 0.0 0.0 0.0 0.0 0.0 0.0 0.0 0.0 0.0 0.0 0.9999954532726588 0.0
0.0 0.0 0.0 0.0 0.0 0.0 0.0 0.0 0.0 0.0 0.0 0.0
0.0 0.0 0.0 0.0 0.0 0.0 0.0 0.0 0.0 0.0 0.0 0.0 0.0 0.0 0.0 0.0 0.0215492113450311 0.05470109889832083 0.07754222766767738 0.07472227542017747 0.05629919743293187 0.049024772038604926 0.06803760526142551 0.09251558739681513 0.11155999863042404 0.12003241480903279 0.10267724773208302 0.08223227995180589 0.08910605933425607
0.0 0.0 0.0 0.0 0.0 0.0 0.0 0.0 0.0 0.0 0.0 0.0 0.0 0.0
0.0 0.0 0.0 0.0 0.0 0.0 0.0 0.0 0.0 0.0 0.0
0.0 0.0 0.0 0.0 0.0 0.0 0.0 0.0 0.0 0.0 0.0 0.0 0.9999809610365793
0.0 0.0 0.0 0.0 0.0 0.0 0.0 0.0 0.0 0.0 0.0 0.2518312845664941 0.41825143393666137 0.3299170752690322
0.0 0.0 0.0 0.0 0.0 0.0 0.0 0.0 0.0 0.0 0.0 0.0 0.0013478350804111332 0.0 0.0 0.0 0.010868332541186536 0.024351377559742964 0.03221348612625812 0.030651643911182098 0.024339326740570478 0.020690590921589272 0.02725765680447509 0.03770165337869554 0.044775344107140964 0.04790708577104206 0.04209796036378392 0.03378436645571351 0.03535874993027718 0.04445319488298344 0.05336778836583055 0.060508178977137644 0.0581016584135529 0.04256219715353333 0.04143565574961231 0.047788189026067 0.05525493263566155 0.06376253071982857 0.06796406283689653 0.05145619214314375
0.0 0.0 0.0 0.0 0.0 0.0 0.0 0.0 0.0 0.0 0.0 0.0 0.00048026911666656786 0.0 0.0 0.0 0.01415848523989364 0.03456605168384894 0.04704325268080511 0.04615971340005082 0.03519700069335278 0.031024310532670813 0.041140772097072724 0.05567261272330799 0.06658529191088845 0.07278860561167308 0.06296781581182496 0.05070107159633603 0.0530823511051596 0.0668835970185537 0.08030237617844055 0.0904709779364492 0.08790220439809027 0.06287322612726162
0.0 0.0 0.0 0.0 0.0 0.0 0.0 0.0 0.0 0.0 0.0 0.0 0.0 0.0 0.0 0.0 0.007180258449433883 0.017223037935730892 0.0243266008069553 0.024191942841508964 0.017917428913468255 0.015380502312400058 0.020531971965897667 0.02783844265844333 0.033035534998944446 0.03570385704343566 0.0311126992367816 0.024818347069986195 0.027065698530823357 0.03311867668921612 0.03956531496464838 0.0450661375812559 0.04193827352338332 0.032108294667123435 0.030429411358188115 0.034914642441730225 0.04059006260790826 0.04670171354139781 0.04753555102497057 0.03688715273276425 0.0292828979736063 0.03168458777467563 0.035274835397369225 0.04097135671405292 0.04512023230125544 0.03389021052640809 0.02481503192663992 0.02377928642688208
0.0 0.0 0.0 0.0 0.0 0.0 0.0 0.0 0.0 0.0 0.0 0.0 0.999995933490412
0.0 0.0 0.0 0.0 0.0 0.0 0.0 0.0 0.0 0.0 0.0 0.0 0.09551054348368637 0.01968103693187572 0.0 0.0237057044302497 0.1692229709505811 0.300095769145712 0.3917838724397858
0.0 0.0 0.0
0.0 0.0 0.0 0.0 0.0 0.0 0.0
0.0 0.0 0.0 0.0 0.0 0.0 0.0 0.0 0.0 0.0 0.0 0.0 0.0 0.0 0.0 0.0 0.006390503263451878 0.016283806575806418 0.02204696588396072 0.02121875433011369 0.016484600099027576 0.014181449991799763 0.019559170675079215 0.02611888668012413 0.031291813772454706 0.03363303859842416 0.029253408888539393 0.023324814680534902 0.025231217329435424 0.031518237359264595 0.037044108699126305 0.04252647312950503 0.03974168523772829 0.02962363737933846 0.028871624646526907 0.03324310607029965 0.03895890655189982 0.04499323094515185 0.04572153957291024 0.03675807916481816 0.02869280680403212 0.029738108453324353 0.03380869589357852 0.03887826321116688 0.04209836711553449 0.03363037188660568 0.02278268204454822 0.02202187903944612 0.02476108591254772 0.02956867348574644
0.0 0.0 0.0 0.0 0.0 0.0 0.0 0.0 0.0 0.0 0.0 0.036857288063848755 0.2712284410607441 0.12353434289420634 0.0 0.07065113903010921 0.4977284926141063
0.0 0.0 0.0 0.0 0.0 0.0 0.0 0.0 0.0 0.0 0.0
0.0 0.0 0.0 0.0 0.0
0.0 0.0 0.0 0.0 0.0 0.0 0.0
0.0 0.0 0.0
0.0 0.0 0.0 0.0 0.0 0.0 0.0
0.0 0.0 0.0 0.0 0.0 0.0 0.0 0.0 0.0 0.0 0.0 0.16549566000646157 0.4208644703930277 0.29597603924567956 0.11766351015919642
0.0 0.0 0.0
0.0 0.0 0.0 0.0 0.0 0.0 0.0 0.0 0.0 0.0 0.0 0.0 0.7762709098589011 0.22372837137349214 0.0
0.0 0.0 0.0 0.0 0.0 0.0 0.0 0.0 0.0
0.0 0.0 0.0 0.0 0.0 0.0 0.0 0.0 0.0 0.0 0.0 0.0 0.019742128644117347 0.005758374751128191 0.0 0.005857745971904681 0.0320170189560984 0.05337888510652472 0.06985013368240137 0.06805314845278015 0.05443259503249429 0.0478825316403685 0.05901023343864146 0.07738265971012868 0.09153582680295916 0.09731917828275961 0.0850837953968285 0.06915493690740035 0.07331433229133057 0.09022645695722906
0.0 0.0 0.0 0.0 0.0 0.0 0.0 0.0 0.0 0.0 0.011792270657383265 0.3806106615056244 0.6075967730736483
0.0
0.0 0.0 0.0 0.0 0.0 0.0 0.0 0.0 0.0 0.0 0.0 0.0 0.0 0.0 0.0 0.0 0.008242272467750061 0.02166185656250584 0.030288059439019802 0.02949433714012321 0.02266356248993036 0.020603582909343252 0.02616114019578856 0.03575547683921662 0.04320515290369696 0.046071478461421365 0.040484989069170335 0.03217519698185716 0.03473323184611399 0.04277485606593545 0.051647459494488235 0.05898884487049292 0.05670798503874279 0.041266974759108004 0.039540328520174084 0.046687582195666315 0.05397758578942641 0.0633146723411385 0.06492129128263784 0.04879737412823026 0.039834699049527585
0.0 0.0 0.0 0.0 0.0 0.0 0.0 0.0 0.0 0.0 0.0 0.019295166342598435 0.0360074000380847 0.02703139906518171 0.015991088689785587 0.02641200769369845 0.048305053544932516 0.07375923021693788 0.09349204394996781 0.09039295182661959 0.0748496941032485 0.06744804112707505 0.0795848926841265 0.10287193868645535 0.11834555389020063 0.126213516095661
0.0 0.0 0.0 0.0 0.0 0.0 0.0
0.0 0.0 0.0 0.0 0.0 0.0 0.0 0.0
0.0 0.0
0.0 0.0 0.0 0.0
0.0 0.0 0.0 0.0 0.0 0.0 0.0 0.0 0.0 0.0
0.0 0.0 0.0 0.0 0.0 0.0 0.0 0.0 0.0 0.0 0.0 0.0 0.9999982331783394 0.0 0.0 0.0
0.0 0.0 0.0 0.0 0.0 0.0 0.0 0.0 0.0 0.0 0.0 0.0 0.0022795361524685018 0.0 0.0 0.0 0.008732670328672722 0.02510131416071373 0.035054054548068196 0.03453703443388816 0.0269241340778795 0.022966284428470703 0.030479214904506186 0.04239948800802971 0.051219539111228944 0.054822004505241766 0.04730956933827303 0.03834530074513726 0.040310769673528174 0.051301430210265606 0.062095287944479445 0.0699963756258278 0.0661382482018588 0.04934495939658738 0.04682796382236591 0.054597877152535584 0.06455928544855824 0.07465764670153838
0.0 0.0 0.0
0.0 0.0 0.0 0.0 0.0 0.0 0.0 0.0 0.0 0.0 0.0 0.07381717359438655 0.14616702963912104 0.10174289284244306 0.05999679212978715 0.10225332430680471 0.20679563632540462 0.3092270583314954
0.0 0.0 0.0 0.0 0.0 0.0 0.0 0.0 0.0 0.0 0.0 0.0 0.9999990985300512
0.0 0.0 0.0 0.0 0.0 0.0 0.0 0.0 0.0 0.0 0.0 0.0 0.0 0.0 0.0 0.0 0.006877568646464914 0.02156154113671638 0.030746108528886464 0.03007967902761456 0.022075606040281984 0.019538036230656534 0.026441477416297182 0.03722233999226268 0.045047182160554276 0.048322358556467084 0.04163877874925577 0.033382972948321474 0.0353599588081251 0.044778372735035724 0.05433818395286122 0.060895455716756586 0.05964120801389893 0.04405526654766051 0.04166189106021218 0.04818721778284932 0.05770831219951853 0.06625817431341739 0.06970993170928064 0.05447236784736295
0.0 0.0 0.0 0.0 0.0 0.0 0.0 0.0
0.0 0.0 0.0 0.0 0.0 0.0 0.0 0.0 0.0 0.0 0.0 0.11552679986452473 0.20844926439268943 0.15583434190925685 0.10149187474198344 0.13838100565011333 0.28031659036971124
0.0 0.0 0.0 0.0 0.0 0.0 0.0 0.0 0.0 0.0 0.0 0.0 0.026799914365344683 0.02747934271273975 0.0 0.008308975496071213 0.05149850276969384 0.09010667661628408 0.11883327193789119 0.11607885117786439 0.0918034235160539 0.08077662063235755 0.1001241408107462 0.13126749468349014 0.15692275468034592
0.0 0.0 0.0 0.0 0.0 0.0 0.0 0.0 0.0 0.0 0.0
0.0 0.0 0.0 0.0 0.0 0.0 0.0
0.0 0.0 0.0 0.0 0.0 0.0 0.0 0.0 0.0 0.0 0.0 0.0 0.0 0.0 0.0 0.0 0.01851673762600999 0.05260835004621569 0.06964396374814415 0.06684961138896395 0.04962411206230631 0.04648193032967884 0.0600021720390514 0.08231108449772334 0.09922374605380012 0.1070080935960577 0.09329170629630555 0.0746326748357035 0.08041383336982914 0.09939196256666247
0.0 0.0 0.0
0.0 0.0 0.0 0.0 0.0 0.0 0.0 0.0 0.0 0.0 0.0 0.017885518826323776 0.036089283125864194 0.022277984130228586 0.014827404726287251 0.02174365213724993 0.03637604293851672 0.0572589843273904 0.0712516801619708 0.06922489088878814 0.05593202701641388 0.050981692493824934 0.060480626691883255 0.07641853251474043 0.08943227693045033 0.09482451978487079 0.08339393106883727 0.06993100765995228 0.07166992803654865
0.0 0.0
0.0 0.0 0.0 0.0 0.0 0.0 0.0 0.0 0.0 0.0 0.0 0.0 0.7606429686717043 0.2393563029416056
0.0 0.0 0.0 0.0 0.0 0.0 0.0 0.0 0.0 0.0 0.0 0.0 0.999957113924931 0.0 0.0
0.0 0.0 0.0 0.0 0.0 0.0 0.0 0.0 0.0 0.0 0.0 0.07292114590641495 0.1151156119656855 0.08951994816068883 0.06167024007284515 0.08448278064633848 0.1309980581196358 0.1993223057796894 0.2459698529901508
0.0 0.0 0.0 0.0 0.0 0.0 0.0 0.0 0.0 0.0 0.0 0.0 0.0 0.0 0.0 0.0 0.9999952360520137
0.0 0.0 0.0 0.0 0.0 0.0 0.0 0.0 0.0 0.0 0.0 0.0 0.0 0.0 0.0 0.0 0.006097183377979956 0.016125638866465477 0.024039926375871677 0.0221739205069298 0.016919432870233363 0.01479768742214221 0.019935157287384524 0.027511219054969813 0.03263721446713707 0.0355714269676324 0.03054826863491141 0.024283812628495303 0.02634217796078036 0.03312682721485862 0.039992068264355564 0.0444069723345412 0.04290224936312766 0.031211838421233127 0.031154249656743217 0.035248302039056496 0.04143487248898672 0.04784378752963551 0.04853496095307175 0.03839046193914791 0.03057928213308126 0.031758336311322063 0.03555979014022138 0.04196713556228915 0.04628672589726169 0.03443155912913849 0.024821867053113914 0.023365639883376088
0.0 0.0 0.0 0.0
0.0 0.0 0.0 0.0 0.0 0.0 0.0 0.0 0.0 0.0 0.0
0.0 0.0 0.0 0.0 0.0 0.0 0.0 0.0 0.0
0.0 0.0 0.0 0.0 0.0 0.0 0.0 0.0 0.0 0.0 0.0
0.0 0.0 0.0 0.0 0.0 0.0 0.0 0.0 0.0 0.0 0.0 0.022117065599331426 0.04222462919790589 0.03206956258169878 0.01913693303790698 0.031854449356854164 0.05398415215607855 0.08411722766973526 0.10586481898775175 0.1044809051861404 0.08500014670225678 0.07845108167328402 0.09170160700104986 0.11487018124036372 0.13412721448169787
0.0 0.0 0.0 0.0 0.0 0.0 0.0 0.0 0.0 0.0 0.0 0.0 0.0 0.0 0.0 0.0 0.01240390249732479 0.04052234902633029 0.05452005853633852 0.05325439018218477 0.03959650825008471 0.03447532493535181 0.047707834684036464 0.06549432130208309 0.08020420597824551 0.08599929794094387 0.07485747223036603 0.05994907182844634 0.06345418041257368 0.0806998422803829 0.0961094948898397 0.11075172749630327
0.0 0.0 0.0 0.0 0.0 0.0 0.0 0.0 0.0 0.0 0.0 0.0 0.009502002243241539 0.008199695564466973 0.0 0.0026882675772215035 0.014925159046934606 0.025823712147732516 0.033857358444822024 0.03291614354251053 0.02695632118907057 0.023254613896952825 0.028678222711095686 0.03745064780191088 0.04496712957151598 0.04739158447836197 0.041673975153089564 0.03312419749525804 0.03470106823582105 0.04291693931709847 0.05101063843108902 0.05670080426476686 0.055433108671862144 0.04173163877189885 0.03923182726578026 0.04457252444884684 0.05172068227479217 0.05962957368773885 0.06296657311979517 0.047975581979494315
0.0 0.0 0.0 0.0 0.0
0.0 0.0 0.0 0.0 0.0 0.0 0.0 0.0
0.0 0.0 0.0 0.0 0.0 0.0 0.0 0.0 0.0 0.0 0.0 0.0 0.9999993099900246
0.0 0.0 0.0 0.0 0.0 0.0 0.0 0.0 0.0 0.0 0.0 0.0 0.9999899939326046 0.0
0.0 0.0 0.0 0.0 0.0 0.0 0.0 0.0 0.0 0.0 0.0 0.0 0.0 0.0 0.0 0.0 0.009056069015918806 0.023821671878132927 0.03377044584149727 0.03277666378865464 0.024651673999045734 0.021875611604151433 0.028142392138771236 0.03892660768393596 0.047669684159331 0.05057770936562099 0.043927111529194755 0.03583364080746861 0.03768730475952427 0.047131252044624476 0.05682802249125239 0.06458022292715569 0.06074368919867389 0.04512356938497148 0.04328763956567256 0.05156128311515407 0.05982971074323656 0.06932402892641891 0.07287398503060492
0.0 0.0 0.0 0.0 0.0 0.0 0.0 0.0 0.0 0.0 0.0 0.0
0.0 0.0 0.0 0.0 0.0 0.0 0.0 0.0 0.0 0.0 0.0 0.0 0.0 0.0 0.0 0.0 0.9999730358394914
0.0 0.0 0.0 0.0 0.0 0.0 0.0 0.0 0.0 0.0 0.0 0.0 0.0 0.0 0.0 0.0 0.0 0.01828300339245129 0.030554580452075968 0.029158722722376334 0.02021545864348942 0.01773936412891744 0.02539289959262035 0.03810257361311286 0.04783048896519589 0.05117716077380011 0.04390161597151186 0.03506598995189673 0.03726787567217122 0.04852317843853131 0.0598403479398934 0.06835532319882744 0.06397192251248643 0.04654361057899572 0.04420768026621689 0.053406207499685235 0.06470627562714433 0.07497824939408236 0.08077745941300983
0.0 0.0 0.0 0.0 0.0 0.0 0.0 0.0 0.0 0.0 0.0 0.027389846055286993 0.04284320829870036 0.035825461367868495 0.023430895618145913 0.03449537778316197 0.055652593191827485 0.08314056753971083 0.10451256788212528 0.10077433864574628 0.08328357760866426 0.0764390617424892 0.08826014812136454 0.11307410401013747 0.13087822799076274
0.0 0.0 0.0 0.0 0.0 0.0 0.0 0.0 0.0 0.0 0.0 0.0 0.005484597758002648 0.0022853964525952376 0.0 0.0017515165219657606 0.01022680319996628 0.01677847417031874 0.02178227203912288 0.020862495421555438 0.01696054016895495 0.015345500319566895 0.01863013739530577 0.024410888908575755 0.028363614565367366 0.030821942505352955 0.02682077688915276 0.021319054523506954 0.022451026461542064 0.027509714627992184 0.03287373267604091 0.0366102263490808 0.03538861551708858 0.026567507479392762 0.02574123995872488 0.028750842935038216 0.03293673791534039 0.037732460357131715 0.03918765666348853 0.0305969713536667 0.023447416451335624 0.025275900073753424 0.027947546941512545 0.033295293491168866 0.03654064592628772 0.027960239542560328 0.019402554995462735 0.017055048027904172 0.020270312756276974 0.024793664464108526 0.02849049896075978 0.02069266425802758 0.012823001917890558 0.011847294625542073 0.013530624830075734 0.018436544018013045
0.0 0.0 0.0 0.0 0.0 0.0 0.0 0.0 0.0 0.0 0.0 0.0 0.0 0.0 0.0 0.0 0.999998287353999
0.0 0.0 0.0 0.0 0.0 0.0 0.0 0.0 0.0 0.0 0.0
0.0 0.0 0.0 0.0 0.0 0.0 0.0 0.0 0.0 0.0
0.0 0.0 0.0 0.0 0.0 0.0 0.0 0.0 0.0 0.0 0.0 0.0 0.0 0.0 0.0 0.0 0.007201069094926757 0.02086781328477823 0.029211855598243523 0.0277662563678408 0.02092842376163149 0.018543886906036616 0.024622973423759298 0.03461825765695087 0.04139101927502335 0.0440900877718643 0.03808650196719151 0.03132010313727354 0.03261568487788903 0.0416653407189631 0.050241854385207556 0.05674960915643246 0.05415575624928049 0.03973715352513026 0.03809142164875428 0.04526477653754413 0.05212471491290879 0.060357113252776415 0.0627610008558515 0.04894804372995466 0.038735571954705575 0.039903701144968384
0.0 0.0 0.0 0.0 0.0 0.0 0.0 0.0 0.0 0.0 0.0 0.0 0.024736095664419852 0.0037543099329433146 0.0 0.003108554885007959 0.029827242471212653 0.05286900566369782 0.06914502322670928 0.0673801749501033 0.05383157670511335 0.048363806804030345 0.05945654229683894 0.07848624580998441 0.09195415834915181 0.09814244217418272 0.08530344709826315 0.06971965631692459 0.07361924093055174 0.0903024586416459
0.0 0.0 0.0 0.0 0.0 0.0 0.0 0.0 0.0 0.0 0.0
0.0 0.0 0.0 0.0 0.0 0.0 0.0
0.0 0.0 0.0 0.0 0.0 0.0 0.0 0.0 0.0 0.0 0.0 0.0 0.0 0.0 0.0 0.0 0.031217726155560982 0.0769711706081423 0.10836666976014896 0.10481789571961776 0.07890530260439467 0.06961955876855985 0.09141746514805196 0.12497298381093502 0.15241974952812373 0.16129144584772379
0.0 0.0 0.0 0.0
0.0 0.0 0.0 0.0 0.0
0.0 0.0 0.0 0.0 0.0 0.0 0.0 0.0 0.0 0.0 0.0 0.0 0.0 0.0 0.0
0.0 0.0 0.0 0.0 0.0
0.0 0.0 0.0 0.0 0.0
0.0 0.0 0.0 0.0 0.0 0.0 0.0 0.0 0.0 0.0 0.0 0.0 0.0 0.0 0.0 0.0 0.05216707999831372 0.1371133375011293 0.19357122192135054 0.18434667569790186 0.1412043627979887 0.1236788963168404 0.16791836753867906
0.0 0.0 0.0 0.0 0.0 0.0 0.0 0.0 0.0 0.0 0.0 0.0 0.020605193210593294 0.0 0.0 0.0 0.14767821072973902 0.3446437667999544 0.4870726841266956
0.0 0.0 0.0 0.0 0.0 0.0 0.0 0.0 0.0 0.0 0.0 0.0 0.0 0.0 0.0 0.0 0.9999988143271935
0.0 0.0 0.0 0.0 0.0 0.0 0.0 0.0 0.0 0.0 0.0 0.0
0.0 0.0 0.0 0.0 0.0 0.0 0.0 0.0 0.0 0.0 0.0 0.0 0.0 0.0 0.0 0.0 0.009281924438974801 0.024450204571509246 0.03278754054134993 0.03186319085762953 0.025496583322346607 0.021760645169200208 0.028278354060039687 0.039148408163274265 0.04741641790683592 0.0509560808408504 0.044004374864638325 0.03538705039382556 0.037849920490635104 0.046878133304727454 0.05723234064898258 0.06346760107598201 0.061263325257626185 0.04596414528278424 0.0429437581468985 0.05049986954533678 0.05971250503019722 0.0692895131968339 0.07406810288435103
0.0 0.0 0.0 0.0 0.0 0.0
0.0 0.0
0.0 0.0 0.0 0.0 0.0 0.0 0.0 0.0 0.0 0.0 0.0 0.0005734128277863584 0.10066815261811887 0.0292170999999223 0.0 0.025278732870540874 0.11693120841142456 0.2045761512844976 0.2628115003613582 0.2599436733672231
0.0
0.0 0.0 0.0 0.0 0.0 0.0 0.0 0.0 0.0 0.0 0.0 0.0 0.0 0.0 0.0 0.0 0.030695194184192365 0.09222854794795932 0.127137369857474 0.12379093201427077 0.09096342744485716 0.08042157822587594 0.11041781335958432 0.15678913233592953 0.18755596327535112
0.0 0.0 0.0 0.0 0.0 0.0 0.0 0.0 0.0 0.0 0.0 0.008105357547381441 0.013016119653387332 0.010368323730813457 0.006879188087042585 0.009263031497084994 0.014707307559628461 0.022454572859007777 0.028150918104687273 0.028927755113925833 0.02232380870234038 0.02023662072732568 0.023659922726245827 0.02990446972359566 0.03507338527738804 0.03729209794215144 0.03303287502023862 0.027092683855364744 0.028097443122407802 0.033868130476785156 0.039087716547119684 0.04431833034713318 0.042060450228682406 0.03200287556155965 0.03053770858041975 0.034638170221609525 0.039780989984049525 0.0456347180442422 0.04685014497480758 0.03704254802484725 0.029001003956319313 0.029743997243439665 0.032811037027084586 0.03894820626001724 0.04508808489205206
0.0 0.0 0.0 0.0 0.0 0.0 0.0 0.0 0.0 0.0 0.0 0.020492390963750946 0.037241951745033045 0.028579926156048773 0.016185072499345268 0.02910916426658649 0.0553463620892917 0.08541679755885302 0.10723888713684121 0.10590443023500465 0.08679203978296957 0.07821313856510828 0.09324913316317046 0.11883512534013882 0.13739555443065163
0.0 0.0 0.0 0.0 0.0 0.0 0.0 0.0 0.0 0.0
0.0 0.0 0.0 0.0 0.0 0.0 0.0 0.0 0.0 0.0 0.0 0.0 0.0 0.0 0.0 0.0 0.005636089576450142 0.015890994555815594 0.02215351995543625 0.021989455300556987 0.01614141178519084 0.014331830484837204 0.01896779595940044 0.027171185803256743 0.032630407083551534 0.03542343371382302 0.030642412671428452 0.02456285628047302 0.025746918173698397 0.03278986347490403 0.03958286284641328 0.04428894723986683 0.04253801656621756 0.03133260486782447 0.03038728244526446 0.03593379889941298 0.0417504224361875 0.04859233224103772 0.05056875362771288 0.03772227644747924 0.031235883700393256 0.03200792494102046 0.03613939029266418 0.042909714912956476 0.047966289167599596 0.036837280383815146 0.024524942839639127 0.021603094297141974
0.0 0.0 0.0 0.0 0.0 0.0 0.0 0.0 0.0 0.0
0.0 0.0 0.0 0.0 0.0 0.0 0.0 0.0 0.0 0.0 0.0 0.0 0.0 0.0 0.0 0.0 0.018951774801265888 0.0648279601126246 0.09142244452063196 0.09150148348502705 0.06736638713627081 0.05886219759890581 0.07895578316202086 0.11376181142335816 0.14027389827074968 0.14617114542156506 0.12790508401536987
0.0 0.0 0.0 0.0 0.0 0.0 0.0 0.0 0.0 0.0 0.0 0.05133549113996838 0.08870591570816691 0.06897813179724387 0.0459451208103951 0.06870954191599293 0.10885015680198702 0.163435335487915 0.20564680693174542 0.19839345146838905
0.0 0.0 0.0 0.0 0.0 0.0 0.0 0.0 0.0 0.0 0.0 0.0 0.0 0.0 0.0
0.0 0.0 0.0 0.0 0.0 0.0 0.0 0.0 0.0
0.0 0.0 0.0 0.0 0.0 0.0 0.0 0.0 0.0 0.0 0.0 0.0 0.9999115612138734 0.0 0.0 0.0
0.0 0.0 0.0 0.0 0.0 0.0 0.0 0.0 0.0 0.0
0.0 0.0 0.0 0.0 0.0 0.0 0.0 0.0 0.0 0.0 0.0 0.0 0.0006268898530010627 0.0 0.0 0.0 0.009002548828568314 0.021502495195134478 0.029868675154206065 0.028907502881545904 0.02220714566966375 0.019322582891242363 0.02544968840898339 0.0346176624185329 0.04192618025427124 0.0444301441772599 0.03891198375370573 0.030889859407162903 0.03268845375781917 0.04098814985636601 0.049655304932306764 0.055690758166413876 0.05359341136482536 0.03969220487009007 0.03799121170307535 0.0438945470589912 0.051285238161867794 0.05904142706631162 0.06286728886901606 0.04817644761392833 0.03797114233711557 0.0388010465744427
0.0 0.0 0.0 0.0 0.0 0.0 0.0 0.0 0.0 0.0 0.0 0.0
0.0 0.0 0.0 0.0 0.0 0.0 0.0 0.0 0.0 0.0 0.0 0.0 0.0031755895375192144 0.0 0.0 0.0 0.3180379532911003 0.6787861770396599
0.0 0.0 0.0 0.0 0.0 0.0 0.0 0.0 0.0 0.0 0.0 0.0 0.0 0.0 0.0 0.0 0.016013754309886843 0.04491534242764525 0.06636013830212092 0.06046868929856935 0.04492627614061194 0.04073614090983881 0.05389710727816673 0.0732546853824627 0.08837516936055168 0.0977408757471727 0.08247923473116761 0.06628290143231777 0.07004942537353528 0.08865033447021338 0.10584990602166068
0.0
0.0 0.0 0.0 0.0 0.0 0.0 0.0 0.0 0.0 0.0 0.0 0.0 0.0 0.0 0.0 0.0 0.017934766379735546 0.054263387406870436 0.07789176612224438 0.0751527134237563 0.05571155804187264 0.049913296616604104 0.0672006423601497 0.09159638774479784 0.11283106475566522 0.121259860562918 0.10376825563324993 0.08423747815912926 0.088238798638642
0.0 0.0 0.0 0.0 0.0 0.0 0.0 0.0 0.0 0.0 0.0 0.0 0.0 0.0 0.0 0.0 0.12930231462245112 0.359818352817306 0.5108791688115188
0.0 0.0 0.0 0.0 0.0 0.0 0.0 0.0 0.0 0.0 0.0 0.0 0.7004540902685557 0.2995452303239151
0.0 0.0 0.0 0.0 0.0 0.0 0.0 0.0 0.0 0.0 0.0 0.0 0.02142753288401572 0.0057476875140333224 0.0 0.005897088577022394 0.0411070024408752 0.07121193692228409 0.08977470885412085 0.08932650566515364 0.07059430619331977 0.0627836257092695 0.07831867787822927 0.10251349771128754 0.12055150505532995 0.12801216525539041 0.11273373555286975
0.0 0.0 0.0 0.0 0.0 0.0 0.0 0.0 0.0 0.0 0.0 0.0 0.004063699546477331 0.0016725201045478752 0.0 0.0012400513919763 0.007610364120145777 0.013067795326197876 0.016628810734298474 0.01748195650315877 0.013168413140523517 0.011474301995007182 0.014395943996364319 0.018971851711292995 0.022271183054962642 0.024090402377853613 0.0209318906217157 0.016919714782155607 0.01792576334677155 0.021581986660958126 0.025610197857276494 0.02832603658290575 0.027798586726869016 0.020366020698779352 0.019738827684240158 0.022600474775059273 0.026083516236256515 0.03008905117049248 0.03159057606160896 0.024271164581310498 0.019087144306651965 0.019630240783525557 0.02229418326364622 0.02570025501240376 0.029473876574856957 0.022143807251379762 0.015157898796993233 0.014289333169916898 0.016190251825624766 0.019267226222246376 0.021306372892676558 0.01554158115142752 0.009807175601368907 0.009292748398699497 0.010855175250837299 0.014450626182643032 0.017910699829816808 0.013800562538060725 0.008477212830235873 0.007958509532430925 0.008184300313451439 0.011576701515639297 0.015018796126447739 0.013950031499843888 0.009016259974594749 0.008050121631243839 0.008480063560326231 0.010867420432361797 0.013409656174420186 0.014522607117424608 0.011481266846932492 0.009357310956314115 0.009122514459780875 0.010864764070232144 0.013492197768400138
0.0
0.0 0.0 0.0 0.0 0.0 0.0 0.0 0.0 0.0 0.0 0.0 0.00030862204989549153 0.006404454944605458 0.0010472596302905284 0.0 0.0022922580879334515 0.013117940671364332 0.023501550122686846 0.02956772073353589 0.028442947950045802 0.023086978832504653 0.020529949826918924 0.025305402357559882 0.03354310906444777 0.039749883572023394 0.04212076422928506 0.03678412230851156 0.029800873291521455 0.03160104693607315 0.039069344362576426 0.046164118895657795 0.0520614246936608 0.04940437306552829 0.03773284826948062 0.036141420028084036 0.04089410033292625 0.046823871150273096 0.05378154520598154 0.05717262157902677 0.04364580267392993 0.034790910257573616 0.035415219586394465 0.03969750745268629
0.0 0.0 0.0 0.0 0.0 0.0 0.0 0.0 0.0 0.0 0.0 0.0 0.0 0.0 0.0 0.0 0.0035087470462570837 0.010662849802016351 0.015032532848511958 0.014412106321717166 0.010518239107801024 0.009256537713432504 0.012779476702508983 0.017969529399414222 0.021944708730722903 0.023515044512422943 0.02024931878789621 0.016070679745371422 0.017645500970440424 0.02223504250910906 0.02635587315749467 0.02968852169708631 0.02875734365368985 0.020792990407761325 0.020444776468142085 0.024246207665110663 0.027921508194544035 0.03232764892474256 0.03384685065203644 0.026773916479481904 0.020618704020216948 0.021129793379449927 0.023922394537418575 0.028838225168518968 0.03278577416867484 0.02339591113654332 0.01673064994090698 0.014507807741437334 0.017466765023074034 0.021453965342611535 0.023782986957511243 0.01833503920866418 0.010894155145666972 0.009990715084064168 0.011630449645568785 0.015767858492646076 0.0198117189328203 0.016249702761113424 0.009548737436260151 0.008795685319931896 0.009361210019890596 0.013135800323739307 0.016179658077463716 0.015515991876592134 0.010223025167029436 0.008623444294563765 0.009444101013349011 0.012034821336167427 0.01489617537009552 0.015859971557671073 0.01221176310618623 0.009901042100231884
0.0 0.0 0.0 0.0 0.0 0.0 0.0 0.0 0.0 0.0 0.0 0.04691871592967639 0.08884019742409874 0.06189835982432695 0.03929939445995248 0.06279224048180064 0.11325697986649878 0.1746022765443066 0.20974896640562193 0.20264281926104794
0.0 0.0 0.0 0.0 0.0 0.0 0.0 0.0 0.0 0.0 0.0 0.0 0.005352049859755292 0.0 0.0 0.0 0.04991076284155539 0.11164750819451931 0.15332074748670418 0.15121621724257941 0.1151695835594036 0.10258053010943058 0.13151594860827742 0.17928660640620772
0.0 0.0 0.0 0.0 0.0 0.0 0.0 0.0 0.0 0.0 0.0 0.0 0.0 0.0 0.0 0.0 0.0 0.01865879333917328 0.030771588047069923 0.0270363538997455 0.017958811279578893 0.01718766463995594 0.02339048922501509 0.03535094602239654 0.044186308405101585 0.048785762690403044 0.04069018094194845 0.032541324269795835 0.03516913352391824 0.045514556280850715 0.05576257104119924 0.0638970056556052 0.06162501930162563 0.04381235942145203 0.04171887558548431 0.051867275695604585 0.06105830336033502 0.07043074947825012 0.0758072610825789 0.05677865623533912
0.0 0.0 0.0 0.0 0.0 0.0 0.0 0.0 0.0 0.0 0.0 0.0 0.0 0.0 0.0 0.0 0.009738713447947732 0.025165473105830418 0.036280070339177656 0.034505268850452034 0.026160400800344413 0.023100777664966578 0.030458566112482453 0.04211322534151001 0.050945241447945905 0.05480391361243818 0.04714530861062426 0.03830916618781688 0.040935930645008986 0.050676221802157584 0.06103837310893898 0.06921317219800989 0.06697266331645492 0.04988793355887468 0.04788181562885317 0.05523385959671462 0.06464744358703817 0.07478645017710252
0.0 0.0 0.0 0.0 0.0 0.0 0.0 0.0
0.0 0.0 0.0 0.0 0.0 0.0 0.0 0.0 0.0 0.0 0.0 0.0 0.0
0.0 0.0 0.0 0.0 0.0 0.0 0.0 0.0 0.0 0.0 0.0 0.0014948673045073568 0.020041510589136894 0.008665598981582404 0.0 0.007044907511094404 0.03466701265460963 0.05772310024779178 0.07641703914897408 0.073817454720321 0.058265675742795085 0.05292551346944541 0.06482040396079425 0.08483194245681171 0.10210817936902399 0.10674396081336614 0.09452941684967742 0.07586874770467171 0.08003464880407041
0.0 0.0 0.0 0.0 0.0 0.0 0.0 0.0 0.0 0.0 0.0 0.0 0.0 0.0 0.0 0.0 0.9999982311758697
0.0 0.0 0.0 0.0 0.0 0.0 0.0 0.0
0.0 0.0 0.0 0.0 0.0
0.0 0.0 0.0 0.0 0.0 0.0 0.0 0.0 0.0 0.0 0.0 0.1656978981203137 0.26855087953499296 0.22231943198965104 0.1477571471924225 0.19567450138407355
0.0 0.0 0.0 0.0
0.0 0.0 0.0 0.0 0.0 0.0 0.0 0.0 0.0 0.0 0.0 0.0 0.0 0.0 0.0 0.0 0.0 0.38341723871551214 0.6165825333103916
0.0 0.0 0.0 0.0 0.0 0.0 0.0 0.0 0.0 0.0 0.0 0.005282834108861913 0.008969876608045277 0.006822134410789874 0.004387257343894168 0.006159327721751554 0.011036959203203115 0.017329517652399182 0.021137715977566786 0.020893222337279298 0.01704094045149716 0.015393872116321925 0.01821436939003621 0.023067111411509935 0.02683755024390284 0.02902209037975846 0.025430796486641396 0.020619438277523095 0.021475295458514322 0.02591124072820466 0.030468341823879235 0.0336634014314056 0.03249215448118556 0.024791584857730656 0.023925520409348814 0.026506035950825086 0.030616790995277508 0.03510654631588575 0.035755891246481375 0.02719835495644931 0.022669508760363243 0.023214488080175132 0.025889901622101818 0.0299572018144384 0.033101188102158834 0.02453625524155386 0.017600934809572054 0.016725698613679806 0.01849414467195647 0.0229661852060426 0.02460962922163711 0.017917545012945398 0.011504570394822382 0.009658349396971588 0.012141156241179741 0.016566006655010717 0.020495064943339643 0.016585163772794547 0.009810829699332094
0.0 0.0 0.0 0.0 0.0 0.0 0.0 0.0 0.0 0.0 0.0 0.0 0.0 0.0 0.0 0.0 0.03347672188218564 0.966522705265191
0.0 0.0 0.0 0.0 0.0
0.0 0.0 0.0 0.0 0.0 0.0 0.0 0.0 0.0 0.0 0.0 0.0 0.013771834285982444 0.0022427059875020925 0.0 0.0033053119472198447 0.016003233619161093 0.029217529096320558 0.03752312658807587 0.03659912776938466 0.02879731673952308 0.02667327573574567 0.03184623474873527 0.04185185541158173 0.050172162531291815 0.053784656883189015 0.046961219067891254 0.03808743475304719 0.03917763041295872 0.04821300108861937 0.057744108181024364 0.06541609393729508 0.06305318613926707 0.04648919369322325 0.04454379050953337 0.05097899660194527 0.05946776921196323 0.06807919523716623
0.0 0.0 0.0 0.0 0.0 0.0 0.0 0.0 0.0 0.0 0.0
0.0 0.0 0.0 0.0 0.0 0.0 0.0 0.0 0.0 0.0 0.0 0.0 0.0 0.0 0.0 0.0 0.08968830846793649 0.2515311384718603 0.3348684001665613 0.32391204720607536
0.0 0.0 0.0 0.0 0.0 0.0 0.0 0.0 0.0
0.0 0.0 0.0 0.0 0.0 0.0 0.0 0.0 0.0 0.0 0.0 0.0 0.0024957651348606284 0.0 0.0 0.0 0.009635184173272648 0.028222080620974692 0.04110515845615987 0.039836074528539774 0.029057177298735068 0.025365674789065974 0.034302737092828314 0.04855556301051415 0.06080719326513248 0.0657335480877937 0.05569130746882486 0.044275837586206755 0.046843885579639165 0.058774376873298464 0.0718730945407446 0.0817602291996477 0.07898882220745082 0.05670491137992772 0.054460226435410396 0.06551113929218823
0.0 0.0 0.0 0.0 0.0 0.0 0.0 0.0 0.0 0.0 0.0 0.0
0.0 0.0 0.0 0.0
0.0 0.0 0.0 0.0 0.0 0.0 0.0
0.0 0.0 0.0 0.0 0.0
0.0 0.0 0.0 0.0 0.0 0.0 0.0 0.0 0.0 0.0 0.0 0.0 0.0 0.0 0.0 0.0 0.01066269002465171 0.03289744958502567 0.04644806532937534 0.04501776303210162 0.033286016698277465 0.029313359518815644 0.03991439763075397 0.055189500716927374 0.068050630612024 0.07284380465307691 0.06340725360866506 0.04982771610759039 0.05355166825689417 0.06783040578505317 0.0822980178390002 0.09386804518961019 0.08968531891454662 0.06590788168153236
0.0 0.0 0.0 0.0 0.0 0.0 0.0 0.0
0.0 0.0 0.0 0.0
0.0 0.0 0.0 0.0 0.0 0.0 0.0 0.0 0.0 0.0 0.0 0.0 0.0 0.0 0.0 0.0 0.0048784713749983315 0.013774777390615726 0.01957138035670342 0.01846787702744415 0.014284883154317324 0.012375095287112555 0.016605387327851464 0.023386660368433083 0.028193845356012253 0.030466915707533893 0.02600013282873459 0.020800273570081518 0.022662718051540735 0.02849608336014145 0.03390340341516567 0.038192795556352944 0.03637222306648912 0.02749884264454221 0.026011256489568788 0.0304216071377946 0.035350248031880506 0.041286122849063044 0.042267808526747795 0.03295413913918059 0.026297939455783497 0.026851725936419386 0.030318826320411944 0.03654662940729198 0.040839367690356204 0.03019375296322742 0.021342122463480707 0.01859240776702701 0.022695546416441663 0.027151160416273298 0.031215185380234368 0.02256373555736976 0.013445770251470895 0.012513191466737118 0.015209684420093858
0.0 0.0 0.0 0.0 0.0 0.0 0.0 0.0 0.0 0.0
0.0 0.0 0.0 0.0 0.0 0.0 0.0 0.0 0.0 0.0 0.0 0.0 0.0 0.0 0.0 0.0 0.0 0.008813633888877364 0.01425163649146073 0.013789968878877719 0.009089640651390299 0.00828313911754243 0.012528657808527731 0.018492802152119237 0.023095967457406746 0.025082017010843817 0.02106897477910353 0.01666383128736123 0.018089859382624085 0.0238359415466376 0.028916584999185622 0.03333486971455597 0.031353501722036395 0.022799057936060442 0.02163655244086387 0.02698149875363109 0.03169915696977801 0.036993263173634196 0.03904185673827603 0.02873474331723245 0.022968456521890803 0.024492099268915785 0.027968609979717004 0.03294962653063485 0.03794731600903079 0.02849746209809843 0.017570370386077647 0.01768256358280214 0.020262514311579497 0.025630211367752783 0.029154112616262665 0.0201499925842643 0.012503237754072217 0.011256423096036925 0.01260356278320763 0.01874281393164293 0.022717130620004303 0.018698215903955227 0.01074810413957433 0.009915032694203492 0.011049448823895101 0.014747307020181325 0.01920698658998004 0.017961239656364526
0.0 0.0 0.0 0.0 0.0 0.0 0.0 0.0 0.0 0.0 0.0 0.0 0.00166743419868397 0.0 0.0 0.0 0.006269824134812192 0.02049389556833747 0.02924400524369317 0.028087859639174453 0.02108771676228878 0.019735078095565423 0.02477111739942132 0.034970906159453426 0.04286240111402855 0.046218979548083426 0.03924468195296792 0.03222172630737312 0.034062668497674135 0.042691477650588526 0.052282489413618315 0.0589714550979912 0.05729826601656641 0.04108714039979945 0.04009978171542776 0.04729958800908188 0.05576498606045744 0.06413320585237718 0.0688297415349002 0.052093164109557936 0.03851040026768969
0.0 0.0 0.0 0.0 0.0 0.0 0.0 0.0 0.0 0.0 0.0 0.0 0.045667894205250296 0.04120427309218987 0.0 0.01752989425899634 0.07362281594178889 0.12410663227080189 0.16196583606694231 0.1592221537812079 0.12506561336931096 0.11506885813235287 0.13654598709146246
0.0 0.0 0.0 0.0 0.0 0.0 0.0
0.0 0.0 0.0 0.0 0.0 0.0 0.0 0.0 0.0 0.0 0.0
0.0 0.0
0.0
0.0 0.0 0.0 0.0 0.0 0.0 0.0 0.0 0.0 0.0 0.0 0.0 0.0 0.0 0.0 0.0
0.0 0.0 0.0 0.0 0.0 0.0 0.0 0.0 0.0 0.0 0.0 0.0 0.0
0.0 0.0 0.0 0.0 0.0 0.0 0.0 0.0 0.0 0.0 0.0 0.0 0.4512347680784507 0.39252350321892693 0.0 0.15624121292224685
0.0 0.0 0.0 0.0 0.0 0.0 0.0
0.0 0.0 0.0 0.0 0.0 0.0 0.0 0.0 0.0 0.0 0.0 0.03527239522024384 0.07032017985957399 0.044799202635293287 0.029162513307347343 0.0431459739373597 0.07264048420361957 0.10946974484882453 0.136386270875046 0.13276334368971207 0.10974164810614168 0.09837362656765516 0.11792458493206215
0.0 0.0 0.0 0.0 0.0 0.0 0.0 0.0 0.0 0.0 0.0 0.0 0.0 0.0 0.0 0.0 0.000665353573288574 0.010411827059280844 0.016051956283052487 0.015619486598535253 0.010591970193131637 0.009098287129811538 0.013988465798352421 0.020923841276670054 0.025585303950356852 0.02782208870538962 0.02343174189873139 0.01846289141635772 0.01995927797843496 0.02615119129853897 0.03167552065887976 0.036178918771899084 0.03458052019005241 0.024707027320787157 0.023932249635303323 0.028615835940486056 0.03430548424982599 0.03985036020072105 0.04265519510294165 0.030899436282329974 0.025138145255925823 0.026228826771181518 0.029595178365260186 0.035802411511654655 0.04019649815826026 0.03055284774166457 0.02035326786397556 0.019366490817619295 0.022265272301650523 0.026742040951912013 0.029798121005296194 0.02276568992159722 0.013268794429201633 0.012404170468355498 0.014480998213590791 0.02011941522148291 0.024369450442645553 0.02038814299794267
0.0 0.0 0.0 0.0 0.0 0.0 0.0 0.0 0.0 0.0 0.0 0.0 0.0 0.0 0.0 0.0 0.0 0.01624862441625015 0.026905169775064686 0.024606676834319455 0.01630567596859192 0.014884940177808935 0.022195145751201066 0.03380939650199278 0.04298176474382029 0.04676785789469305 0.039622569341936864 0.030756605970552898 0.03391292605230898 0.043761925704909874 0.05364652552617204 0.061926683558110714 0.0597452604027708 0.04163770623938464 0.04041033717667203 0.05000663648676711 0.05938073901767511 0.06909593376285045 0.07399323901586798 0.05537343798118919 0.04202421148931602
0.0 0.0 0.0 0.0 0.0 0.0 0.0 0.0 0.0
0.0 0.0 0.0 0.0 0.0 0.0 0.0 0.0 0.0 0.0 0.0 0.01909860055939654 0.02919662576433033 0.023451113595406713 0.016640381130827973 0.023016958949625518 0.03805762094850333 0.0573529497356893 0.07376492141282184 0.06882935196927223 0.055961412813202285 0.05115890451845792 0.060818997700675566 0.0761061640072759 0.08869128729670028 0.09394050087671939 0.0839895496705108 0.06918978683938752 0.0707348558566498
0.0 0.0
0.0 0.0 0.0 0.0
0.0 0.0 0.0 0.0 0.0 0.0 0.0 0.0 0.0 0.0 0.0 0.0
0.0 0.0 0.0 0.0 0.0 0.0
0.0 0.0 0.0 0.0 0.0 0.0 0.0 0.0 0.0 0.0 0.0 0.0 0.0 0.0 0.0 0.0 0.009726794088984242 0.032114534315440556 0.04652530223756562 0.04557777223341795 0.033482920719995445 0.029809035144371845 0.040548878179463975 0.056059377430323784 0.06798207038495542 0.07319079885700941 0.06283189775391693 0.050719611074349365 0.054893304746131404 0.06908443343688188 0.08189511365844881 0.0931120661771709 0.08771177018778721 0.06473430465612245
0.0 0.0 0.0
0.0 0.0 0.0 0.0 0.0 0.0 0.0 0.0 0.0 0.0 0.0 0.0 0.0 0.0 0.0 0.0 0.0008996166882591392 0.018786713388536134 0.031875910634478546 0.03182792995344377 0.021737230136175192 0.017980739136637475 0.0264679229072326 0.03842641197743646 0.04758987880936526 0.05112906538882107 0.043322212258979066 0.03429863989073513 0.037413420903147004 0.04850227067016705 0.060129532824545626 0.06746357808345273 0.06436793874871202 0.04706748809054205 0.0444508966450079 0.05291657764993718 0.06314632868517824 0.07324984583727509 0.07694983937408294
0.0 0.0 0.0 0.0 0.0 0.0 0.0 0.0 0.0 0.0 0.0 0.0 0.0 0.0 0.0
0.0 0.0 0.0 0.0 0.0 0.0 0.0 0.0 0.0 0.0 0.0 0.0 0.0 0.0 0.0 0.0 0.09288499809129462 0.2412680588404622 0.3408178706507119 0.3250289716304033
0.0 0.0 0.0 0.0 0.0
0.0 0.0 0.0 0.0 0.0 0.0 0.0 0.0 0.0 0.0 0.0 0.0 0.0 0.0 0.0 0.0 0.06016004996315527 0.1922733822125144 0.2710590571143147 0.28243467019339724 0.19407275401676335
0.0 0.0 0.0 0.0 0.0 0.0 0.0 0.0 0.0 0.0 0.0 0.0 0.0 0.0 0.0 0.0
0.0 0.0 0.0 0.0 0.0 0.0 0.0 0.0
0.0 0.0 0.0 0.0 0.0 0.0 0.0 0.0 0.0 0.0 0.0 0.0 0.004326762554361392 0.0 0.0 0.0 0.14640765559142208 0.3479589849522441 0.5013064569505953
0.0 0.0
0.0 0.0 0.0 0.0 0.0 0.0 0.0 0.0 0.0 0.0 0.0 0.0 0.0 0.0 0.0 0.0 0.004729495383790232 0.012928765684271369 0.017965492271377292 0.017412621172419044 0.013324011114938271 0.012045763518276433 0.015567907625576359 0.021363210331816682 0.025782117247202717 0.027970308026001846 0.02417319976318134 0.019343131493745842 0.020805116820498536 0.02590119653855192 0.031249527063132023 0.03536159652851521 0.03347783923212469 0.024272964418342334 0.02387154327782126 0.02833235383523794 0.03285612347499344 0.03798987916792898 0.03994156927271538 0.03107258675865247 0.022901169324090812 0.024548923319074323 0.027993560195318554 0.03272945925140724 0.03715694584424168 0.027429083735560526 0.019330448492300367 0.018133935793842714 0.02045737047367646 0.025529203277201727 0.028267571053344865 0.019782311504583355 0.012472675004839888 0.011615619109775896 0.01391157395314444 0.01832268869770776 0.02276953137444756 0.017690984040745275 0.01113652494733056 0.010082095023235968
0.0 0.0 0.0 0.0 0.0 0.0 0.0 0.0 0.0 0.0 0.0 0.007585619068977575 0.014625267916855018 0.010036218247285855 0.004320365947305725 0.008197350589650758 0.01912919198452707 0.028574718460586682 0.0334364793695416 0.03298127327430981 0.02727315380720451 0.023678417564790853 0.028809925460529497 0.036680531641081614 0.042124445984963475 0.04369524210293772 0.038157889361818305 0.031545350649727424 0.03371814780700736 0.03931369011550989 0.04513947752286055 0.04877481113786708 0.04646958921760565 0.03776976559177569 0.03438678008958451 0.03759133047318893 0.04329339255454228 0.048423740525349694 0.04823261067279343 0.04011919353997158 0.032523876209763485 0.033392144461059224
0.0 0.0 0.0 0.0 0.0 0.0 0.0 0.0 0.0 0.0 0.0 0.0 0.013403186744345484 0.004535085024386805 0.0 0.0052479953027235226 0.025146605158411363 0.04485448894025317 0.056382184271949326 0.05883574527158176 0.04288379966915125 0.03855160886593148 0.04798935607088179 0.06279353154184743 0.07426925071485113 0.08016854472644436 0.06986856590589681 0.05744439195573616 0.05976658101189382 0.07358508149036765 0.08596674951413999 0.09830723303928737
0.0 0.0 0.0 0.0 0.0 0.0 0.0 0.0 0.0 0.0 0.0 0.0 0.03155035601202715 0.02996861306358088 0.0 0.006273766228330631 0.058940472247484464 0.11042930774343193 0.13880814939728314 0.145655474342725 0.10932410159862115 0.09615007701062414 0.11881347068437897 0.1540861751439928
0.0 0.0 0.0 0.0 0.0 0.0 0.0 0.0 0.0 0.0 0.0 0.008022370858589296 0.013530257018915099 0.010534014895563146 0.006506269347431628 0.010866528346741936 0.019043387477006395 0.02907872584397574 0.03583924998485942 0.03494297452389008 0.02836356595226469 0.025657258576805023 0.030599697060201367 0.03872336402741582 0.045377691138548254 0.04748077940674366 0.04273113129834546 0.034798569038990236 0.036462135208744285 0.04368334593548006 0.051127501749365575 0.05673034715851656 0.05412455549022885 0.04093289905382749 0.04008301065523626 0.045094686355560375 0.05120092191808248 0.058287966026984384 0.06017678727218963
0.0 0.0 0.0 0.0 0.0 0.0 0.0 0.0 0.0 0.0 0.0 0.0 0.0 0.0 0.0 0.0 0.003926701194137155 0.010507357023821301 0.014138337799268586 0.01359233026885251 0.010084950061780763 0.009074042824902234 0.011901862259964152 0.016907345983495605 0.020157346183479464 0.022247859953541463 0.018930388384467898 0.014988612768070042 0.016105154059332792 0.020040208389920947 0.024427624643826532 0.027141246847871676 0.02639806005778827 0.019066429794366204 0.018752500507629378 0.02206318616314507 0.025759376336496102 0.029887215239876013 0.030523540048359967 0.024434087418643554 0.018722997940589674 0.019663105479347732 0.021794270103008797 0.026356795240581588 0.028597406955768914 0.022320663111855214 0.015349591055474787 0.01415727372948246 0.01519235174417665 0.019708409530815055 0.021947696377164892 0.016667770921028613 0.01002407072300442 0.00922152334622667 0.010590920702205391 0.014374455277208473 0.01758726220812037 0.014151780370887991 0.007995825788304423 0.007883082681621481 0.008771746532836047 0.011589904119546515 0.014736823061198877 0.013982067904193003 0.009314910442332631 0.00787422868012216 0.008472746255926538 0.01086652573427728 0.013350525549073644 0.01423046465428523 0.01124669846288858 0.009150368195491261 0.009055591602799638 0.01080516168738966 0.013336598269342963 0.015008356545136043 0.013650850694820641 0.010925595496104858 0.010267814275228392
0.0 0.0 0.0 0.0 0.0 0.0 0.0 0.0 0.0 0.0 0.0 0.0 0.0 0.0 0.0 0.0 0.011008038159626757 0.03132850613581028 0.04479143107325524 0.04315233284459794 0.03183862171897088 0.0281658708297317 0.03744176218202343 0.05245983327167806 0.06330692940581471 0.06870649116532658 0.05970430797510927 0.04762293337077888 0.05001048570471506 0.06374762698871655 0.07691651638480196 0.08727351940437389 0.08348063370355953 0.059807266151188504 0.05923687988844747
0.0 0.0 0.0 0.0 0.0 0.0 0.0 0.0
0.0 0.0 0.0 0.0 0.0 0.0 0.0 0.0 0.0 0.0 0.0 0.0 0.0 0.0 0.0 0.0
0.0 0.0 0.0 0.0 0.0 0.0 0.0
0.0 0.0 0.0 0.0 0.0 0.0 0.0 0.0 0.0 0.0 0.0 0.0 0.0017040566189913133 0.0 0.0 0.0 0.08233510268483855 0.19142337615222058 0.26572646236768366 0.25796966734830806 0.20084125301268052
0.0 0.0 0.0 0.0 0.0 0.0
0.0 0.0 0.0 0.0 0.0 0.0 0.0 0.0 0.0 0.0 0.0 0.0 0.0 0.0 0.0 0.0 0.0010045204580605015 0.040447089239901264 0.06711769607959445 0.06388043699440556 0.04618656027903626 0.038742842341809684 0.058172048163536855 0.08548671603391149 0.10760801784553882 0.12029238447348141 0.09985517321882752 0.07732452814318416 0.0842632072903385 0.10961875415483797
0.0 0.0 0.0 0.0 0.0 0.0 0.0 0.0 0.0 0.0 0.0 0.0 0.0 0.0 0.0 0.0 0.009601738588519296 0.03126003782448768 0.043745891560315976 0.042276136814698904 0.03152618175450759 0.02774670779231043 0.03761851342302565 0.05282972703344077 0.06405422174244119 0.0682995521984979 0.05882863632400765 0.04771629031507853 0.05117752141755848 0.06446138847814775 0.0771500932675565 0.08742352096876953 0.08472054898766708 0.06168644046565628 0.05787683700194743
0.0 0.0 0.0 0.0 0.0 0.0 0.0 0.0 0.0 0.0 0.0 0.0 0.0 0.0 0.0
0.0 0.0 0.0 0.0 0.0 0.0 0.0 0.0 0.0 0.0 0.0 0.0 0.0 0.0 0.0 0.0 0.0357731757542606 0.09145187646013561 0.12621000448825853 0.12251154922975195 0.09250090983366374 0.0863344839577912 0.11026650588886112 0.15078439891335207 0.1841670563196215
0.0 0.0 0.0 0.0 0.0 0.0 0.0
0.0 0.0 0.0 0.0 0.0 0.0 0.0 0.0 0.0 0.0 0.0 0.0 0.0 0.0
0.0 0.0 0.0 0.0 0.0 0.0 0.0 0.0 0.0 0.0 0.0 0.0 0.0 0.0 0.0 0.0 0.0 0.013675312225811871 0.02346968557559778 0.022635893042223326 0.015267216491118531 0.013043661092327512 0.020119978991866017 0.030027058720371685 0.03659473123347279 0.04037648979994287 0.034519278143791826 0.02678953702835577 0.028824118574105394 0.03829028104080629 0.046555784866883 0.05304934103955358 0.050991618508005515 0.03627981826898745 0.03498783421680375 0.04287167474189481 0.050383955776700955 0.05946330525825261 0.06224485175122589 0.04696436993444543 0.036686056645032286 0.03844614046909949 0.04443704835587762 0.05300494945834586
0.0 0.0 0.0 0.0 0.0 0.0 0.0 0.0 0.0
0.0 0.0 0.0 0.0 0.0 0.0
0.0 0.0 0.0 0.0 0.0 0.0 0.0 0.0 0.0 0.0 0.0 0.0 0.0 0.0 0.0 0.0 0.0001249362659648898 0.040869406722276694 0.06763092642916337 0.06616695166352445 0.04317848812908774 0.03906273873588281 0.05727713119497464 0.0864005276491335 0.10813295763252728 0.11780803731660011 0.09925647894676551 0.07758808952075417 0.08634925708384814 0.11015404712801423
0.0 0.0 0.0 0.0 0.0 0.0 0.0 0.0 0.0 0.0 0.0 0.0
0.0 0.0 0.0 0.0 0.0 0.0 0.0 0.0 0.0 0.0 0.0 0.0007503514795511624 0.037349154941007004 0.017306889546206985 0.0 0.013517127852792372 0.06263067920048894 0.10681994061805129 0.1454563077204422 0.13594909977907388 0.11069957913698883 0.09481218337073956 0.11866954665606007 0.1560391039031576
0.0 0.0 0.0 0.0 0.0 0.0 0.0 0.0 0.0 0.0 0.0 0.0 0.0 0.0 0.0 0.0 0.06568324388860933 0.16468957418414712 0.23043488132180842 0.22521126969635896 0.16615307438013274 0.1478278837779541
0.0 0.0 0.0 0.0 0.0 0.0 0.0 0.0 0.0 0.0 0.0 0.0 0.0 0.0 0.0 0.0 0.017500607813984655 0.06204229637641897 0.09015029556132131 0.08097246328228967 0.05873489995657955 0.05369689385037428 0.07228004591528747 0.10141731952904155 0.12388460262081243 0.13430417981903645 0.11378768834488223 0.09122867969281147
0.0 0.0 0.0 0.0 0.0 0.0 0.0 0.0 0.0 0.0 0.0 0.0 0.0 0.0
0.0 0.0 0.0 0.0 0.0 0.0 0.0 0.0 0.0 0.0
0.0 0.0 0.0 0.0 0.0 0.0 0.0 0.0 0.0 0.0 0.0 0.0 0.0 0.0 0.0 0.0
0.0 0.0 0.0 0.0 0.0 0.0 0.0 0.0 0.0 0.0 0.0 0.0 0.0 0.0 0.0 0.0 0.004233607691164081 0.011096142567740466 0.016494933728993803 0.014901226233952321 0.011303231935476806 0.010444191969615393 0.01322113248898775 0.018149307295987748 0.022124717249467057 0.02387823231768746 0.02071126067558387 0.016703945120899146 0.017427150396853174 0.021920283769673334 0.02643102987306034 0.02987749877523063 0.02880836409475044 0.021105415413804958 0.020674218027963126 0.02397782811553568 0.0276879637877989 0.03243085546490722 0.03352798180646686 0.025972574689912677 0.020567248646484737 0.021267808983138535 0.02407945077523485 0.028056852644671126 0.03196254553965668 0.024290384191309196 0.01537365977469272 0.015577638957864676 0.016675569054985896 0.021959178549675114 0.02361075644515051 0.01694598038261732 0.011065599856400344 0.010045319535706755 0.011432811310361442 0.015789515913076528 0.01915861460597104 0.01571522094247115 0.009144344497067143 0.008479988106578521 0.00933018676126253 0.01273318297131942 0.016365424245897132 0.015007321968081166 0.00986618688315588 0.008717480402079057 0.00924324137703573 0.011825044024413532 0.014914959970287182 0.015470634630492305 0.011975870502839122 0.01024887936815093
0.0 0.0 0.0 0.0 0.0 0.0 0.0 0.0 0.0 0.0 0.0 0.0 0.0 0.0 0.0 0.0 0.001418111068099807 0.02814187544780505 0.04338535281489188 0.042092722492446874 0.028962151151849923 0.024709357966520247 0.03786617123036165 0.056311902442377035 0.06973729501454193 0.07449693924319402 0.06376633346504737 0.050290305069157264 0.05594882757007 0.0714549705726365 0.08731026667602354 0.0986364285901499 0.09555294100816805 0.06991803164083119
0.0 0.0 0.0 0.0 0.0 0.0 0.0 0.0 0.0 0.0 0.0 0.0 0.004218857182539093 0.0 0.0 0.0 0.009635286892661235 0.0207041763568667 0.028104622193209045 0.027396219273035073 0.021406636299522434 0.019259469801012077 0.024865136426846537 0.033277765171031946 0.039969370183593714 0.04285571797005671 0.03724241930993567 0.029963523003255815 0.031431313334944436 0.03964432059217514 0.04721792602610151 0.053146515282979596 0.05088098969536917 0.038593414493976394 0.03563950443677974 0.041949382619696364 0.04821409417347438 0.056385813376367847 0.058855089256366705 0.04510735575757188 0.03440711857247143 0.03742396163370332 0.0422039922881093
0.0 0.0 0.0 0.0 0.0 0.0 0.0 0.0 0.0 0.0 0.0 0.0 0.0 0.0 0.0 0.0 0.007139787785811407 0.022446508852256235 0.03240337135656304 0.031132725560623617 0.02285115134371108 0.020093786255531165 0.02745714523357785 0.039003752364931046 0.0475912947330243 0.05169801200037017 0.04377632718829996 0.03513416429956678 0.03773427201395548 0.04761926541215712 0.05774037796003834 0.06597991846192072 0.06158588016281601 0.0457098780796873 0.043850993362318416 0.05224740275633737 0.06084364711349417 0.07047604973986023 0.07548427753492318
0.0 0.0 0.0 0.0 0.0 0.0 0.0 0.0 0.0 0.0 0.0
0.0 0.0 0.0 0.0 0.0 0.0 0.0 0.0 0.0 0.0 0.0 0.04034874356619014 0.06817417091124012 0.057053909494418714 0.03793425061261205 0.05159065070798135 0.09254873454402675 0.14359356755393865 0.1793002403804523 0.18531011089710644 0.1441455787027572
0.0 0.0 0.0 0.0 0.0
0.0 0.0 0.0 0.0 0.0 0.0 0.0 0.0 0.0 0.0 0.0 0.0 0.0 0.0 0.0 0.0 0.00957463523990892 0.024319819312549316 0.03502759218144997 0.03161288236870611 0.024523602928071993 0.02126780073731815 0.0285722143379028 0.04001747191794066 0.047413216058126956 0.051225345264182646 0.04457009260186942 0.03531113028464124 0.03797422358258936 0.04743704468450862 0.05702750303436498 0.06399012242625114 0.06025601881699093 0.04490444506289667 0.0437175238939173 0.05128638262892054 0.059611443197991686 0.0680775211269745 0.07228195822289107
0.0 0.0 0.0 0.0 0.0 0.0 0.0 0.0 0.0
0.0 0.0 0.0 0.0 0.0 0.0 0.0 0.0 0.0 0.0 0.0 0.0 0.0 0.0 0.0 0.0 0.030556154172080796 0.1094107582573327 0.15948795582258055 0.15408708470759452 0.11459947614600806 0.10064411549456279 0.13869026074627192 0.19252414192259829
0.0 0.0 0.0 0.0 0.0 0.0 0.0
0.0 0.0 0.0 0.0 0.0 0.0 0.0 0.0 0.0 0.0 0.0 0.0 0.0 0.0 0.0 0.0 0.050334262890187366 0.14410842757896303 0.1875046969285774 0.18640802462899433 0.13984764295975943 0.12874980554014637 0.16304708120224606
0.0 0.0 0.0 0.0 0.0 0.0 0.0 0.0 0.0 0.0 0.0 0.01596722679111235 0.029803415174628985 0.022799956324463366 0.013999188368279935 0.021750819200544155 0.04065772301438932 0.0621551158852868 0.07730228106610658 0.07467184572659444 0.06227126106956212 0.05681804630444703 0.0665869644009325 0.08553655054398131 0.09843632692942426 0.10348022910166332 0.09196694440365305 0.0757960873336316
0.0 0.0 0.0 0.0 0.0 0.0 0.0 0.0 0.0 0.0 0.0 0.0 0.9999921782873519 0.0 0.0
0.0 0.0 0.0 0.0 0.0 0.0 0.0 0.0 0.0 0.0 0.0 0.0
0.0 0.0 0.0 0.0 0.0 0.0 0.0 0.0 0.0 0.0 0.0 0.0 0.0 0.0 0.0 0.0 0.0065093679572137035 0.020866082430088015 0.029307549261356293 0.028698582109346248 0.02091425530069525 0.01833513764404117 0.025277955639785996 0.035753262729956485 0.04310353998411712 0.0467853438180384 0.04042483214693973 0.032060244421032925 0.03399273121717877 0.04269410584960028 0.05236838908693569 0.059114001597734944 0.05653361437787306 0.0412490607939619 0.03988343397010059 0.046166925473259145 0.054983054513408285 0.06436442130618755 0.06858712959792272 0.05209606777886171 0.0399309015278146
0.0 0.0 0.0 0.0 0.0 0.0 0.0 0.0 0.0 0.0 0.0 0.0 0.0 0.0 0.0 0.0 0.0
0.0 0.0 0.0 0.0 0.0 0.0 0.0 0.0 0.0 0.0 0.0 0.9999991035994398
0.0 0.0 0.0 0.0 0.0 0.0 0.0 0.0 0.0 0.0 0.0 0.0 0.0 0.0 0.0 0.0 0.01918359353261667 0.049381220236223294 0.07041678925676917 0.0676214227509126 0.05276680522518726 0.04496872422832782 0.059846912779736354 0.08293787523985748 0.09835521171872647 0.10689578002460678 0.09364854931030463 0.07449017677516898 0.0794881770610352 0.09999874076953055
0.0 0.0 0.0 0.0 0.0 0.0 0.0 0.0 0.0 0.0 0.0 0.1239465280171778 0.20878824009302777 0.16292634909898868 0.10955393106623357 0.15615418178769797 0.238630666057456
0.0 0.0 0.0 0.0 0.0 0.0 0.0 0.0 0.0 0.0 0.0 0.0 0.003261941462764191 0.0 0.0 0.0 0.006139079800309928 0.015008162523880656 0.022460999750485593 0.020515711253037413 0.015037818447724787 0.01369695036978959 0.01788072404168352 0.024708685266659362 0.029876054863090685 0.03205999181856014 0.027595631075082686 0.02255034113995618 0.0232398530448928 0.02958818224171238 0.0356728305786517 0.039844414965312054 0.038924707708205795 0.028260157280402595 0.02707578841632832 0.03244122222224462 0.03792873568946573 0.0437705323665791 0.04677694251073988 0.03532919547999797 0.027603803967480675 0.028550691929590533 0.03223624608090306 0.03898037678099667 0.04307046575488851 0.03226216582536525 0.02052505170149226 0.02066324363638168 0.0232456441229348 0.029717547452811976 0.03350010216132806
0.0 0.0

0.0 0.0 0.0 0.0 0.0 0.0 0.0 0.0 0.0 0.0 0.0 0.3717236962049507 0.6282759431102157
0.0 0.0 0.0 0.0 0.0 0.0 0.0 0.0 0.0 0.0 0.0 0.0 0.0 0.0 0.0 0.0 0.003568574924290038 0.22825213081841114 0.4134159487959824 0.35476320381825305
0.0 0.0 0.0 0.0 0.0 0.0 0.0 0.0 0.0 0.0 0.0 0.01462284453221824 0.02713647434989973 0.02174356051044084 0.013586721259045932 0.020773891165682522 0.037409947313564625 0.05863462185433784 0.07076144922609821 0.06948931305067699 0.056514056707371606 0.05097999168027002 0.06136772989107424 0.07848430881521704 0.09095659515835089 0.09584159299914943 0.08619194994744715 0.07111692701492342 0.07438800750267537
0.0 0.0 0.0 0.0 0.0 0.0 0.0 0.0 0.0 0.0 0.0 0.0 0.0 0.0 0.0 0.0 0.00656967036535581 0.017278366297991947 0.023463054396134955 0.023369491138213527 0.017580136181859843 0.015549689166366827 0.02014196412665705 0.028571251538320047 0.034196830254637954 0.03710561519111491 0.031554627633625175 0.025637981243184282 0.02735719935104496 0.03455870547808334 0.041279585094759305 0.046366810229969524 0.04479682849132956 0.032350104506432595 0.03203174079230365 0.03754645975010229 0.043234251817008046 0.05064796438575614 0.05269916720196657 0.040444488425269966 0.031497657284781044 0.03326157603637426 0.03798719620596094 0.044622025732162666 0.050674719910118425 0.03762483451843624
0.0 0.0 0.0 0.0 0.0 0.0 0.0 0.0 0.0 0.0 0.0 0.0 0.999998140452656 0.0
0.0 0.0 0.0 0.0 0.0 0.0 0.0 0.0 0.0 0.0 0.0 0.0 0.0 0.0 0.0 0.0 0.0025551424071697452 0.010720275906135132 0.015661417571679683 0.015212055623691503 0.010998999898438958 0.0097956803524573 0.013212004005649942 0.0190154576044799 0.02319210136704149 0.025148611943381024 0.02157000592173206 0.017216821632692 0.018261538334868207 0.023254691614488156 0.02834772865702667 0.03219271693204632 0.031083876847152244 0.022141788721125412 0.022006144578006155 0.025846725089121107 0.030177832230255913 0.035054083945447005 0.036768934074663924 0.028464438579546628 0.02204539284094883 0.022764356626377203 0.02611759176316004 0.031119598898971163 0.03524227629998658 0.02470423268502424 0.017816162538585138 0.01567191954828739 0.018977512506517746 0.023333226468755283 0.0273195698157794 0.01928348797826712 0.011664035650702939 0.010551132757340194 0.012451952194953453 0.017052431203237777 0.021202475068844078 0.01703288372853 0.010052288868474092 0.009302509064094631 0.009709748120506644 0.013944421053083083 0.018046132829264865 0.01656428093288828 0.010809044438337505 0.009300554316623855 0.01002170281981369
0.0 0.0 0.0 0.0 0.0 0.0 0.0 0.0 0.0 0.0 0.0 0.0 0.012677042750560778 0.0028743309607841623 0.0 0.0 0.14567741053797956 0.35680387595672164 0.4819671965653772
0.0 0.0 0.0 0.0 0.0 0.0 0.0 0.0 0.0 0.0 0.0 0.0 0.0 0.0 0.0 0.0 0.009375586560975646 0.032845671385708375 0.04593693345684847 0.049025837739995165 0.03288806853747959 0.030756035356615474 0.0388360627990439 0.055036449333406186 0.0674572928533333 0.07478406423262653 0.06189087295770989 0.05072161510019807 0.05380138768911712 0.067372715971082 0.08222563405363872 0.09259923869624415 0.0902829409711436 0.06416357771393798
0.0 0.0 0.0 0.0 0.0 0.0 0.0 0.0 0.0 0.0 0.0 0.0 0.0 0.0 0.0 0.0 0.010206754391674575 0.02556888487145716 0.03597853729511051 0.034641858707384066 0.02695292640235571 0.023838291093653617 0.03104733242532129 0.041776323472599394 0.05240521012981715 0.05534765304342747 0.048121593162687784 0.038370847582350674 0.0402613515004912 0.05105135244066896 0.061144315354468196 0.06831113141815531 0.06519842273765006 0.04802879390454042 0.04661015334227378 0.0552508399765367 0.06475714460440087 0.0751302713684893
0.0 0.0
0.0 0.0 0.0 0.0 0.0 0.0 0.0 0.0 0.0 0.0 0.0 0.015063298951226602 0.026125955612055593 0.020225395730937984 0.013467674715572635 0.018583444690233254 0.03408229627750305 0.05265024107898176 0.06555767260362332 0.06402658322077638 0.05189564426437378 0.04684659871788329 0.056503778477221905 0.07206624299083007 0.08438652259573617 0.08919379292581744 0.07848342741682972 0.0638968220703108 0.0663424625100803 0.08060212968264643
0.0 0.0 0.0 0.0 0.0 0.0 0.0 0.0 0.0 0.0 0.0 0.0 0.0026726362261941927 0.0 0.0 0.0 0.01758867972730728 0.03664524346818745 0.04986216591852777 0.052712174948033465 0.03898772428149028 0.03421588845571476 0.0443966747412291 0.058947378221186265 0.07136458965452137 0.07730549124396524 0.06668609619678843 0.0527636972587093 0.055884477219645574 0.07049752046511744 0.08369102368333238 0.0948075755724851 0.09097094774958306
0.0 0.0 0.0 0.0 0.0 0.0 0.0 0.0 0.0 0.0 0.0
0.0 0.0 0.0 0.0
0.0
0.0 0.0 0.0 0.0 0.0 0.0 0.0 0.0 0.0 0.0 0.0 0.0 0.005214169883897796 0.004184240747137313 0.0 0.0 0.054062061937054644 0.13642320900355862 0.19829761528168485 0.18223702978111952 0.13835688661911527 0.12124957520589161 0.15997515655456238
0.0 0.0 0.0 0.0 0.0 0.0 0.0 0.0 0.0
0.0 0.0 0.0 0.0 0.0 0.0 0.0 0.0 0.0 0.0 0.0 0.0 0.011832720910662087 0.0 0.0 0.0 0.0761369477041978 0.1883786417251092 0.2658575398502902 0.2568467638512104 0.2009473082731576
0.0 0.0 0.0 0.0
0.0 0.0 0.0 0.0 0.0 0.0 0.0 0.0 0.0 0.0 0.0 0.0001785478800774694 0.008934883281689678 0.0030676023652872484 0.0 0.0025326289717076526 0.013691886047128898 0.02326382420173739 0.02981603891499649 0.02969475341199626 0.023678211480128383 0.02115907486495343 0.026553627903011367 0.034191117652967895 0.03949917973165421 0.0426302223996881 0.037077199739978244 0.02987088257589184 0.03189496918506776 0.03846571767533507 0.04555156528886815 0.05075128053906939 0.04854966599037463 0.03637367388379573 0.03558977671159336 0.040632187986495406 0.04640143804463431 0.05347119973849989 0.05446590405359118 0.04368717223001449 0.034127706491380076 0.03521548766773584 0.03898256526812991
0.0 0.0 0.0 0.0 0.0 0.0 0.0 0.0 0.0 0.0 0.0 0.0 0.7433893245855735 0.25660991761510815
0.0 0.0 0.0 0.0 0.0 0.0 0.0 0.0 0.0 0.0
0.0 0.0 0.0 0.0 0.0 0.0 0.0 0.0 0.0
0.0 0.0 0.0 0.0 0.0 0.0 0.0 0.0 0.0 0.0 0.0 0.0 0.03233083188115162 0.0 0.0 0.0 0.11217992396913719 0.35200268970207793 0.5034863901117638
0.0 0.0 0.0 0.0 0.0 0.0 0.0 0.0 0.0 0.0 0.0 0.0 0.0
0.0 0.0 0.0 0.0 0.0 0.0
0.0 0.0 0.0 0.0 0.0 0.0 0.0 0.0 0.0 0.0 0.0 0.0 0.0
0.0 0.0 0.0 0.0 0.0 0.0 0.0 0.0 0.0 0.0 0.0 0.0 0.0 0.0 0.0 0.0 0.9999989296544614
0.0 0.0 0.0 0.0 0.0 0.0 0.0 0.0 0.0 0.0 0.0 0.0 0.0 0.0 0.0
0.0 0.0
0.0 0.0 0.0 0.0 0.0 0.0 0.0 0.0 0.0 0.0 0.0 0.0 0.010028634446076073 0.0 0.0 0.0 0.07171517371259656 0.16657057484616974 0.22725342960738168 0.21470712448475207 0.16470253734843637 0.14502245876616218
0.0 0.0 0.0 0.0
0.0 0.0 0.0 0.0 0.0 0.0 0.0 0.0 0.0 0.0 0.0 0.0 0.07166803121757916 0.022019236639198945 0.0 0.014044048197272842 0.12481770921643616 0.2209610689517431 0.27462697163645217 0.27186286211792426
0.0 0.0 0.0 0.0 0.0 0.0 0.0 0.0 0.0 0.0 0.0 0.018133614594522424 0.038843609119458736 0.033343164059044784 0.01828511559158424 0.028295687802504268 0.053882672018933056 0.08507078233812701 0.11199979690574388 0.10333048795235594 0.0859212974292272 0.07847799591155596 0.09110665877043538 0.11705820424688254 0.13625088752023265
0.0 0.0 0.0 0.0 0.0 0.0 0.0 0.0 0.0 0.0 0.0 0.9999890770081838
0.0 0.0 0.0 0.0 0.0 0.0 0.0 0.0 0.0 0.0 0.0 0.0 0.0 0.0 0.0 0.0 0.030117982849573427 0.0760755471080564 0.10704627326133564 0.10314277255202234 0.07857172149240782 0.06845826179689987 0.09165699221331797 0.12708372133985885 0.15352304766684316 0.16432364686385886
0.0 0.0 0.0 0.0 0.0 0.0 0.0 0.0 0.0 0.0 0.0 0.0 0.0 0.0
0.0 0.0 0.0 0.0 0.0 0.0 0.0 0.0 0.0 0.0 0.0 0.000830586296621267 0.030940490178894914 0.028935138968887844 0.0 0.008764431018881663 0.052807843795495746 0.09085832779370424 0.11535405653519903 0.11354829749107824 0.09099505628529564 0.08087984206500247 0.10054225230570996 0.12915891941035743 0.15638472772123038
0.0 0.0 0.0 0.0 0.0 0.0 0.0 0.0 0.0 0.0 0.0 0.0 0.0 0.0 0.0 0.0 0.029914124527599017 0.09485585666009705 0.12595544731708672 0.13342992163740788 0.09493333810646246 0.08170038421570136 0.10650994334190281 0.15058168241735945 0.18211926253342597
0.0 0.0 0.0 0.0 0.0 0.0 0.0 0.0 0.0 0.0 0.0 0.0 0.0 0.0 0.0 0.0 0.0 0.012217608145632296 0.020613020465334534 0.019840779311791717 0.0132340578778231 0.01194422139914585 0.017796865954016538 0.02606876120749351 0.03278077776887918 0.035227534368787734 0.030587167723932773 0.02389960085259356 0.025745264129284493 0.03351265386810002 0.04112077463543367 0.04679863850509018 0.04503122576942058 0.03170032059340638 0.031181341323552336 0.03698162663653108 0.04486838160741304 0.052628390307723975 0.055812789443185074 0.04253851067194828 0.032304989107149656 0.032612340163629884 0.038201343249414724 0.04634879880685336 0.054113017005686444 0.03817170376666972 0.026117487594496475
0.0
0.0 0.0 0.0 0.0 0.0 0.0 0.0 0.0 0.0 0.0 0.0 0.0 0.010202444853655629 0.010202289206982677 0.0 0.003664272886301787 0.01786220674630084 0.03227750118507721 0.04065798499682618 0.03958838106030075 0.03090267412289311 0.028664319319171887 0.03443608706891059 0.045386375274431845 0.05305757719753902 0.056495267439691084 0.049606423518176616 0.040650436133188014 0.04270201492936696 0.05186438980268978 0.06083726485169366 0.06925479257160518 0.06646739412904615 0.05024021677043674 0.0475282291409229 0.05461684556717112 0.06283460078234887
0.0 0.0 0.0 0.0 0.0 0.0 0.0 0.0 0.0 0.0 0.0 0.015472931109539373 0.7280604517533014 0.256465963559926 0.0
0.0 0.0 0.0 0.0 0.0 0.0 0.0 0.0 0.0 0.0 0.0 0.0 0.9999905822921112 0.0 0.0
0.0 0.0 0.0 0.0 0.0 0.0 0.0 0.0 0.0 0.0 0.0 0.0 0.0 0.0 0.0 0.0 0.0 0.19554503231117043 0.307842391469622 0.2940654923378658 0.20254696892305152
0.0 0.0 0.0 0.0 0.0 0.0 0.0 0.0 0.0 0.0 0.0 0.0 0.0 0.0 0.0 0.0 0.007415632487805899 0.02455719123876805 0.0325129663964985 0.03166368024807644 0.02299151328236922 0.02118012040689609 0.028285024645534774 0.03865055680445707 0.04829939529432266 0.05026662395231681 0.043932371050774806 0.03484114544083552 0.03761547516132957 0.046962980828141196 0.056450851897126716 0.06462894774023582 0.06246196251258882 0.04515392737603763 0.04344841227435481 0.052165782936783624 0.06091824494975591 0.0702594869991587 0.07533769594705429
0.0 0.0 0.0
0.0 0.0 0.0 0.0 0.0 0.0 0.0 0.0 0.0 0.0 0.0 0.2248158737090979 0.4044650595893681 0.3707188236849489
0.0 0.0 0.0 0.0 0.0 0.0 0.0 0.0 0.0 0.0 0.0 0.0 0.0 0.0 0.0 0.0 0.01030941263211041 0.025840408946353442 0.03776628000510137 0.03732468097190089 0.025910453434869602 0.02258477054371143 0.03064078577718148 0.04201488280795672 0.051070973142341276 0.05427847128391442 0.04723013224521186 0.03743297612625785 0.04008118087819729 0.0510377081402105 0.06111863842967572 0.0683780099880384 0.06699501956775608 0.049653982130200475 0.04596287460875555 0.055185453418177925 0.064046530742528 0.07513636320964022
0.0 0.0 0.0 0.0 0.0 0.0 0.0 0.0 0.0 0.0 0.0 0.0 0.01887458466784338 0.0029753209557230043 0.0 0.0025333086444095346 0.023265153761518224 0.0399796491252931 0.052038987045499155 0.0506075141502425 0.03999742147483315 0.03610737366342947 0.04382316932497957 0.05741711967457077 0.06862967503045571 0.07363908132890147 0.06457907700522957 0.0523927366770744 0.054071125417345337 0.06719081363033409 0.07859906452048025 0.08850734907837833 0.08477146142253553
0.0 0.0 0.0 0.0 0.0 0.0 0.0 0.0 0.0 0.0
0.0 0.0 0.0 0.0 0.0 0.0 0.0 0.0 0.0 0.0 0.0 0.0 0.0 0.0 0.0 0.0 0.03231325726290343 0.07879808773298264 0.10776732524607718 0.1028495304306566 0.08010464037476603 0.06925548119499277 0.09208347018321554 0.12580264266841962 0.15094885444319028 0.16007667859608193
0.0 0.0 0.0
0.0 0.0 0.0 0.0 0.0 0.0 0.0 0.0 0.0 0.0 0.0 0.0 0.008381385439305552 0.0022565233593696264 0.0 0.0017533867896081556 0.013931070115795717 0.023845909119456634 0.03145786095264884 0.03049078383346798 0.023771388290658106 0.02142168365144747 0.026458553728462068 0.03490777610729485 0.04210738338698093 0.04465052764510203 0.0390686635198125 0.03119250147542552 0.03242475660877256 0.040272005539388686 0.04765005149192838 0.05415441331202822 0.05216781625015325 0.038258189018942824 0.035870619088475796 0.041515087968478366 0.04907381063824306 0.05611693627498938 0.060010347141283754 0.04381222880880433 0.03643593699915032 0.03654239532600535
0.0 0.0 0.0 0.0 0.0 0.0 0.0 0.0 0.0 0.0 0.0 0.0 0.05789400560863065 0.010171487044691145 0.0 0.0 0.09578019162709676 0.2189938336971564 0.2975311466477151 0.31962924549723665
0.0 0.0 0.0 0.0 0.0 0.0 0.0 0.0 0.0 0.0 0.0 0.0 0.9999897961486705 0.0
0.0 0.0 0.0 0.0 0.0 0.0 0.0 0.0 0.0 0.0 0.0 0.0 0.009927759491465063 0.0039588986426100535 0.0 0.003411990150151413 0.02110860990803889 0.03698963003212705 0.04914442707910667 0.04790266883387459 0.03775076884961847 0.03327127818874039 0.04168562703742737 0.05422895956101582 0.06468176827538659 0.0709081038176741 0.06112871234015936 0.04914480641567159 0.05093574917275177 0.0631130219112023 0.07492651088390437 0.08429176166667887 0.08193152955981038 0.059557405454161924
0.0 0.0 0.0 0.0 0.0 0.0 0.0 0.0 0.0 0.0 0.0 0.0 0.9999938757086989 0.0 0.0
0.0 0.0 0.0 0.0 0.0 0.0 0.0 0.0 0.0 0.0 0.0 0.0 0.0 0.0 0.0 0.0 0.030906349035782228 0.10765943912583933 0.1623143739754687 0.15432488240000689 0.11342826654656019 0.099939802378497 0.1357196751725432 0.19570715917610662
0.0 0.0
0.0
0.0 0.0 0.0 0.0 0.0 0.0 0.0 0.0 0.0 0.0 0.0 0.0 0.0 0.0 0.0 0.0 0.00892946738449191 0.023726075592375447 0.03328912392465376 0.03249447192421626 0.024031360991079283 0.021396792006711594 0.02843304985477542 0.03845249724756406 0.047225816334429176 0.05069859624247967 0.04429260021192072 0.03522108151009886 0.03812565614882958 0.04670892705687784 0.05714404890043035 0.0648225025175731 0.06204219014960724 0.045749511937521026 0.04236026969048892 0.05147967337300168 0.059838809753049685 0.07022544991833259 0.07331201731856768
0.0 0.0 0.0 0.0 0.0 0.0 0.0 0.0 0.0 0.0 0.0 0.0013184790591910577 0.01095001584459852 0.003063064634879062 0.0 0.002541147881860989 0.017923651954807544 0.03123943157249813 0.04046741234734383 0.03925948959464195 0.031206409788154785 0.028002590777969003 0.034894182264845156 0.04549111601390553 0.053686793454445415 0.05765442751435918 0.05037888915251707 0.04093999251520284 0.042569197937045104 0.052004800239579235 0.061908747136683685 0.0698412699775278 0.06700563209728895 0.050764247885245924 0.04860739984279162 0.055262034535128006 0.06301956544991512
0.0 0.0 0.0 0.0 0.0 0.0 0.0 0.0 0.0 0.0 0.0
0.0 0.0 0.0 0.0 0.0 0.0 0.0 0.0 0.0 0.0 0.0
0.0 0.0 0.0 0.0 0.0 0.0 0.0 0.0
0.0 0.0 0.0 0.0 0.0 0.0 0.0 0.0 0.0 0.0 0.0 0.022385507533219932 0.03738396264721101 0.02920817220545112 0.018994264169803945 0.027430227880372714 0.04348763877205351 0.06509578735119463 0.08131657918867712 0.08437895342559115 0.064178156794035 0.0599593320447912 0.06967747794997048 0.08752941008126501 0.10256551445877703 0.10979094196128633 0.09661805468108112
0.0 0.0 0.0 0.0 0.0 0.0 0.0 0.0 0.0
0.0 0.0 0.0 0.0 0.0 0.0 0.0 0.0 0.0 0.0 0.0 0.0 0.0 0.0
0.0 0.0 0.0 0.0 0.0 0.0 0.0 0.0 0.0 0.0 0.0 0.0 0.0 0.0 0.0 0.0 0.2038132442129115 0.7961864025436233
0.0 0.0 0.0 0.0 0.0 0.0
0.0 0.0 0.0 0.0 0.0 0.0 0.0 0.0 0.0 0.0 0.0
0.0 0.0 0.0 0.0 0.0 0.0 0.0 0.0 0.0 0.0 0.0 0.0 0.0 0.0 0.0 0.0 0.06051124954422598 0.16175900692231446 0.22651089015064177 0.22634061068092454 0.1688152220210848 0.15606295100238304
0.0 0.0 0.0 0.0 0.0 0.0 0.0 0.0 0.0 0.0 0.0 0.0 0.0 0.0 0.0 0.0 0.022711006691640504 0.05556330335699092 0.07768510188516155 0.08110128584449879 0.05801369940691197 0.049896945569095984 0.0657686058567219 0.09085393449266219 0.10966172787153729 0.1180483164758378 0.10227073650909346 0.08134596360210289 0.08707934931091894
0.0 0.0 0.0 0.0 0.0 0.0 0.0 0.0 0.0 0.0 0.0 0.0 0.0 0.0 0.0 0.0 0.009290385474145246 0.02332047840965741 0.03319442918893527 0.03449466629583669 0.02375829475854748 0.02092243541093277 0.028380043895599324 0.0390363844873925 0.04828466639486075 0.050581949370176245 0.04416049105841186 0.03466163787946647 0.03773068037093158 0.047034391680878106 0.05694251126990285 0.0642273015079385 0.06220648216881946 0.04468236267927927 0.044389953598534274 0.05144505350438253 0.05998383906012882 0.06964632287241763 0.0716252284715805
0.0 0.0 0.0 0.0 0.0 0.0 0.0 0.0 0.0 0.0 0.0 0.0 0.0
0.0 0.0 0.0 0.0 0.0 0.0 0.0 0.0 0.0 0.0 0.0 0.08552336263629723 0.6675226281612455 0.24695345261645474 0.0
0.0 0.0 0.0 0.0 0.0 0.0 0.0 0.0 0.0 0.0 0.0 0.0 0.0 0.0
0.0 0.0
0.0 0.0 0.0 0.0 0.0 0.0 0.0 0.0 0.0 0.0
0.0 0.0 0.0 0.0 0.0 0.0 0.0 0.0 0.0 0.0 0.0 0.0 0.0017572367987152974 0.0 0.0 0.0 0.012548356959183353 0.048766622991943405 0.06897679820102987 0.0656297833313804 0.04943479660616538 0.0434411696409987 0.059329813217376015 0.08279845617120385 0.10220971369983445 0.1127707442392937 0.09491080575830228 0.07504983515814037 0.08046533080120549 0.10191051412767788
0.0
0.0 0.0 0.0 0.0 0.0 0.0 0.0 0.0 0.0 0.0 0.0 0.0 0.0 0.0 0.0 0.0 0.999998714779013
0.0 0.0 0.0 0.0 0.0 0.0 0.0 0.0 0.0 0.0 0.0 0.0
0.0 0.0 0.0 0.0
0.0 0.0 0.0 0.0 0.0 0.0 0.0 0.0 0.0 0.0 0.0 0.0 0.0 0.0 0.0
0.0 0.0 0.0 0.0 0.0 0.0
0.0 0.0 0.0 0.0 0.0 0.0 0.0 0.0 0.0 0.0 0.0 0.0 0.15676535123807908 0.06544711511005737 0.0 0.04453493741325806 0.27016887318693195 0.4630835685355723
0.0 0.0 0.0 0.0 0.0 0.0 0.0 0.0 0.0
0.0 0.0 0.0 0.0 0.0 0.0 0.0 0.0 0.0 0.0 0.0 0.0 0.9999948365154763 0.0
0.0 0.0 0.0 0.0 0.0 0.0 0.0 0.0 0.0 0.0 0.0 0.006015462214932477 0.5700363034304391 0.19799471286174336 0.0 0.2259528561598226
0.0 0.0 0.0 0.0 0.0 0.0 0.0 0.0 0.0 0.0 0.0
0.0 0.0 0.0 0.0 0.0 0.0 0.0 0.0 0.0 0.0 0.0 0.0 0.0 0.0 0.0 0.0 0.023716355968356032 0.06596586006102764 0.09464998146680674 0.08842613795795642 0.06703949043193912 0.06067020973171988 0.08037173947177162 0.11087425991053197 0.13535568062661898 0.14689210595869764 0.12603814927987336
0.0 0.0 0.0 0.0 0.0 0.0 0.0 0.0 0.0 0.0 0.0 0.21137050896463605 0.3600907858960387 0.25566275241126796 0.17287575623158458
0.0 0.0 0.0 0.0 0.0 0.0 0.0 0.0 0.0 0.0 0.0 0.0 0.0 0.0 0.0 0.0 4.725630704672644e-05 0.0168324836695456 0.027508911411061286 0.025887750151941002 0.018194894787266023 0.015392211798139174 0.02392701259793628 0.03501167704505756 0.042710767352898804 0.04791101409713004 0.03997081397489593 0.030675882360060806 0.03399325230397332 0.043874116504652484 0.05356222971842344 0.06084464333661696 0.059000544841356695 0.04316918774740357 0.04027921555394906 0.04902592838550679 0.05721605848563727 0.06778208211157476 0.07122004498062985 0.054157818862585964 0.041804191409345916
0.0 0.0 0.0 0.0 0.0 0.0 0.0 0.0 0.0 0.0 0.0 0.0
0.0 0.0 0.0 0.0 0.0 0.0 0.0 0.0
0.0 0.0 0.0
0.0 0.0 0.0 0.0 0.0 0.0 0.0 0.0 0.0 0.0 0.0 0.0 0.0 0.0 0.0 0.0 0.015222260673971033 0.1913023215569997 0.29579468143184784 0.29479341313101565 0.20288720883343692
0.0 0.0 0.0 0.0 0.0 0.0 0.0 0.0 0.0 0.0 0.0 0.0 0.0 0.0 0.0 0.0 0.061157338442596215 0.9388421142395831
0.0 0.0 0.0 0.0 0.0 0.0 0.0 0.0 0.0 0.0 0.0 0.0 0.0 0.0
0.0 0.0 0.0 0.0 0.0 0.0 0.0 0.0
0.0 0.0 0.0 0.0 0.0 0.0 0.0 0.0 0.0 0.0 0.0
0.0
0.0 0.0 0.0 0.0 0.0 0.0 0.0 0.0 0.0 0.0
0.0 0.0 0.0 0.0 0.0 0.0 0.0 0.0 0.0 0.0 0.0 0.0 0.0 0.0 0.0 0.0 0.04926246052424887 0.9507369547920596
0.0 0.0
0.0 0.0 0.0 0.0 0.0 0.0 0.0
0.0 0.0 0.0 0.0 0.0 0.0 0.0 0.0 0.0 0.0 0.0 0.0 0.0 0.0 0.0 0.0 0.004585773670284949 0.014650545974961456 0.022061884527737483 0.02015253614858449 0.014555256917572765 0.012811906963009202 0.01783261409754443 0.024675687805000925 0.03018393285008332 0.032020079686688484 0.027960765841930236 0.022423201086882092 0.023403749920503363 0.03001373193373213 0.03606321882478229 0.04152440573536966 0.039509066604690474 0.029160870437011707 0.027209057344591652 0.03289351384656821 0.03799875947817136 0.04453221704838952 0.046396901736028014 0.034125185996046144 0.02790715963887619 0.028601743567964834 0.03245288747196625 0.0388349087402113 0.04398139743049961 0.031836880365585817 0.02228813495630653 0.021199152061995255 0.024095108681495774 0.029874903107044302 0.03218285294318168
0.0 0.0 0.0 0.0 0.0 0.0 0.0 0.0 0.0 0.0 0.0 0.0 0.0 0.0 0.0 0.0 0.12393846521703811 0.36201369905086284 0.5140476742540766
0.0 0.0 0.0 0.0 0.0
0.0 0.0 0.0 0.0 0.0 0.0 0.0 0.0 0.0 0.0 0.0 0.0 0.006627724248251479 0.0 0.0 0.0 0.012568783827617794 0.0298302933740907 0.04085777506067072 0.039600225157190055 0.030307860384648725 0.02713522601446952 0.03512252500369772 0.04912905784632461 0.06026398284792544 0.0638970488723878 0.05413999176238145 0.04406801459110721 0.04726871389615822 0.05815244383712419 0.0700321547836236 0.08016072494237862 0.07578176149044852 0.056196697633103115 0.05473500543108291 0.06412397656359554
0.0 0.0 0.0 0.0 0.0
0.0 0.0 0.0 0.0 0.0 0.0 0.0 0.0 0.0 0.0 0.0 0.0 0.0 0.0 0.0 0.0 0.013237975593839872 0.03241203527686217 0.044532295910154 0.043609767663540674 0.03362871744506433 0.02934250313517386 0.03869987510006411 0.052274818798713193 0.06348643956687976 0.06752935740969523 0.0588180449750337 0.04773092005819175 0.05041957083130105 0.06362872053982219 0.07505216410478505 0.0860466665062354 0.08172797936193041 0.0595253532667889 0.058296781045370345
0.0 0.0 0.0 0.0 0.0 0.0 0.0 0.0 0.0 0.0 0.0 0.0 0.0 0.0 0.0 0.0 0.0 0.07893368477649151 0.13145163492553652 0.12848812412948374 0.09251079359883532 0.0763094819669087 0.11383193485939766 0.16739249261073377 0.21108180368511328
0.0 0.0 0.0 0.0 0.0 0.0 0.0 0.0 0.0 0.0 0.0 0.03188082841076864 0.04613972139374309 0.04208644602400007 0.026623848902121345 0.03497924564052412 0.05485278036482315 0.08215737741713428 0.10200797623162323 0.09949106191825534 0.08264558464023428 0.07484685795346231 0.08566398486132908 0.10931039052415932 0.1273138725719142
0.0 0.0 0.0 0.0 0.0 0.0 0.0 0.0 0.0 0.0 0.0 0.00030314873356984066 0.0063930946162872905 0.0021617724605260875 0.0 0.002054869162490971 0.010354064519332937 0.017013009073787798 0.022153286656634807 0.02191221011747298 0.01740673754790835 0.015533219908371561 0.018951820943262202 0.02515767475311074 0.02928913514543794 0.03148238113183265 0.027478820613442072 0.02232236883899614 0.023141534030925903 0.028562576802504663 0.033446627877805626 0.037709828981124606 0.03589652713141918 0.02728263919185827 0.026261616674696526 0.02959981618723261 0.03421803866234965 0.03978208860028197 0.04098008835375175 0.03164006883093036 0.025458924406136643 0.02608971787849475 0.029290244720587208 0.03468918134111519 0.03888162569068478 0.02791475561920204 0.019884546884122684 0.01759412772023258 0.02157489927209591 0.025704481921862813 0.028452643510792703 0.02094961099951686 0.012937411522629444 0.012088757237309553
0.0 0.0 0.0 0.0 0.0 0.0 0.0 0.0 0.0 0.0 0.0 0.03513778035340258 0.05446103914896102 0.04431102588538691 0.0312278922147974 0.04081607286473355 0.06204255976193521 0.09447672189165122 0.11719069685475972 0.11467472508960375 0.09368729877442282 0.08493643384989769 0.10088105024467482 0.12615667605721428
0.0
0.0 0.0 0.0 0.0 0.0 0.0 0.0 0.0 0.0 0.0 0.0 0.0 0.0 0.0 0.0 0.0 0.004793469313516073 0.01472207910349891 0.021375304189389613 0.02023058146640704 0.015287437550912194 0.01321477796684001 0.01853328822606666 0.025444859946530656 0.03167608334059038 0.033292234119983465 0.02861296812626845 0.022765839345660937 0.02459918195298049 0.0313054363519981 0.037889900940963485 0.04287724440835645 0.040682490539706906 0.02986060323874516 0.028037308290754914 0.03386373280365355 0.039754096966829605 0.045676126480619236 0.04883332432320652 0.036837028033061964 0.028864362592517925 0.029859791306678145 0.03403784148627405 0.04091130314534253 0.044611582049254375 0.03218536772962546 0.02329836529011431 0.02218632283282908 0.02349013349519238 0.030389526234651153
0.0 0.0 0.0 0.0 0.0 0.0 0.0 0.0 0.0 0.0 0.0 0.0 0.0 0.0 0.0 0.0 0.015472549544123932 0.043563583086635105 0.06184476224544469 0.05957799020343562 0.045161951669011866 0.03914545918765656 0.05392670785981756 0.07339367150672056 0.08963748341915949 0.09922008636888384 0.08311552517720165 0.06687142614987457 0.07157350667324158 0.08910029146341547 0.10839498617742355
0.0 0.9999990164146642
0.0 0.0 0.0 0.0 0.0 0.0 0.0 0.0
0.0 0.0 0.0 0.0 0.0 0.0 0.0 0.0 0.0 0.0 0.0 0.0 0.0 0.0 0.0 0.0 0.008968740962950654 0.028720766848516086 0.040155353599913124 0.03915075511632032 0.029974008277328257 0.026382134850770345 0.03514036326200076 0.04922942314667617 0.05985146133572003 0.06461501282092509 0.05592359695759581 0.044614922453758483 0.047658894423285886 0.05990998257176042 0.07276170877712392 0.08053838083888616 0.07729011480153408 0.058490143620909055 0.05566164934915803 0.06496257304485523
0.0 0.0 0.0 0.0 0.0 0.0 0.0 0.0 0.0 0.0 0.0 0.1527247361546132 0.2667508563974444 0.2480819458299984 0.134428617384453 0.1980137036849852
0.0 0.0 0.0 0.0 0.0 0.0 0.0 0.0 0.0 0.0 0.0 0.0 0.999986744758391
0.0 0.0 0.0 0.0 0.0 0.0 0.0 0.0 0.0 0.0 0.0 0.0 0.9999957686230845 0.0
0.0 0.0 0.0 0.0 0.0 0.0 0.0 0.0 0.0 0.0 0.0 0.0 0.00575105266248169 0.0025120718549936113 0.0 0.0015055825361551185 0.009932924407730997 0.017034158716938773 0.022004804461686036 0.021804893265177358 0.017258336590480296 0.015210177690861514 0.01908240321330194 0.024851752179895697 0.0291993392222723 0.03146765294844656 0.027627611801894495 0.02195986617088447 0.023094279824204755 0.028649722526583057 0.03383915354997566 0.03774835686598994 0.036153475526256286 0.026748618833815872 0.026259561834778265 0.029856294235418995 0.03422061544132266 0.03984997093247649 0.04113195337311468 0.03248214556288495 0.025378386149717852 0.025219261801908116 0.02915431533472635 0.03456484274886265 0.038594780272830476 0.028697357114832716 0.01999751800751058 0.01882783849550412 0.02153085528803219 0.025629954981462234 0.02843068045770457 0.021596422394230284 0.01296463269869338 0.012176372279661727
0.0 0.0 0.0 0.0 0.0 0.0 0.0
0.0 0.0 0.0 0.0 0.0 0.0 0.0 0.0 0.0 0.0 0.0 0.0 0.4960404411694484 0.36148309134781675 0.0 0.14247600847847067
0.0 0.0 0.0 0.0 0.0 0.0 0.0 0.0 0.0 0.0 0.0 0.22321134347426894 0.46506049926092036 0.31172785812880793
0.0 0.0 0.0 0.0 0.0 0.0 0.0 0.0 0.0 0.0 0.0 0.0 0.0 0.0 0.0 0.0 0.0057801410864975694 0.01710815237369449 0.02462320251124474 0.02401924099859159 0.018554524919199556 0.01646351485123776 0.020849773179845994 0.02937188351510709 0.036502771337845755 0.038696358178772136 0.03301121359618293 0.026409514367935278 0.028678503432379404 0.03598445256313348 0.04266876242169951 0.04860299750595508 0.047042091385728825 0.03423572739904625 0.03288186274081599 0.039126516994121105 0.045649610262495165 0.05245863700062773 0.055990127027582964 0.040762825337865106 0.033047770516386146 0.03348405075655787 0.0390173611197115 0.04669608785929837 0.0522823170819011
0.0 0.0 0.0 0.0 0.0 0.0 0.0 0.0 0.0 0.0 0.0 0.0 0.0021256705900832063 0.0 0.0 0.0 0.031428309085374924 0.07822874564266431 0.10440122089870642 0.10428417877120141 0.07814691130961203 0.06887560473389576 0.09299841541558199 0.1272517931700334 0.15095758179985733 0.1613015366538664
0.0 0.0 0.0 0.0 0.0 0.0 0.0 0.0 0.0 0.0 0.0 0.0 0.0 0.0 0.0 0.0 0.00038102583966843396 0.009799614850426385 0.01682936198185794 0.016055595582656165 0.010697987430066173 0.010173982519234103 0.013934773680863908 0.020704417422795024 0.02596867390146157 0.027984109085094168 0.02430234652192799 0.01874847105097639 0.020559218961344484 0.026694162841845087 0.03273909557400871 0.03734586340025755 0.03597176336860394 0.025136196621061865 0.024357076228796834 0.029964125545385224 0.0355436269660413 0.041181930789144255 0.043923404040654035 0.03163983385293562 0.024483100988593492 0.02681410143858693 0.030581390608891798 0.037132527368967785 0.04062992037613515 0.02892613730048051 0.020789760987435825 0.019585158308827545 0.02109301664581362 0.02775086718215896 0.03113129603317518 0.023648564480092532 0.013778867233286852 0.012877565973680838 0.013986483186517584 0.020522518940517716 0.02563205874784348
0.0 0.0 0.0 0.0 0.0 0.0 0.0
0.0 0.0 0.0 0.0 0.0 0.0 0.0 0.0 0.0 0.0 0.0 0.0 0.0 0.0 0.0 0.0 0.0 0.1012079628813055 0.16933725114667245 0.1614567270629581 0.10666864295301848 0.09614552770975453 0.14723562346104693 0.21794820007395388
0.0 0.0 0.0 0.0 0.0 0.0 0.0 0.0 0.0 0.0 0.0 0.0
0.0 0.0 0.0 0.0 0.0 0.0 0.0
0.0 0.0 0.0 0.0 0.0 0.0 0.0 0.0 0.0 0.0 0.0 0.0 0.0 0.0
0.0 0.0 0.0 0.0 0.0
0.0 0.0 0.0 0.0 0.0 0.0 0.0 0.0 0.0 0.0 0.0 0.0 0.003520595199033756 0.0 0.0 0.0 0.017165975698224693 0.04105392817845577 0.05576327188298504 0.05372816951281581 0.04076189610413686 0.03772841139124543 0.046881626073528186 0.06570358018895976 0.07881100037902122 0.08518060329676394 0.07351152428152438 0.05884236734619221 0.0625412759245009 0.07896361148413174 0.09376060179264614 0.10608154472050639
0.0 0.0
0.0 0.0 0.0 0.0 0.0 0.0 0.0 0.0 0.0 0.0 0.0
0.0 0.0 0.0 0.0 0.0 0.0 0.0 0.0 0.0 0.0 0.0 0.0 0.0028272493439557957 0.0 0.0 0.0 0.012414884486413856 0.04354686609332553 0.060723769949302585 0.06007341227273767 0.04375395830740785 0.0405375665370612 0.052143689834223766 0.07467106338297028 0.088864811238787 0.09936570835795705 0.08332942729245044 0.06610581753287183 0.07182596885886484 0.09005581178062641 0.1097599750179613
0.0 0.0
0.0 0.0 0.0 0.0 0.0 0.0 0.0 0.0 0.0 0.0 0.0 0.0 0.018289437274562677 0.003555702158962002 0.0 0.004712756856305768 0.03298264145343717 0.05831418106104715 0.08058223271391546 0.07513156133987774 0.058922736804446825 0.05243187000318827 0.06468759689967583 0.08630804110368566 0.10305486205106226 0.107845796279849 0.09441585560331608 0.07745735666157756 0.08130735188118458
0.0 0.0 0.0 0.0 0.0 0.0 0.0 0.0 0.0 0.0 0.0 0.0 0.0 0.0 0.0 0.0 0.011976657836349462 0.030114594323531606 0.044286503982310134 0.04003836621128382 0.02992730036328343 0.026594572352990332 0.03502008615893719 0.04880009186391306 0.06036795091396372 0.06346658487399162 0.05479508979491522 0.04446228512041411 0.04708861257199009 0.05849426251004171 0.071052879465753 0.0805507705343502 0.07764092813745102 0.05647090741824521 0.05408803403493786 0.06476350896854369
0.0 0.0 0.0 0.0 0.0 0.0
0.0 0.0 0.0 0.0 0.0 0.0 0.0 0.0 0.0 0.0 0.0 0.0 0.0
0.0 0.0 0.0
0.0 0.0 0.0 0.0 0.0 0.0 0.0 0.0 0.0 0.0 0.0 0.0 0.0 0.0 0.0 0.0 0.27351670215147794 0.7264829929884687
0.0 0.0 0.0 0.0 0.0 0.0 0.0 0.0 0.0
0.0 0.0 0.0 0.0 0.0 0.0 0.0 0.0 0.0 0.0 0.0 0.0 0.0 0.0 0.0 0.0 0.007982406004516534 0.023243963755540577 0.030318858077207352 0.02925417836354094 0.021759930017653615 0.019743915335997654 0.02619387023026558 0.036620653658570236 0.0451951585451106 0.04874846966338198 0.04198209701170834 0.03316525402421479 0.036135044282696906 0.04463130612123994 0.05461799035021283 0.06132471165061511 0.059301446925062146 0.04305316537791765 0.04055577649454602 0.0492397498656698 0.05727387524273869 0.06643333664132514 0.06976247065969225 0.05346236206607613
0.0 0.0 0.0 0.0 0.0 0.0 0.0 0.0 0.0 0.0 0.0 0.0 0.0014760403246840935 0.0 0.0 0.0 0.013520216886204405 0.053883051542637346 0.0766232425746553 0.07416016829080845 0.05767977955063328 0.05081936807116463 0.06469104084464654 0.09188176641748944 0.11373415699966591 0.12335934239207065 0.10429069820258804 0.08383111084027604 0.09004999209734718
0.0 0.0 0.0 0.0 0.0 0.0 0.0 0.0 0.0 0.0 0.0 0.0 0.00015439817018602815 0.0 0.0 0.0 0.00615623496810932 0.015100480639985621 0.022645355818124557 0.020670181792500516 0.015270231369938124 0.013566262317147337 0.017666551343810538 0.0245474224162892 0.02987921785002654 0.03302920465188201 0.027828295096338114 0.022256377137958323 0.023715224061390077 0.030041563505068637 0.03575922465754491 0.041084841334509875 0.039076462386994595 0.02838377004678285 0.0269431292310926 0.03249146414835646 0.037684072473427546 0.04437486423451177 0.045669856188270005 0.034011674144771874 0.026528114873534372 0.028541257595355068 0.03277530963122785 0.03904792690724431 0.04326844227751655 0.03180746162382987 0.02270700188760161 0.020932566707956412 0.02355952882394267 0.028816047190437944 0.03400997616581153
0.0 0.0 0.0 0.0 0.0 0.0 0.0 0.0 0.0 0.0 0.0 0.0 0.001427866347156007 0.0 0.0 0.0 0.006657729536899244 0.014026970701101598 0.019376705718670954 0.018804544033771912 0.01496864554333619 0.012843479613389977 0.016989039942751246 0.022577926447451463 0.027370642375168265 0.02928457333399111 0.024973840284918836 0.020176513902285642 0.021756842494818938 0.026692355631689226 0.031933808405350726 0.03630701523342765 0.033677279425521754 0.0258072751809971 0.02460644201515961 0.027750856863640025 0.03296963804248332 0.037706901617948874 0.03880220189372773 0.03113704565984594 0.024286374929358544 0.024301263737895873 0.028160003014155912 0.032618482109310266 0.03603563285963359 0.02708652837816473 0.01983825878332818 0.01834692466000665 0.020619244467513575 0.024929935218834322 0.027458156423076606 0.019971792784897358 0.012588762553697362 0.012173017953943339 0.01393120859164559 0.018553633771716684 0.022516890791998714 0.017957743048211273
0.0 0.0 0.0 0.0 0.0 0.0 0.0 0.0 0.0 0.0 0.0 0.0 0.0022495500781263343 0.0 0.0 0.0 0.021835598873781076 0.05069770141667053 0.06939628264530162 0.07318134260011006 0.05389517220657178 0.046192902492632394 0.06018476359271857 0.0810568856588779 0.09789351002917007 0.10582018797725619 0.09094363168366361 0.07292998073454557 0.07716924788393102 0.09655322145432803
0.0 0.0 0.0 0.0
0.0 0.0 0.0 0.0 0.0 0.0 0.0 0.0 0.0 0.0 0.0 0.0 0.0 0.0 0.0
0.0 0.0 0.0 0.0 0.0 0.0 0.0 0.0 0.0
0.0 0.0 0.0 0.0 0.0 0.0 0.0 0.0 0.0 0.0
0.0 0.0 0.0 0.0 0.0 0.0 0.0 0.0 0.0 0.0 0.0 0.0 0.0 0.0 0.0 0.0 0.0036148628238026116 0.011860196647265103 0.01739152124104617 0.01677288953425455 0.013134402600469334 0.01115808061865281 0.014759708123142389 0.020615744758091567 0.025626341608351054 0.027761071870297194 0.023645531668965276 0.01882022928908826 0.020348586617232878 0.025260531511294117 0.030879703718977074 0.0348786816889964 0.03379820590419834 0.024411434872288734 0.023835895869194497 0.028096006481484165 0.03245663903229261 0.03764139356933678 0.040195872529496274 0.030606769410506104 0.023281840885204932 0.024515488999635158 0.028190170480113158 0.03356574632417601 0.03743008556711771 0.02761230438790894 0.017483358150565176 0.017974166176958392 0.020130422013171886 0.024847597859760005 0.027399625065321478 0.020563468363442285 0.012477914140477797 0.011306390994251608 0.01380684824292933 0.01868534123103455 0.02316386577836128 0.017954011923059423 0.010857345906350067 0.010169732629512497 0.011013967314484521
0.0 0.0 0.0 0.0 0.0 0.0 0.0 0.0 0.0 0.0 0.0
0.0 0.0 0.0 0.0 0.0 0.0 0.0 0.0 0.0 0.0 0.0 0.3647485926260352 0.6352510459957402
0.0 0.0 0.0 0.0 0.0 0.0 0.0 0.0 0.0 0.0 0.0 0.0 0.0 0.0
0.0
0.0 0.0 0.0
0.0 0.0 0.0 0.0 0.0 0.0 0.0 0.0 0.0 0.0 0.0 0.3643862643088472 0.6356133515260682
0.0 0.0 0.0 0.0 0.0 0.0 0.0 0.0 0.0 0.0 0.0 0.0 0.005881112676912674 0.002140491682787908 0.0 0.002188587423310743 0.00971716840092104 0.016972856501141716 0.022058728811044176 0.021336914327620613 0.016718377902029197 0.015185662506713639 0.018273879915669387 0.024255829684928235 0.02895155472905105 0.031039977727715242 0.027264672305328815 0.02184259227081 0.023058523221335732 0.027842157525452646 0.03308211278029933 0.0378072249945493 0.03556652684538361 0.026747138593933625 0.025529231682040257 0.029750852123124602 0.03417217078753365 0.03929474552879663 0.04168923233078796 0.03183914899659512 0.024985085554778845 0.025302752875924425 0.028764637192019122 0.03451178389237934 0.037970136703051036 0.027757191186644388 0.0198836998460539 0.01847017275876477 0.020655417864443026 0.025612894727180504 0.028197578321239404 0.020638180754640262 0.012673416815557576 0.010691863897670522 0.013677709691090343
0.0 0.0 0.0
0.0 0.0 0.0 0.0 0.0 0.0 0.0 0.0 0.0 0.0 0.0 0.008698663272665554 0.014487819342357973 0.01295736953662558 0.007723365647563031 0.010598000778644938 0.017416289109724974 0.02705084036480152 0.0319692870153688 0.03167793015447517 0.025698532227525533 0.023726145433600503 0.027359395179222236 0.034864817379889154 0.04108789966463293 0.043741090136781444 0.03841963997587599 0.03216916420815259 0.03293366085891504 0.03938138090797019 0.046215746804725386 0.05185947653123767 0.05009172857846712 0.03765038167674285 0.036354821184166976 0.0401264948488943 0.04710757553485934 0.054129046202886354 0.05588189299722627 0.04407821484142631 0.03454332208577868
0.0 0.0 0.0 0.0 0.0 0.0 0.0 0.0 0.0 0.0 0.0 0.0 0.016796405919018 0.0005656736045397391 0.0 0.0 0.1032272688412656 0.2347697853268337 0.32728916850833517 0.31735160039984617
0.0 0.0 0.0 0.0
0.0 0.0 0.0 0.0 0.0 0.0 0.0 0.0 0.0 0.0 0.0 0.0 0.001081754731275572 0.0 0.0 0.0 0.010931024882403884 0.024029034174338586 0.032958452231427245 0.03295493991942628 0.024973173532214694 0.021805292297473043 0.028681950815104777 0.03968340876263437 0.04735945454567696 0.05117808499115037 0.044430111606830545 0.035289730639556344 0.038249339245645095 0.04754396302079142 0.057192956657822216 0.06298199413583634 0.061643877993511696 0.0454201352108469 0.04388704838744748 0.05045619277988844 0.05920752914552398 0.06767175268759136 0.07038878757548589
0.0 0.0 0.0 0.0 0.0 0.0 0.0 0.0 0.0 0.0 0.0 0.10490951275171027 0.6766909038818522 0.2183989005491621 0.0
0.0 0.0 0.0 0.0 0.0 0.0
0.0 0.0 0.0 0.0 0.0 0.0 0.0 0.0 0.0 0.0 0.0 0.0 0.9999937162908957 0.0
0.0 0.0 0.0 0.0 0.0 0.0 0.0 0.0 0.0 0.0 0.0 0.16504953841322537 0.2748494862550748 0.21172963641909928 0.13158913324150326 0.21678204524459294
0.0 0.0 0.0 0.0 0.0 0.0 0.0 0.0 0.0 0.0 0.0 0.006765038739871068 0.011251676238872394 0.010582051147457788 0.005719052975911526 0.008072731019619113 0.01445022843932995 0.021542073540916577 0.028162650844271855 0.02634415002086384 0.02160859722714537 0.01962698499343321 0.02321772350126487 0.02907381527080771 0.03437932433481904 0.035922673855327054 0.03163098576944253 0.026230616263033364 0.027587559412235008 0.0329868552030068 0.03850640714516482 0.04248671769621001 0.04120213364430986 0.030820330463222884 0.029824949384085805 0.03322451982517577 0.03899639494211739 0.04416838980078532 0.04563205094768453 0.03632396340397457 0.028804826162000474 0.028234589791976114 0.03268093961293151 0.03849571667207963 0.04406171848637635 0.031381556958550993
0.0 0.0 0.0 0.0 0.0 0.0 0.0 0.0 0.0 0.0 0.0 0.0 0.0 0.0 0.0 0.0
0.0 0.0 0.0 0.0 0.0 0.0 0.0 0.0 0.0 0.0 0.0 0.0 0.034511782881095035 0.012055514670355809 0.0 0.0086400494219163 0.05286338683221941 0.09235916077743549 0.11863757861180363 0.11684657252028319 0.09256876841058632 0.0817746588064693 0.10143904447739277 0.13264050767819952 0.15566294433282987
0.0 0.0 0.0 0.0 0.0 0.0 0.0 0.0 0.0 0.0 0.0 0.0 0.0 0.0 0.0 0.0 0.012952526300231647 0.03171199333231053 0.045034153255735516 0.043061345299994454 0.032305340766278424 0.029248898793722482 0.037787400604287535 0.05229466064360002 0.06462079824086321 0.06775777519185792 0.059443336044078 0.04682246833388972 0.05089616276925036 0.06299395180759863 0.0764048198137099 0.08588123517267708 0.08202861324001103 0.060629233535989646 0.0581252734761641
0.0 0.0 0.0 0.0 0.0 0.0 0.0 0.0 0.0
0.0 0.0 0.0 0.0 0.0 0.0 0.0 0.0 0.0 0.0 0.0 0.0 0.0 0.0 0.0
0.0 0.0 0.0 0.0 0.0 0.0 0.0 0.0 0.0 0.0 0.0 0.0 0.0 0.0 0.0 0.0 0.036899500604514274 0.13273459282288733 0.1955276513147415 0.18995657211278397 0.14695845315714062 0.1291141981941148 0.16880896809151788
0.0 0.0 0.0 0.0 0.0 0.0 0.0 0.0 0.0 0.0
0.0 0.0 0.0 0.0 0.0 0.0 0.0 0.0 0.0 0.0 0.0 0.007040048422332601 0.011871412827019171 0.009722606942598619 0.00704930582224014 0.009059795260983343 0.014095094740103642 0.02132644007081973 0.0261589843402004 0.02618249087525974 0.02120382490145615 0.01937476234913619 0.022513338573671132 0.028769162699424627 0.03310357717083933 0.03522093512322103 0.0315057680985626 0.025979690286108796 0.026447279740262144 0.03193546574427088 0.03757344918501876 0.041534028066049604 0.04007135888065842 0.03052216935838657 0.02855887450740729 0.03293975749600494 0.037481374359467794 0.04299451903969784 0.04431614901473298 0.035430134209366894 0.027584578546550113 0.028529196372409592 0.031660920305836504 0.0377176649541666 0.04211760729551506 0.031349027611892795 0.021059200717606506
0.0 0.0 0.0 0.0 0.0 0.0 0.0 0.0 0.0
0.0 0.0 0.0 0.0 0.0 0.0 0.0 0.0 0.0 0.0 0.0 0.0 0.0
0.0 0.0 0.0 0.0 0.0 0.0 0.0 0.0 0.0 0.0 0.0
0.0 0.0 0.0 0.0 0.0 0.0 0.0 0.0 0.0 0.0
0.0 0.0 0.0 0.0
0.0 0.0 0.0 0.0 0.0 0.0 0.0 0.0 0.0 0.0 0.0 0.0 0.0 0.0 0.0 0.0 0.004269656283369815 0.014103771463265946 0.018991029500378075 0.01815519692876964 0.013275733631414745 0.012071096013539942 0.016144723350149912 0.02210349535984478 0.026997453369894304 0.029649197560901203 0.025144100725257447 0.020242829672851417 0.02205974847772413 0.027704278619453255 0.033156961823674315 0.03783468149146982 0.036321801327801974 0.026053326464467688 0.02514607130553315 0.02997101521526021 0.03519476078211715 0.04102329933092432 0.04223459313106373 0.03336750737846518 0.025326445086769338 0.026485190079556617 0.030098927770489857 0.036290403415409074 0.040219390159782306 0.03059004016586831 0.020691859231675373 0.0193574698503136 0.0215010232835526 0.02750192192047476 0.03096834778813086 0.021616718241072874 0.013221608359842051 0.011922601842097378 0.013326224277145584 0.01966549344274267
0.0 0.0 0.0 0.0 0.0 0.0 0.0 0.0 0.0 0.0 0.0 0.0 0.0 0.0 0.0 0.0 0.9999989242670737
0.0 0.0 0.0 0.0 0.0 0.0 0.0 0.0 0.0 0.0 0.0 0.0 0.0 0.0 0.0 0.0 0.018803902585144798 0.05886790315863758 0.08510182230710955 0.0816160827004733 0.06034467663706286 0.05311076858270152 0.07215784571896394 0.10344413130569634 0.12339320570865148 0.13551668467019407 0.11561325006568918 0.0920296992129341
0.0 0.0 0.0 0.0 0.0 0.0 0.0 0.0 0.0 0.0 0.0 0.0 0.0 0.0 0.0 0.0 0.0038438409668329573 0.010335656189029577 0.014479899996601866 0.014049965056826945 0.010446926171544966 0.009430220778358735 0.012162651202616082 0.016928786173833345 0.0206684237322825 0.022157561430228994 0.019101961719704453 0.01557373386402801 0.01638239148116464 0.020559928155315307 0.024596786148139687 0.027747792769456978 0.02677668554745702 0.01934770877114428 0.018626167488221077 0.02256765121031798 0.026175684025586714 0.03033474642279291 0.031703638120273964 0.024778754512036223 0.019107118850017576 0.01992520944601808 0.022788036931040746 0.026647071848258246 0.031068690930519824 0.02288194239883094 0.015282160160945003 0.014472066380936364 0.016164910726251164 0.020244494564517795 0.02215481966474607 0.01611706039056106 0.009733349064548357 0.009266759331471945 0.010555715509099613 0.015048098252872883 0.018476610709140553 0.014845142327005857 0.008094850427912973 0.008091357940928771 0.008635761589615827 0.011852537942458054 0.015020615317913082 0.014300085877013343 0.009454113306138514 0.007980055318348108 0.008564997928104135 0.011294947707400738 0.013683939364856405 0.01477333418340543 0.011529629776713042 0.009630663419199745 0.009385830289587562 0.011069111095777394 0.013825107647161789 0.015408640413877572 0.013847596652134832
0.0 0.0 0.0 0.0 0.0 0.0 0.0 0.0 0.0 0.0 0.0 0.0 0.0 0.0 0.0 0.0 0.015733624705957756 0.06137970926828851 0.08971080369066879 0.08860146209778576 0.05876581055678207 0.05473151167507784 0.07167262752501309 0.100157338578132 0.12274542593390816 0.13316035163260864 0.11277121688617339 0.09057009042722503
0.0 0.0 0.0 0.0 0.0 0.0 0.0 0.0 0.0 0.0 0.0 0.0 0.01973135651446106 0.003312334710529269 0.0 0.0 0.032807499889413866 0.07565541784853741 0.10422351825470126 0.10272904957370128 0.07867684366012431 0.06912318035447274 0.08902349968597582 0.12302769560049232 0.1449187332408412 0.15677083995882068
0.0 0.0 0.0 0.0 0.0 0.0 0.0 0.0 0.0 0.0 0.0 0.9999991513673769
0.0 0.0 0.0 0.0 0.0 0.0 0.0
0.0 0.0 0.0 0.0 0.0
0.0 0.0 0.0 0.0 0.0 0.0 0.0 0.0 0.0 0.0 0.0 0.0
0.0 0.0 0.0 0.0 0.0 0.0 0.0 0.0 0.0
0.0 0.0 0.0 0.0 0.0 0.0 0.0
0.0 0.0 0.0 0.0 0.0 0.0 0.0 0.0 0.0 0.0 0.0 0.0 0.0 0.0 0.0 0.0 0.001182415642430085 0.03177289779848834 0.05100774576972011 0.056345390864861324 0.03453345129934137 0.0307788412529577 0.04557215686788691 0.06776680820343615 0.08342115220853823 0.09074764131867126 0.07734249643261837 0.05977269317515042 0.06512963466205782 0.08481195426356448 0.10281256408569107 0.11700213653399652
0.0 0.0 0.0 0.0 0.0 0.0 0.0 0.0 0.0 0.0 0.0 0.0008810047753044587 0.011190559061977677 0.004163240942038506 0.0 0.0030229068243614998 0.017006044188019532 0.029388336304712184 0.03801686446180153 0.03676658258242656 0.02982323916302777 0.02610843479516084 0.03270354950415193 0.04246628330381368 0.049770696048125035 0.05436770899890626 0.046343200429804624 0.03813585902008248 0.03975056629407016 0.049250651160677714 0.05810097175012394 0.06469338701174752 0.061284422734814825 0.04570518239659378 0.04467552562098434 0.05100696998440379 0.058399297163251346 0.06697850568735607
0.0 0.0 0.0 0.0 0.0 0.0 0.0 0.0
0.0 0.0 0.0 0.0 0.0 0.0 0.0 0.0 0.0 0.0 0.0 0.0 0.005381580178997188 0.0 0.0 0.0 0.06716888017850038 0.16374996830996796 0.22237735490515753 0.23440011322453844 0.1637023239426342 0.14321971264855085
0.0 0.0 0.0 0.0 0.0 0.0
0.0 0.0 0.0 0.0 0.0 0.0 0.0
0.0 0.0 0.0 0.0 0.0 0.0 0.0 0.0 0.0 0.0 0.0 0.0 0.0 0.0 0.0 0.0 0.25662722669031257 0.7433724407543204
0.0 0.0 0.0 0.0 0.0 0.0 0.0 0.0 0.0 0.0 0.0
0.0 0.0 0.0 0.0
0.0 0.0 0.0 0.0 0.0 0.0 0.0 0.0 0.0 0.0 0.0 0.0 0.0 0.0 0.0 0.0 0.004798275396933216 0.013144819594824083 0.018481981645312638 0.018001289489334455 0.01344512821366611 0.012174293205441736 0.016233073721528817 0.02192707865267759 0.026495271247222577 0.02856138074549357 0.024668623805302787 0.019369410000733386 0.02118782094836845 0.026472416053657633 0.03190315502874228 0.03581260057253615 0.03385395360702712 0.025050866136924803 0.024123893984336033 0.028268489283808467 0.03293310492139349 0.03778306324188818 0.03903703715448257 0.029566836770324227 0.02430673553285559 0.025178855220888495 0.02873904753320597 0.03301064008748739 0.03601872854468791 0.026460600349814623 0.01950736049925085 0.01833704521970551 0.020740937229663692 0.025733460210395576 0.028837799218609222 0.02011888785763666 0.011888344547839571 0.011872432158357562 0.013968555269310068 0.019193769994337122 0.022720196992387896 0.01874084905469068 0.01133188526904326
0.0 0.0 0.0 0.0 0.0 0.0 0.0 0.0 0.0 0.0 0.0 0.0 0.0 0.0 0.0 0.0
0.0 0.0 0.0
0.0 0.0 0.0 0.0 0.0 0.0 0.0 0.0 0.0 0.0 0.0 0.0 0.0 0.0 0.0 0.0 0.0 0.15535964285339038 0.2714996122171379 0.2681834276086123 0.1625405486713082 0.14241667557327273
0.0 0.0 0.0 0.0 0.0 0.0 0.0 0.0 0.0 0.0 0.0 0.0 0.022943473103970612 0.008498159013462785 0.0 0.009127259432109052 0.04027781523643746 0.06978971920402667 0.09412988913297687 0.08829966883524074 0.07009366268987345 0.06229285227480229 0.07679902461476457 0.10002635798226199 0.12076319790137068 0.12637467626249627 0.1105842209783324
0.0 0.0 0.0 0.0 0.0 0.0 0.0 0.0 0.0 0.0 0.0 0.0 0.0 0.0 0.0 0.0 0.00031137083965949243 0.016519151937133745 0.025819763513974896 0.02477290635501187 0.016802090250231903 0.014708594924808253 0.02208856925811854 0.033174772702011815 0.041301073483494335 0.04511198101022355 0.03802071179257457 0.029670089691135743 0.03222690015413267 0.042365450042649196 0.05212791680704763 0.05833963913756563 0.05538564927271961 0.039981570659045854 0.03922801745829449 0.04649564863787463 0.05610036780304574 0.06521249983282305 0.06800341328088338 0.05324872043432037 0.04073067101224846 0.04225244991141185
0.0 0.0 0.0 0.0 0.0 0.0 0.0 0.0 0.0 0.0 0.0 0.0 0.0 0.0 0.0 0.0 0.012076479116283222 0.029414040801981498 0.042170038005472206 0.039948840737557424 0.030672747331125978 0.026782914572980182 0.03631984633889752 0.04894930839275603 0.059255465302776165 0.06520645457005637 0.05459706253813662 0.04463822215199598 0.046725209801144064 0.05879771129622953 0.07052289626743552 0.08132658339597984 0.0771410028028949 0.05659588738332501 0.05545445048619912 0.06340482614518976
0.0
0.0 0.0 0.0 0.0 0.0 0.0 0.0 0.0 0.0 0.0 0.0 0.0
0.0 0.0 0.0 0.0 0.0 0.0 0.0 0.0 0.0 0.0 0.0 0.0 0.6868198697983645 0.1281587327244286 0.0 0.1850207049286844
0.0 0.0 0.0 0.0 0.0 0.0
0.0 0.0 0.0 0.0 0.0 0.0 0.0 0.0 0.0 0.0 0.0 0.0
0.0 0.0 0.0 0.0 0.0 0.0 0.0 0.0 0.0 0.0 0.0 0.0 0.020931794145418934 0.018122038144793656 0.0 0.004926429339509233 0.03712888459783253 0.06214995366762914 0.08180159456126754 0.0856619563584919 0.06366028870261928 0.056210264594177294 0.07032786918835637 0.09258009641534243 0.10733837231793815 0.11633393666693176 0.1009532263867283 0.08187327362844683
0.0 0.0 0.0 0.0 0.0 0.0
0.0 0.0 0.0 0.0 0.0
0.0 0.0
0.0 0.0 0.0 0.0 0.0 0.0 0.0 0.0 0.0 0.0 0.0 0.999958925106344
0.0 0.0 0.0 0.0 0.0 0.0 0.0 0.0 0.0 0.0 0.0 0.0
0.0 0.0 0.0 0.0 0.0 0.0 0.0
0.0 0.0 0.0 0.0 0.0 0.0 0.0 0.0 0.0
0.0 0.0 0.0 0.0 0.0 0.0 0.0 0.0 0.0 0.0 0.0 0.0 0.008969414475419827 0.0020803225695125317 0.0 0.002680175977420325 0.019669784371273747 0.03522098622062111 0.04626010639107722 0.04487604384812753 0.03515044698681284 0.031744769591263745 0.039138612902355194 0.05129835317113013 0.06237580205791573 0.06517244874728095 0.057635187657247705 0.04661640150061897 0.04961458885800781 0.059985745671585655 0.07133896337421608 0.08089639974064856 0.07638098904179443 0.05808460535223787 0.05480983941739162
0.0 0.0 0.0 0.0 0.0 0.0 0.0 0.0 0.0 0.0 0.0 0.0 0.0 0.0 0.0 0.0 0.05034311975251879 0.1403585969108644 0.19381519877276712 0.1822669704798386 0.14558942331836924 0.12352616192913667 0.16410046962509958
0.0 0.0 0.0 0.0 0.0 0.0 0.0 0.0 0.0 0.0 0.0 0.0 0.515049313887948 0.48495013527439623
0.0 0.0 0.0 0.0 0.0 0.0 0.0 0.0 0.0 0.0 0.0 0.004982769839214177 0.009989627703828252 0.00698411324308632 0.004098439704731942 0.007383327323743739 0.014216321163699353 0.02187640911360491 0.02667474377326464 0.026074772179423594 0.021576423316684384 0.019159183975758474 0.023570959756164914 0.02943003038806136 0.034333968868529005 0.0369787621528844 0.03223895779971875 0.026747559117707317 0.027776657086433718 0.03331714261025509 0.03895326119014173 0.04353358124379403 0.042026941167537704 0.031193369720071824 0.030160676523673796 0.03444427045349451 0.039187861779807605 0.04461962761883899 0.04597061830509836 0.03619270157475996 0.02903815057185406 0.030023003272034974 0.03354795622677352 0.038628636099578326 0.043040028389033126 0.03202914031280262
0.0 0.0 0.0 0.0 0.0 0.0 0.0 0.0 0.0 0.0 0.0 0.0 0.02093397218923281 0.0 0.0 0.0 0.06503115716095483 0.18756830351659365 0.2719408509156829 0.26133403063839855 0.19319160188582055
0.0 0.0 0.0 0.0 0.0 0.0 0.0 0.0 0.0 0.0 0.0 0.0 0.0 0.0 0.0 0.0 0.02664608207905647 0.08991056325489141 0.12925647487660244 0.12459175820530548 0.09220186660983505 0.08023433973437402 0.11139475906676692 0.15566478019241003 0.190099334236014
0.0 0.0 0.0 0.0 0.0 0.0 0.0 0.0 0.0 0.0 0.0 0.0
0.0 0.0 0.0 0.0 0.0
0.0 0.0 0.0 0.0
0.0 0.0 0.0 0.0 0.0 0.0 0.0 0.0 0.0 0.0 0.0 0.0 0.0 0.0 0.0 0.0 0.061966704957095185 0.16638074898109423 0.22919524744143072 0.2224429382868585 0.1673173180773671 0.15269697026063528
0.0 0.0 0.0 0.0 0.0 0.0 0.0 0.0 0.0 0.0 0.0 0.0 0.9999690288286327 0.0
0.0 0.0 0.0 0.0 0.0 0.0 0.0 0.0 0.0 0.0 0.0 0.0 0.005926961719937182 0.002083965490050628 0.0 0.0016276713041197728 0.009864591809699029 0.017496672722832715 0.02421825244918875 0.022559428797484505 0.017703659311701203 0.01597364932617241 0.01937349619533838 0.025603610446687436 0.030379711633730107 0.03267970077998129 0.02839502065975232 0.02303162111660886 0.024252535574399325 0.029397047132875803 0.034899355504592666 0.03987009780277256 0.0382217544846819 0.028260952324246212 0.026782115079897462 0.03113083181483322 0.03606604755839076 0.04204005975910592 0.044128133007034755 0.0343275111997526 0.026621934726743925 0.0272638107523833 0.030783293294240045 0.0365877994212133 0.04163470177086486 0.03061551914003598 0.0212469890533482 0.018346956399525473 0.022110106697898285 0.027442642546713573 0.031051785230798483
0.0 0.0 0.0 0.0 0.0 0.0 0.0 0.0 0.0 0.0 0.0 0.0 0.0 0.0 0.0 0.0 0.0 0.010730664249975527 0.01751374675660608 0.01709050197528775 0.010716786500236322 0.010356656235931166 0.015442027357798788 0.023360320427387418 0.030089061707069813 0.03207102768993925 0.0274562239442861 0.02147847629416904 0.02396418864113519 0.03062662511650804 0.03740066847579888 0.04353952563438259 0.04194347807146396 0.029498220499782214 0.027903289537417317 0.03551786725639159 0.041714255929219825 0.048648611225153224 0.05122205647276953 0.03861382839169825 0.030170307690217352 0.031386073007408755 0.0361491187694332 0.042878285420755106 0.04959245772178408 0.03713077017052604 0.02447032772070418 0.022978230352192253 0.026020116117825454 0.03232619750219385
0.0 0.0 0.0 0.0 0.0 0.0 0.0 0.0 0.0 0.0 0.0 0.0 0.007701849218161034 0.0 0.0 0.0 0.09896907995527701 0.23926234056210713 0.3336291369819575 0.32043749301335694
0.0 0.0 0.0 0.0 0.0 0.0 0.0 0.0 0.0 0.0 0.0 0.0 0.0 0.0 0.0 0.0 0.01152278450283713 0.02991824037918036 0.04208149910453471 0.0403841044723251 0.031800805334903745 0.027475581955010514 0.03588128591851639 0.04884376968667312 0.0592299544284877 0.06398022786917391 0.05480447721687388 0.04476497246963788 0.04732761752263003 0.059063114096594475 0.0712211356814858 0.08007695316371481 0.07742340631554318 0.05557835824064988 0.05437886603388843 0.06424283305524799
0.0 0.0 0.0 0.0 0.0 0.0 0.0 0.0
0.0 0.0 0.0 0.0 0.0 0.0 0.0
0.0 0.0 0.0 0.0 0.0 0.0 0.0 0.0 0.0 0.0 0.0 0.014434824009833584 0.025174647159015254 0.017981240788133703 0.011241462145704283 0.018620263182354976 0.033710035559901014 0.05297427977291225 0.06481095330151224 0.06425161911164612 0.05280055248699012 0.0479266212296961 0.05612657245998004 0.07277720691346037 0.08399959289311477 0.08850600168522768 0.0793462917887279 0.06509587071737646 0.06873842670561603 0.08148352242910498
0.0 0.0
0.0 0.0 0.0 0.0 0.0 0.0
0.0 0.0 0.0 0.0 0.0 0.0 0.0 0.0 0.0 0.0 0.0 0.0 0.0 0.0 0.0 0.0 0.0035084080779384116 0.17607029179044378 0.3216772427199693 0.3165192457004062 0.1822247013678186
0.0 0.0 0.0 0.0 0.0 0.0 0.0 0.0 0.0 0.0 0.0 0.029028905200539357 0.04603049020057682 0.03679552623670734 0.025643864935564812 0.035933278889615276 0.055678991829059055 0.08301244589562226 0.10294503238453881 0.10107505343463395 0.08206226850386382 0.07477366716506394 0.08715830309252827 0.1111896731180749 0.12867247527165016
0.0 0.0 0.0 0.0 0.0 0.0 0.0 0.0 0.0 0.0 0.0 0.0 0.0 0.0 0.0
0.0 0.0 0.0 0.0 0.0 0.0 0.0 0.0 0.0 0.0 0.0 0.007940027838428978 0.0227631400619106 0.013883552511683533 0.008471492660057714 0.014750897005551933 0.032257890252286266 0.04813740173006412 0.06052837942474874 0.06179048593132397 0.0483357078748537 0.043377618895849936 0.0533889228530595 0.06715139106942009 0.07705603200692944 0.08141038652646679 0.07276404270197193 0.05996535105647403 0.06281162108522952 0.07523122365152757 0.08798442025392884
0.0 0.0 0.0 0.0 0.0 0.0 0.0 0.0 0.0 0.0 0.0 0.005347738009914604 0.008835204410538523 0.007130323353377659 0.0043365731414107735 0.006264836001215876 0.010644928588688752 0.01655978895347725 0.020776507918590283 0.020257734496960538 0.01648493190215552 0.015206775682572551 0.017629916814741003 0.022248456321590174 0.026140194048490377 0.027995978559615654 0.024656856705568643 0.02023055962132424 0.021242373226912227 0.02540420182651587 0.029338612037173865 0.03337159424367439 0.031490112535826724 0.024171168875230832 0.022826553145471034 0.02626943689203382 0.030113059951859148 0.03446421165718886 0.035337411772462274 0.02779987975545507 0.022185384660630605 0.02250751866386297 0.024922658705326832 0.02950677910576664 0.032593686397873606 0.024657000869365123 0.017300862949277643 0.01624760225220194 0.018417375512058517 0.02200096312398482 0.025120523515994284 0.01840793278338914 0.011031575890845477 0.010478058994264289 0.012136303063264192 0.016220319253718286 0.02000069044783845 0.01613320827969584 0.00948296838906787 0.008248782127410998 0.009823879726791626
0.0 0.0 0.0 0.0 0.0 0.0 0.0
0.0 0.0 0.0 0.0 0.0 0.0 0.0 0.0 0.0 0.0 0.0 0.0 0.0 0.0 0.0 0.0 0.1102008758183017 0.3572638118212661 0.5325351520592365
0.0 0.0 0.0 0.0 0.0 0.0 0.0 0.0 0.0 0.0 0.0
0.0 0.0
0.0 0.0 0.0 0.0 0.0 0.0 0.0 0.0 0.0 0.0 0.0 0.0 0.0 0.0 0.0 0.0 0.05280775279396727 0.1672527695011666 0.23684946687693462 0.22565571772484738 0.1680095047806117 0.14942471319873735
0.0 0.0 0.0 0.0 0.0 0.0 0.0 0.0 0.0 0.0 0.0 0.1669483508441535 0.4261553345270775 0.25796287603912066 0.14893322354611788
0.0 0.0 0.0 0.0 0.0 0.0 0.0 0.0 0.0 0.0 0.0 0.0 0.0 0.0 0.0 0.0 0.00036975825593583 0.06817415982367732 0.1052390371438208 0.10231343476922743 0.07305175221792709 0.0627673202117087 0.09286710162100614 0.13862390398442892 0.17316793242963008 0.18342555956832193
0.0
0.0 0.0 0.0 0.0 0.0 0.0 0.0 0.0 0.0 0.0 0.0 0.0 0.026680549937725586 0.0 0.0 0.0 0.08668779298188693 0.24266477128246017 0.32663546677114746 0.31733131799266096
0.0 0.0 0.0 0.0 0.0 0.0 0.0 0.0 0.0 0.0 0.0 0.04219356052433701 0.08802660557965881 0.05288912478096611 0.03652682953493191 0.052164383000623225 0.09166749585978651 0.14360773996929077 0.17664159527279857 0.17308442516384842 0.14319819838565734
0.0 0.0 0.0 0.0 0.0 0.0 0.0
0.0 0.0 0.0 0.0 0.0 0.0 0.0 0.0 0.0
0.0 0.0 0.0 0.0 0.0 0.0 0.0 0.0 0.0 0.0 0.0 0.0 0.0 0.0 0.0 0.0 0.027250519744485325 0.08005354682083508 0.10754757423286664 0.10341349778475287 0.0763398389057484 0.06740398378882898 0.09268731209235163 0.12670458038653643 0.15422946279952418 0.1643696503137655
0.0 0.0 0.0 0.0 0.0 0.0 0.0 0.0 0.0 0.0 0.0 0.0 0.0 0.0 0.0 0.0
